nivel,serie,mes,previsto,previsto_min,previsto_max,modelo,previsto_reconciliado,participacao_pct,metrica,data_base,versao
Total,Total,2026-10-01,357160.264,338453.6016,375866.9263,SARIMAX calendário,328836.053,100.0,faturamento,2026-10-06,v5
Total,Total,2026-11-01,280875.6943,228857.285,332894.1036,SARIMAX calendário,230133.7216,100.0,faturamento,2026-10-06,v5
Total,Total,2026-12-01,213842.407,211145.256,216539.5581,SARIMAX calendário,194271.0789,100.0,faturamento,2026-10-06,v5
Total,Total,2027-01-01,263301.115,212440.9338,314161.2963,SARIMAX calendário,216733.9606,100.0,faturamento,2026-10-06,v5
Canal,COM_NUTRICIONISTA,2026-10-01,322048.9792,315192.865,328905.0935,ARIMA,263738.4628,80.2036,faturamento,2026-10-06,v5
Canal,COM_NUTRICIONISTA,2026-11-01,306295.3485,268626.7374,343963.9597,ARIMA,190043.9014,82.5798,faturamento,2026-10-06,v5
Canal,COM_NUTRICIONISTA,2026-12-01,316048.5637,257818.9092,374278.2182,ARIMA,178100.8398,91.6765,faturamento,2026-10-06,v5
Canal,COM_NUTRICIONISTA,2027-01-01,316008.7523,280635.4495,351382.0552,ARIMA,205098.2273,94.6313,faturamento,2026-10-06,v5
Canal,SEM_NUTRICIONISTA,2026-10-01,79490.1595,77935.4095,81044.9095,ARIMA,65097.5902,19.7964,faturamento,2026-10-06,v5
Canal,SEM_NUTRICIONISTA,2026-11-01,64613.0991,56666.8939,72559.3043,ARIMA,40089.8202,17.4202,faturamento,2026-10-06,v5
Canal,SEM_NUTRICIONISTA,2026-12-01,28694.8722,23408.0502,33981.6942,ARIMA,16170.2391,8.3235,faturamento,2026-10-06,v5
Canal,SEM_NUTRICIONISTA,2027-01-01,17927.9636,15921.148,19934.7792,ARIMA,11635.7333,5.3687,faturamento,2026-10-06,v5
Origem 1P/3P,1P,2026-10-01,291698.8285,-1570024.7211,2153422.3781,ARIMA,210068.9741,63.8826,faturamento,2026-10-06,v5
Origem 1P/3P,1P,2026-11-01,282352.3935,-inf,inf,ARIMA,147054.6232,63.8996,faturamento,2026-10-06,v5
Origem 1P/3P,1P,2026-12-01,291764.14,-inf,inf,ARIMA,124138.5231,63.8996,faturamento,2026-10-06,v5
Origem 1P/3P,1P,2027-01-01,291764.14,-27444182.0467,28027710.3267,ARIMA,138492.2239,63.8996,faturamento,2026-10-06,v5
Origem 1P/3P,3P,2026-10-01,164468.2801,-885304.6691,1214241.2293,ARIMA,118442.995,36.0189,faturamento,2026-10-06,v5
Origem 1P/3P,3P,2026-11-01,159210.4826,-inf,inf,ARIMA,82919.9187,36.0312,faturamento,2026-10-06,v5
Origem 1P/3P,3P,2026-12-01,164517.4987,-inf,inf,ARIMA,69998.1818,36.0312,faturamento,2026-10-06,v5
Origem 1P/3P,3P,2027-01-01,164517.4987,-15474993.5514,15804028.5489,ARIMA,78091.8254,36.0312,faturamento,2026-10-06,v5
Origem 1P/3P,SEM_INFO,2026-10-01,450.0184,-1565.2093,2465.2461,ARIMA,324.0839,0.0986,faturamento,2026-10-06,v5
Origem 1P/3P,SEM_INFO,2026-11-01,305.6331,-inf,inf,ARIMA,159.1797,0.0692,faturamento,2026-10-06,v5
Origem 1P/3P,SEM_INFO,2026-12-01,315.8209,-inf,inf,ARIMA,134.3741,0.0692,faturamento,2026-10-06,v5
Origem 1P/3P,SEM_INFO,2027-01-01,315.8209,-29707.0289,30338.6707,ARIMA,149.9113,0.0692,faturamento,2026-10-06,v5
Região,Sudeste,2026-10-01,357164.3526,338457.4338,375871.2714,SARIMAX calendário,328836.039,100.0,faturamento,2026-10-06,v5
Região,Sudeste,2026-11-01,280851.1373,228918.8405,332783.4341,SARIMAX calendário,230133.4225,99.9999,faturamento,2026-10-06,v5
Região,Sudeste,2026-12-01,213829.0377,211061.7794,216596.2961,SARIMAX calendário,194270.9225,99.9999,faturamento,2026-10-06,v5
Região,Sudeste,2027-01-01,263302.3382,212441.9206,314162.7557,SARIMAX calendário,216733.9597,100.0,faturamento,2026-10-06,v5
Região,Sul,2026-10-01,0.0153,0.0143,0.0162,SARIMAX calendário,0.0141,0.0,faturamento,2026-10-06,v5
Região,Sul,2026-11-01,0.365,0.2975,0.4325,SARIMAX calendário,0.2991,0.0001,faturamento,2026-10-06,v5
Região,Sul,2026-12-01,0.1722,0.17,0.1744,SARIMAX calendário,0.1564,0.0001,faturamento,2026-10-06,v5
Região,Sul,2027-01-01,0.0011,0.0009,0.0013,SARIMAX calendário,0.0009,0.0,faturamento,2026-10-06,v5
UF,RS,2026-10-01,0.0153,0.0144,0.0161,Top-down (pai × part.),0.0141,0.0,faturamento,2026-10-06,v5
UF,RS,2026-11-01,0.365,0.2939,0.4361,Top-down (pai × part.),0.2991,0.0001,faturamento,2026-10-06,v5
UF,RS,2026-12-01,0.1722,0.1641,0.1803,Top-down (pai × part.),0.1564,0.0001,faturamento,2026-10-06,v5
UF,RS,2027-01-01,0.0011,0.0009,0.0013,Top-down (pai × part.),0.0009,0.0,faturamento,2026-10-06,v5
UF,RJ,2026-10-01,30968.6549,29547.8195,32389.4903,Top-down (pai × part.),28512.3914,8.6707,faturamento,2026-10-06,v5
UF,RJ,2026-11-01,24074.6731,19385.4268,28763.9195,Top-down (pai × part.),19727.1301,8.572,faturamento,2026-10-06,v5
UF,RJ,2026-12-01,18329.5116,17467.3174,19191.7059,Top-down (pai × part.),16652.9821,8.572,faturamento,2026-10-06,v5
UF,RJ,2027-01-01,22570.383,18024.3093,27116.4567,Top-down (pai × part.),18578.5227,8.572,faturamento,2026-10-06,v5
UF,SP,2026-10-01,326195.6977,311041.3037,341350.0917,Top-down (pai × part.),300323.6476,91.3293,faturamento,2026-10-06,v5
UF,SP,2026-11-01,256776.4642,206761.7412,306791.1872,Top-down (pai × part.),210406.2924,91.4278,faturamento,2026-10-06,v5
UF,SP,2026-12-01,195499.5261,186303.5057,204695.5465,Top-down (pai × part.),177617.9404,91.4279,faturamento,2026-10-06,v5
UF,SP,2027-01-01,240731.9552,192244.2881,289219.6224,Top-down (pai × part.),198155.437,91.428,faturamento,2026-10-06,v5
Marca,DUX,2026-10-01,112468.9453,89706.3157,135231.575,Combinação top-3,100437.6154,30.5434,faturamento,2026-10-06,v5
Marca,DUX,2026-11-01,88386.6784,52796.016,123977.3408,Combinação top-3,63869.8583,27.7534,faturamento,2026-10-06,v5
Marca,DUX,2026-12-01,67830.4942,48965.8642,86695.1242,Combinação top-3,47199.3121,24.2956,faturamento,2026-10-06,v5
Marca,DUX,2027-01-01,72773.6828,41040.9482,104506.4174,Combinação top-3,51745.1492,23.875,faturamento,2026-10-06,v5
Marca,VITAFOR,2026-10-01,84388.7629,67880.611,100896.9148,Combinação top-3,75361.3016,22.9176,faturamento,2026-10-06,v5
Marca,VITAFOR,2026-11-01,75081.1049,44848.1975,105314.0122,Combinação top-3,54255.0032,23.5754,faturamento,2026-10-06,v5
Marca,VITAFOR,2026-12-01,71424.0657,51560.0121,91288.1193,Combinação top-3,49699.8704,25.5827,faturamento,2026-10-06,v5
Marca,VITAFOR,2027-01-01,75759.7812,42724.9678,108794.5945,Combinação top-3,53868.3907,24.8546,faturamento,2026-10-06,v5
Marca,ESSENTIAL,2026-10-01,26467.6078,20822.9135,32112.3021,Combinação top-3,23636.2438,7.1879,faturamento,2026-10-06,v5
Marca,ESSENTIAL,2026-11-01,26895.7253,16065.624,37725.8265,Combinação top-3,19435.3515,8.4452,faturamento,2026-10-06,v5
Marca,ESSENTIAL,2026-12-01,18781.4974,13558.0945,24004.9003,Combinação top-3,13068.9562,6.7272,faturamento,2026-10-06,v5
Marca,ESSENTIAL,2027-01-01,28457.618,16048.7635,40866.4724,Combinação top-3,20234.5632,9.3361,faturamento,2026-10-06,v5
Marca,NUTRIFY,2026-10-01,17424.6124,13940.855,20908.3698,Combinação top-3,15560.62,4.732,faturamento,2026-10-06,v5
Marca,NUTRIFY,2026-11-01,16272.6165,9720.1223,22825.1107,Combinação top-3,11758.8954,5.1096,faturamento,2026-10-06,v5
Marca,NUTRIFY,2026-12-01,16837.6532,12154.8612,21520.4452,Combinação top-3,11716.3476,6.0309,faturamento,2026-10-06,v5
Marca,NUTRIFY,2027-01-01,16857.2845,9506.7188,24207.8502,Combinação top-3,11986.2383,5.5304,faturamento,2026-10-06,v5
Marca,TRUE SOURCE,2026-10-01,20367.1838,16291.9264,24442.4411,Combinação top-3,18188.4107,5.5311,faturamento,2026-10-06,v5
Marca,TRUE SOURCE,2026-11-01,19171.7375,11451.8543,26891.6207,Combinação top-3,13853.8542,6.0199,faturamento,2026-10-06,v5
Marca,TRUE SOURCE,2026-12-01,20227.6002,14602.0155,25853.185,Combinação top-3,14075.2154,7.2451,faturamento,2026-10-06,v5
Marca,TRUE SOURCE,2027-01-01,20672.4874,11658.3145,29686.6603,Combinação top-3,14699.008,6.7821,faturamento,2026-10-06,v5
Marca,EQUALIV,2026-10-01,13727.7181,11019.1327,16436.3035,Combinação top-3,12259.1998,3.7281,faturamento,2026-10-06,v5
Marca,EQUALIV,2026-11-01,11547.7703,6897.8298,16197.7107,Combinação top-3,8344.6336,3.626,faturamento,2026-10-06,v5
Marca,EQUALIV,2026-12-01,11197.0934,8083.0217,14311.1652,Combinação top-3,7791.4088,4.0106,faturamento,2026-10-06,v5
Marca,EQUALIV,2027-01-01,11200.1957,6316.3857,16084.0056,Combinação top-3,7963.8102,3.6745,faturamento,2026-10-06,v5
Marca,PURAVIDA,2026-10-01,15840.0146,12694.94,18985.0892,Combinação top-3,14145.5341,4.3017,faturamento,2026-10-06,v5
Marca,PURAVIDA,2026-11-01,11297.0718,6748.0801,15846.0636,Combinação top-3,8163.4743,3.5473,faturamento,2026-10-06,v5
Marca,PURAVIDA,2026-12-01,9130.4681,6591.1544,11669.7818,Combinação top-3,6353.3639,3.2704,faturamento,2026-10-06,v5
Marca,PURAVIDA,2027-01-01,9694.5417,5467.2674,13921.816,Combinação top-3,6893.2269,3.1805,faturamento,2026-10-06,v5
Marca,CAFFEINE ARMY,2026-10-01,7674.4003,6137.4725,9211.3281,Combinação top-3,6853.4337,2.0841,faturamento,2026-10-06,v5
Marca,CAFFEINE ARMY,2026-11-01,7099.6033,4240.8061,9958.4004,Combinação top-3,5130.3054,2.2293,faturamento,2026-10-06,v5
Marca,CAFFEINE ARMY,2026-12-01,7186.0904,5187.536,9184.6449,Combinação top-3,5000.3841,2.5739,faturamento,2026-10-06,v5
Marca,CAFFEINE ARMY,2027-01-01,7815.0328,4407.3124,11222.7531,Combinação top-3,5556.817,2.5639,faturamento,2026-10-06,v5
Marca,OCEAN DROP,2026-10-01,9976.2031,7936.617,12015.7892,Combinação top-3,8909.0019,2.7093,faturamento,2026-10-06,v5
Marca,OCEAN DROP,2026-11-01,9383.4309,5605.0049,13161.8569,Combinação top-3,6780.6418,2.9464,faturamento,2026-10-06,v5
Marca,OCEAN DROP,2026-12-01,8771.2167,6331.8159,11210.6174,Combinação top-3,6103.3816,3.1417,faturamento,2026-10-06,v5
Marca,OCEAN DROP,2027-01-01,9686.8349,5462.9211,13910.7486,Combinação top-3,6887.747,3.178,faturamento,2026-10-06,v5
Marca,CENTRAL NUTRITION,2026-10-01,8997.6362,7259.014,10736.2585,Combinação top-3,8035.1169,2.4435,faturamento,2026-10-06,v5
Marca,CENTRAL NUTRITION,2026-11-01,11391.4205,6804.4374,15978.4036,Combinação top-3,8231.6524,3.5769,faturamento,2026-10-06,v5
Marca,CENTRAL NUTRITION,2026-12-01,9697.0289,7000.1465,12393.9112,Combinação top-3,6747.6007,3.4733,faturamento,2026-10-06,v5
Marca,CENTRAL NUTRITION,2027-01-01,9955.6918,5614.5438,14296.8398,Combinação top-3,7078.9156,3.2662,faturamento,2026-10-06,v5
Marca,ADAPTOGEN,2026-10-01,7646.7967,6114.3333,9179.2601,Combinação top-3,6828.783,2.0767,faturamento,2026-10-06,v5
Marca,ADAPTOGEN,2026-11-01,6999.755,4181.1638,9818.3462,Combinação top-3,5058.1532,2.1979,faturamento,2026-10-06,v5
Marca,ADAPTOGEN,2026-12-01,7156.4325,5166.1263,9146.7386,Combinação top-3,4979.7469,2.5633,faturamento,2026-10-06,v5
Marca,ADAPTOGEN,2027-01-01,7121.1349,4015.9865,10226.2833,Combinação top-3,5063.4264,2.3362,faturamento,2026-10-06,v5
Marca,ATLHETICA NUTRITION,2026-10-01,6984.3062,5592.5316,8376.0809,Combinação top-3,6237.1623,1.8967,faturamento,2026-10-06,v5
Marca,ATLHETICA NUTRITION,2026-11-01,6654.1469,3974.7217,9333.5722,Combinação top-3,4808.4104,2.0894,faturamento,2026-10-06,v5
Marca,ATLHETICA NUTRITION,2026-12-01,6304.7257,4551.2913,8058.16,Combinação top-3,4387.0934,2.2582,faturamento,2026-10-06,v5
Marca,ATLHETICA NUTRITION,2027-01-01,6381.6623,3598.9586,9164.3659,Combinação top-3,4537.6303,2.0936,faturamento,2026-10-06,v5
Marca,OUTROS,2026-10-01,36262.8352,29152.1501,43373.5202,Combinação top-3,32383.6298,9.848,faturamento,2026-10-06,v5
Marca,OUTROS,2026-11-01,28290.8408,16898.9684,39682.7132,Combinação top-3,20443.4879,8.8833,faturamento,2026-10-06,v5
Marca,OUTROS,2026-12-01,24644.0941,17790.2193,31497.9689,Combinação top-3,17148.3977,8.827,faturamento,2026-10-06,v5
Marca,OUTROS,2027-01-01,28435.7834,16036.4498,40835.117,Combinação top-3,20219.0379,9.329,faturamento,2026-10-06,v5
Produto,Beef Protein,2026-10-01,1197.708,811.9511,1583.4649,ARIMA,1158.7436,0.3524,faturamento,2026-10-06,v5
Produto,Beef Protein,2026-11-01,695.8978,270.9636,1120.832,ARIMA,533.6266,0.2319,faturamento,2026-10-06,v5
Produto,Beef Protein,2026-12-01,719.0944,251.8225,1186.3663,ARIMA,452.4996,0.2329,faturamento,2026-10-06,v5
Produto,Beef Protein,2027-01-01,719.0944,309.0028,1129.186,ARIMA,505.2811,0.2331,faturamento,2026-10-06,v5
Produto,Coenzima Q10 (200mg p/ porção),2026-10-01,2783.7185,1507.2755,4060.1615,ARIMA,2693.1573,0.819,faturamento,2026-10-06,v5
Produto,Coenzima Q10 (200mg p/ porção),2026-11-01,2302.6777,896.5998,3708.7556,ARIMA,1765.7336,0.7673,faturamento,2026-10-06,v5
Produto,Coenzima Q10 (200mg p/ porção),2026-12-01,2379.4336,833.2631,3925.6042,ARIMA,1497.2899,0.7707,faturamento,2026-10-06,v5
Produto,Coenzima Q10 (200mg p/ porção),2027-01-01,2379.4336,1022.469,3736.3983,ARIMA,1671.9404,0.7714,faturamento,2026-10-06,v5
Produto,Colágeno - Colagentek Protein - Bodybalance,2026-10-01,3128.9908,1469.1217,4788.8599,ARIMA,3027.1971,0.9206,faturamento,2026-10-06,v5
Produto,Colágeno - Colagentek Protein - Bodybalance,2026-11-01,2918.5674,1136.4104,4700.7243,ARIMA,2238.0085,0.9725,faturamento,2026-10-06,v5
Produto,Colágeno - Colagentek Protein - Bodybalance,2026-12-01,2995.9886,1049.1768,4942.8003,ARIMA,1885.2652,0.9704,faturamento,2026-10-06,v5
Produto,Colágeno - Colagentek Protein - Bodybalance,2027-01-01,2991.6419,1285.5416,4697.7422,ARIMA,2102.1166,0.9699,faturamento,2026-10-06,v5
Produto,Colágeno Hidrolisado - Collagen Pro 18g,2026-10-01,2019.8799,1014.9802,3024.7796,ARIMA,1954.1682,0.5943,faturamento,2026-10-06,v5
Produto,Colágeno Hidrolisado - Collagen Pro 18g,2026-11-01,1710.0677,665.8537,2754.2817,ARIMA,1311.3098,0.5698,faturamento,2026-10-06,v5
Produto,Colágeno Hidrolisado - Collagen Pro 18g,2026-12-01,1759.5367,616.179,2902.8944,ARIMA,1107.2116,0.5699,faturamento,2026-10-06,v5
Produto,Colágeno Hidrolisado - Collagen Pro 18g,2027-01-01,1759.2088,755.9515,2762.466,ARIMA,1236.1312,0.5703,faturamento,2026-10-06,v5
Produto,Creatina - Creafort (Creapure),2026-10-01,5525.3029,2994.9367,8055.6692,ARIMA,5345.5512,1.6256,faturamento,2026-10-06,v5
Produto,Creatina - Creafort (Creapure),2026-11-01,4536.7559,1766.4889,7307.023,ARIMA,3478.8638,1.5117,faturamento,2026-10-06,v5
Produto,Creatina - Creafort (Creapure),2026-12-01,4687.9824,1641.7027,7734.2622,ARIMA,2949.9746,1.5185,faturamento,2026-10-06,v5
Produto,Creatina - Creafort (Creapure),2027-01-01,4687.9824,2014.4779,7361.487,ARIMA,3294.0726,1.5199,faturamento,2026-10-06,v5
Produto,Creatina Monohidratada,2026-10-01,8902.5586,4111.7453,13693.372,ARIMA,8612.9365,2.6192,faturamento,2026-10-06,v5
Produto,Creatina Monohidratada,2026-11-01,8881.1603,3458.0813,14304.2392,ARIMA,6810.2291,2.9592,faturamento,2026-10-06,v5
Produto,Creatina Monohidratada,2026-12-01,9229.0138,3231.9441,15226.0835,ARIMA,5807.4782,2.9894,faturamento,2026-10-06,v5
Produto,Creatina Monohidratada,2027-01-01,9237.9684,3969.6573,14506.2795,ARIMA,6491.1801,2.995,faturamento,2026-10-06,v5
Produto,Creatina Monohidratada (Creapure),2026-10-01,1405.625,814.254,1996.9959,ARIMA,1359.8965,0.4135,faturamento,2026-10-06,v5
Produto,Creatina Monohidratada (Creapure),2026-11-01,1066.8214,415.3911,1718.2517,ARIMA,818.0573,0.3555,faturamento,2026-10-06,v5
Produto,Creatina Monohidratada (Creapure),2026-12-01,1102.3821,386.0475,1818.7167,ARIMA,693.6884,0.3571,faturamento,2026-10-06,v5
Produto,Creatina Monohidratada (Creapure),2027-01-01,1102.3821,473.7058,1731.0584,ARIMA,774.6033,0.3574,faturamento,2026-10-06,v5
Produto,Fresh Whey,2026-10-01,9256.0628,4937.6362,13574.4893,ARIMA,8954.9402,2.7232,faturamento,2026-10-06,v5
Produto,Fresh Whey,2026-11-01,7420.2819,2889.2552,11951.3086,ARIMA,5690.002,2.4725,faturamento,2026-10-06,v5
Produto,Fresh Whey,2026-12-01,7602.9324,2662.5003,12543.3645,ARIMA,4784.2452,2.4627,faturamento,2026-10-06,v5
Produto,Fresh Whey,2027-01-01,7593.6801,3263.0884,11924.2718,ARIMA,5335.7993,2.4619,faturamento,2026-10-06,v5
Produto,Magnésio - Inositol Relief 3.0,2026-10-01,1776.4964,1056.0687,2496.9241,ARIMA,1718.7026,0.5227,faturamento,2026-10-06,v5
Produto,Magnésio - Inositol Relief 3.0,2026-11-01,1299.6372,506.0433,2093.2312,ARIMA,996.5846,0.433,faturamento,2026-10-06,v5
Produto,Magnésio - Inositol Relief 3.0,2026-12-01,1342.9585,470.2958,2215.6211,ARIMA,845.0743,0.435,faturamento,2026-10-06,v5
Produto,Magnésio - Inositol Relief 3.0,2027-01-01,1342.9585,577.0841,2108.8328,ARIMA,943.6475,0.4354,faturamento,2026-10-06,v5
Produto,OUTROS,2026-10-01,172546.6055,82697.5819,262395.6292,ARIMA,166933.2392,50.7649,faturamento,2026-10-06,v5
Produto,OUTROS,2026-11-01,149851.9836,58348.271,241355.6962,ARIMA,114909.1229,49.9315,faturamento,2026-10-06,v5
Produto,OUTROS,2026-12-01,153415.6168,53725.2089,253106.0248,ARIMA,96538.7937,49.6928,faturamento,2026-10-06,v5
Produto,OUTROS,2027-01-01,153280.9537,65866.5223,240695.3852,ARIMA,107704.8797,49.6945,faturamento,2026-10-06,v5
Produto,Omegafor Plus,2026-10-01,14884.3992,7290.489,22478.3094,ARIMA,14400.173,4.3791,faturamento,2026-10-06,v5
Produto,Omegafor Plus,2026-11-01,13699.2626,5334.1188,22064.4063,ARIMA,10504.8342,4.5647,faturamento,2026-10-06,v5
Produto,Omegafor Plus,2026-12-01,14155.9047,4957.3111,23354.4983,ARIMA,8907.7891,4.5852,faturamento,2026-10-06,v5
Produto,Omegafor Plus,2027-01-01,14155.9047,6082.9489,22228.8604,ARIMA,9946.8327,4.5894,faturamento,2026-10-06,v5
Produto,Probiótico - Simfort Plus,2026-10-01,2549.011,1197.0131,3901.009,ARIMA,2466.0854,0.7499,faturamento,2026-10-06,v5
Produto,Probiótico - Simfort Plus,2026-11-01,2438.9773,949.6712,3928.2835,ARIMA,1870.2505,0.8127,faturamento,2026-10-06,v5
Produto,Probiótico - Simfort Plus,2026-12-01,2520.2766,882.5854,4157.9677,ARIMA,1585.9172,0.8163,faturamento,2026-10-06,v5
Produto,Probiótico - Simfort Plus,2027-01-01,2520.2766,1082.9907,3957.5624,ARIMA,1770.9055,0.8171,faturamento,2026-10-06,v5
Produto,Proteína Isolada e Hidrolisada - Body Protein,2026-10-01,3995.0879,1998.7952,5991.3807,ARIMA,3865.1179,1.1754,faturamento,2026-10-06,v5
Produto,Proteína Isolada e Hidrolisada - Body Protein,2026-11-01,3601.2723,1402.2371,5800.3075,ARIMA,2761.5186,1.2,faturamento,2026-10-06,v5
Produto,Proteína Isolada e Hidrolisada - Body Protein,2026-12-01,3721.3147,1303.1816,6139.4478,ARIMA,2341.6862,1.2054,faturamento,2026-10-06,v5
Produto,Proteína Isolada e Hidrolisada - Body Protein,2027-01-01,3721.3147,1599.0901,5843.5393,ARIMA,2614.8308,1.2065,faturamento,2026-10-06,v5
Produto,Refil Whey Protein Concentrado,2026-10-01,3131.1431,1607.8762,4654.4099,ARIMA,3029.2793,0.9212,faturamento,2026-10-06,v5
Produto,Refil Whey Protein Concentrado,2026-11-01,2815.2719,1096.19,4534.3538,ARIMA,2158.7997,0.9381,faturamento,2026-10-06,v5
Produto,Refil Whey Protein Concentrado,2026-12-01,2909.1425,1018.7639,4799.5212,ARIMA,1830.6162,0.9423,faturamento,2026-10-06,v5
Produto,Refil Whey Protein Concentrado,2027-01-01,2909.1428,1250.0909,4568.1947,ARIMA,2044.1475,0.9432,faturamento,2026-10-06,v5
Produto,Super Ômega 3,2026-10-01,3495.0108,1504.1857,5485.8359,ARIMA,3381.3094,1.0283,faturamento,2026-10-06,v5
Produto,Super Ômega 3,2026-11-01,3778.4084,1471.2091,6085.6077,ARIMA,2897.3497,1.259,faturamento,2026-10-06,v5
Produto,Super Ômega 3,2026-12-01,3943.781,1381.0879,6506.474,ARIMA,2481.676,1.2774,faturamento,2026-10-06,v5
Produto,Super Ômega 3,2027-01-01,3950.2824,1697.48,6203.0847,ARIMA,2775.7179,1.2807,faturamento,2026-10-06,v5
Produto,SuperCoffee,2026-10-01,5621.9866,2831.3787,8412.5944,ARIMA,5439.0895,1.654,faturamento,2026-10-06,v5
Produto,SuperCoffee,2026-11-01,5147.3636,2004.2429,8290.4844,ARIMA,3947.0885,1.7151,faturamento,2026-10-06,v5
Produto,SuperCoffee,2026-12-01,5319.0559,1862.7008,8775.411,ARIMA,3347.0858,1.7229,faturamento,2026-10-06,v5
Produto,SuperCoffee,2027-01-01,5319.0571,2285.6577,8352.4565,ARIMA,3737.5055,1.7245,faturamento,2026-10-06,v5
Produto,SuperCoffee Língua de gato - Kopenhagen,2026-10-01,1538.4682,671.8062,2405.1301,ARIMA,1488.418,0.4526,faturamento,2026-10-06,v5
Produto,SuperCoffee Língua de gato - Kopenhagen,2026-11-01,867.7149,337.8645,1397.5653,ARIMA,665.3789,0.2891,faturamento,2026-10-06,v5
Produto,SuperCoffee Língua de gato - Kopenhagen,2026-12-01,983.4432,344.3958,1622.4905,ARIMA,618.8445,0.3185,faturamento,2026-10-06,v5
Produto,SuperCoffee Língua de gato - Kopenhagen,2027-01-01,968.4209,416.1412,1520.7006,ARIMA,680.4737,0.314,faturamento,2026-10-06,v5
Produto,Suplemento Alimentar - GUARDIAN®,2026-10-01,3053.0627,1475.2183,4630.9071,ARIMA,2953.7391,0.8982,faturamento,2026-10-06,v5
Produto,Suplemento Alimentar - GUARDIAN®,2026-11-01,2846.3998,1108.3104,4584.4893,ARIMA,2182.6692,0.9484,faturamento,2026-10-06,v5
Produto,Suplemento Alimentar - GUARDIAN®,2026-12-01,2941.2798,1030.0182,4852.5415,ARIMA,1850.839,0.9527,faturamento,2026-10-06,v5
Produto,Suplemento Alimentar - GUARDIAN®,2027-01-01,2941.2798,1263.9005,4618.6592,ARIMA,2066.729,0.9536,faturamento,2026-10-06,v5
Produto,Tasty Whey 3W Gourmet,2026-10-01,3631.043,1760.4964,5501.5896,ARIMA,3512.9162,1.0683,faturamento,2026-10-06,v5
Produto,Tasty Whey 3W Gourmet,2026-11-01,3278.5735,1276.587,5280.5599,ARIMA,2514.0675,1.0924,faturamento,2026-10-06,v5
Produto,Tasty Whey 3W Gourmet,2026-12-01,3387.262,1186.1984,5588.3257,ARIMA,2131.4792,1.0972,faturamento,2026-10-06,v5
Produto,Tasty Whey 3W Gourmet,2027-01-01,3387.2602,1455.5432,5318.9772,ARIMA,2380.103,1.0982,faturamento,2026-10-06,v5
Produto,Whey,2026-10-01,3844.7319,1680.7405,6008.7233,ARIMA,3719.6533,1.1312,faturamento,2026-10-06,v5
Produto,Whey,2026-11-01,4329.6489,1685.8471,6973.4507,ARIMA,3320.0505,1.4427,faturamento,2026-10-06,v5
Produto,Whey,2026-12-01,4510.4562,1579.5341,7441.3783,ARIMA,2838.2638,1.461,faturamento,2026-10-06,v5
Produto,Whey,2027-01-01,4512.5681,1939.1005,7086.0357,ARIMA,3170.8154,1.463,faturamento,2026-10-06,v5
Produto,Whey Fort 3W,2026-10-01,3388.5798,1814.9572,4962.2025,ARIMA,3278.341,0.997,faturamento,2026-10-06,v5
Produto,Whey Fort 3W,2026-11-01,2838.784,1105.345,4572.2229,ARIMA,2176.8292,0.9459,faturamento,2026-10-06,v5
Produto,Whey Fort 3W,2026-12-01,2933.4101,1027.2622,4839.5579,ARIMA,1845.8869,0.9502,faturamento,2026-10-06,v5
Produto,Whey Fort 3W,2027-01-01,2933.4101,1260.5188,4606.3014,ARIMA,2061.1992,0.951,faturamento,2026-10-06,v5
Produto,Whey Protein Concentrado,2026-10-01,38812.3335,19064.8786,58559.7884,ARIMA,37549.6726,11.419,faturamento,2026-10-06,v5
Produto,Whey Protein Concentrado,2026-11-01,36822.8062,14337.7954,59307.8171,ARIMA,28236.3721,12.2696,faturamento,2026-10-06,v5
Produto,Whey Protein Concentrado,2026-12-01,38117.4558,13348.4994,62886.4121,ARIMA,23985.9101,12.3466,faturamento,2026-10-06,v5
Produto,Whey Protein Concentrado,2027-01-01,38013.2426,16334.7111,59691.7741,ARIMA,26710.5053,12.3241,faturamento,2026-10-06,v5
Produto,Whey Protein Isolado,2026-10-01,30409.494,14622.6182,46196.3697,ARIMA,29420.1982,8.9468,faturamento,2026-10-06,v5
Produto,Whey Protein Isolado,2026-11-01,28479.2092,11089.0265,45869.3918,ARIMA,21838.3559,9.4894,faturamento,2026-10-06,v5
Produto,Whey Protein Isolado,2026-12-01,29428.5161,10305.686,48551.3462,ARIMA,18518.2806,9.5322,faturamento,2026-10-06,v5
Produto,Whey Protein Isolado,2027-01-01,29428.5161,12645.7591,46211.2732,ARIMA,20678.3342,9.5409,faturamento,2026-10-06,v5
Produto,Whey Protein Isolado - Isofort,2026-10-01,3939.8105,3112.4236,4767.1973,ARIMA,3811.6387,1.1591,faturamento,2026-10-06,v5
Produto,Whey Protein Isolado - Isofort,2026-11-01,1492.5894,581.1736,2404.0052,ARIMA,1144.5437,0.4973,faturamento,2026-10-06,v5
Produto,Whey Protein Isolado - Isofort,2026-12-01,1542.3424,540.1188,2544.5659,ARIMA,970.5392,0.4996,faturamento,2026-10-06,v5
Produto,Whey Protein Isolado - Isofort,2027-01-01,1542.3424,662.7616,2421.9232,ARIMA,1083.7472,0.5,faturamento,2026-10-06,v5
Produto,Whey hidrolisado e isolado,2026-10-01,3147.1105,1804.2233,4489.9977,ARIMA,3044.7272,0.9259,faturamento,2026-10-06,v5
Produto,Whey hidrolisado e isolado,2026-11-01,2249.232,875.7895,3622.6745,ARIMA,1724.7504,0.7495,faturamento,2026-10-06,v5
Produto,Whey hidrolisado e isolado,2026-12-01,2323.9094,813.8188,3834.0,ARIMA,1462.3506,0.7527,faturamento,2026-10-06,v5
Produto,Whey hidrolisado e isolado,2027-01-01,2323.9092,998.6095,3649.209,ARIMA,1632.9254,0.7534,faturamento,2026-10-06,v5
Produto,Ômega 3 EPA DHA,2026-10-01,5909.4096,2992.6502,8826.1689,ARIMA,5717.1619,1.7386,faturamento,2026-10-06,v5
Produto,Ômega 3 EPA DHA,2026-11-01,4746.0117,1847.9674,7644.056,ARIMA,3639.3248,1.5814,faturamento,2026-10-06,v5
Produto,Ômega 3 EPA DHA,2026-12-01,4755.3935,1665.3097,7845.4773,ARIMA,2992.3939,1.5403,faturamento,2026-10-06,v5
Produto,Ômega 3 EPA DHA,2027-01-01,4724.2222,2030.0505,7418.3938,ARIMA,3319.5369,1.5316,faturamento,2026-10-06,v5
Total,Total,2026-10-01,357160.264,338453.6016,375866.9263,SARIMAX calendário,383758.3057,100.0,faturamento,2026-10-07,v5
Total,Total,2026-11-01,280875.6943,228857.285,332894.1036,SARIMAX calendário,276602.8304,100.0,faturamento,2026-10-07,v5
Total,Total,2026-12-01,213842.407,211145.256,216539.5581,SARIMAX calendário,225961.5565,100.0,faturamento,2026-10-07,v5
Total,Total,2027-01-01,263301.115,212440.9338,314161.2963,SARIMAX calendário,254392.7713,100.0,faturamento,2026-10-07,v5
Canal,COM_NUTRICIONISTA,2026-10-01,322048.9792,315192.865,328905.0935,ARIMA,307788.1051,80.2036,faturamento,2026-10-07,v5
Canal,COM_NUTRICIONISTA,2026-11-01,306295.3485,268626.7374,343963.9597,ARIMA,228417.9853,82.5798,faturamento,2026-10-07,v5
Canal,COM_NUTRICIONISTA,2026-12-01,316048.5637,257818.9092,374278.2182,ARIMA,207153.5465,91.6765,faturamento,2026-10-07,v5
Canal,COM_NUTRICIONISTA,2027-01-01,316008.7523,280635.4495,351382.0552,ARIMA,240735.2604,94.6313,faturamento,2026-10-07,v5
Canal,SEM_NUTRICIONISTA,2026-10-01,79490.1595,77935.4095,81044.9095,ARIMA,75970.2007,19.7964,faturamento,2026-10-07,v5
Canal,SEM_NUTRICIONISTA,2026-11-01,64613.0991,56666.8939,72559.3043,ARIMA,48184.8451,17.4202,faturamento,2026-10-07,v5
Canal,SEM_NUTRICIONISTA,2026-12-01,28694.8722,23408.0502,33981.6942,ARIMA,18808.01,8.3235,faturamento,2026-10-07,v5
Canal,SEM_NUTRICIONISTA,2027-01-01,17927.9636,15921.148,19934.7792,ARIMA,13657.5109,5.3687,faturamento,2026-10-07,v5
Origem 1P/3P,1P,2026-10-01,291698.8285,-1570024.7211,2153422.3781,ARIMA,245154.7294,63.8826,faturamento,2026-10-07,v5
Origem 1P/3P,1P,2026-11-01,282352.3935,-inf,inf,ARIMA,176748.2171,63.8996,faturamento,2026-10-07,v5
Origem 1P/3P,1P,2026-12-01,291764.14,-inf,inf,ARIMA,144388.6246,63.8996,faturamento,2026-10-07,v5
Origem 1P/3P,1P,2027-01-01,291764.14,-27444182.0467,28027710.3267,ARIMA,162556.069,63.8996,faturamento,2026-10-07,v5
Origem 1P/3P,3P,2026-10-01,164468.2801,-885304.6691,1214241.2293,ARIMA,138225.3639,36.0189,faturamento,2026-10-07,v5
Origem 1P/3P,3P,2026-11-01,159210.4826,-inf,inf,ARIMA,99663.2917,36.0312,faturamento,2026-10-07,v5
Origem 1P/3P,3P,2026-12-01,164517.4987,-inf,inf,ARIMA,81416.638,36.0312,faturamento,2026-10-07,v5
Origem 1P/3P,3P,2027-01-01,164517.4987,-15474993.5514,15804028.5489,ARIMA,91660.7431,36.0312,faturamento,2026-10-07,v5
Origem 1P/3P,SEM_INFO,2026-10-01,450.0184,-1565.2093,2465.2461,ARIMA,378.2125,0.0986,faturamento,2026-10-07,v5
Origem 1P/3P,SEM_INFO,2026-11-01,305.6331,-inf,inf,ARIMA,191.3216,0.0692,faturamento,2026-10-07,v5
Origem 1P/3P,SEM_INFO,2026-12-01,315.8209,-inf,inf,ARIMA,156.2939,0.0692,faturamento,2026-10-07,v5
Origem 1P/3P,SEM_INFO,2027-01-01,315.8209,-29707.0289,30338.6707,ARIMA,175.9593,0.0692,faturamento,2026-10-07,v5
Região,Sudeste,2026-10-01,357164.3526,338457.4338,375871.2714,SARIMAX calendário,383758.2893,100.0,faturamento,2026-10-07,v5
Região,Sudeste,2026-11-01,280851.1373,228918.8405,332783.4341,SARIMAX calendário,276602.4709,99.9999,faturamento,2026-10-07,v5
Região,Sudeste,2026-12-01,213829.0377,211061.7794,216596.2961,SARIMAX calendário,225961.3745,99.9999,faturamento,2026-10-07,v5
Região,Sudeste,2027-01-01,263302.3382,212441.9206,314162.7557,SARIMAX calendário,254392.7702,100.0,faturamento,2026-10-07,v5
Região,Sul,2026-10-01,0.0153,0.0143,0.0162,SARIMAX calendário,0.0164,0.0,faturamento,2026-10-07,v5
Região,Sul,2026-11-01,0.365,0.2975,0.4325,SARIMAX calendário,0.3595,0.0001,faturamento,2026-10-07,v5
Região,Sul,2026-12-01,0.1722,0.17,0.1744,SARIMAX calendário,0.182,0.0001,faturamento,2026-10-07,v5
Região,Sul,2027-01-01,0.0011,0.0009,0.0013,SARIMAX calendário,0.0011,0.0,faturamento,2026-10-07,v5
UF,RS,2026-10-01,0.0153,0.0144,0.0161,Top-down (pai × part.),0.0164,0.0,faturamento,2026-10-07,v5
UF,RS,2026-11-01,0.365,0.2939,0.4361,Top-down (pai × part.),0.3595,0.0001,faturamento,2026-10-07,v5
UF,RS,2026-12-01,0.1722,0.1641,0.1803,Top-down (pai × part.),0.182,0.0001,faturamento,2026-10-07,v5
UF,RS,2027-01-01,0.0011,0.0009,0.0013,Top-down (pai × part.),0.0011,0.0,faturamento,2026-10-07,v5
UF,RJ,2026-10-01,30968.6549,29547.8195,32389.4903,Top-down (pai × part.),33274.5358,8.6707,faturamento,2026-10-07,v5
UF,RJ,2026-11-01,24074.6731,19385.4268,28763.9195,Top-down (pai × part.),23710.4757,8.572,faturamento,2026-10-07,v5
UF,RJ,2026-12-01,18329.5116,17467.3174,19191.7059,Top-down (pai × part.),19369.5005,8.572,faturamento,2026-10-07,v5
UF,RJ,2027-01-01,22570.383,18024.3093,27116.4567,Top-down (pai × part.),21806.6512,8.572,faturamento,2026-10-07,v5
UF,SP,2026-10-01,326195.6977,311041.3037,341350.0917,Top-down (pai × part.),350483.7536,91.3293,faturamento,2026-10-07,v5
UF,SP,2026-11-01,256776.4642,206761.7412,306791.1872,Top-down (pai × part.),252891.9952,91.4278,faturamento,2026-10-07,v5
UF,SP,2026-12-01,195499.5261,186303.5057,204695.5465,Top-down (pai × part.),206591.874,91.4279,faturamento,2026-10-07,v5
UF,SP,2027-01-01,240731.9552,192244.2881,289219.6224,Top-down (pai × part.),232586.119,91.428,faturamento,2026-10-07,v5
Marca,DUX,2026-10-01,112468.9453,89706.3157,135231.575,Combinação top-3,117212.7227,30.5434,faturamento,2026-10-07,v5
Marca,DUX,2026-11-01,88386.6784,52796.016,123977.3408,Combinação top-3,76766.6009,27.7534,faturamento,2026-10-07,v5
Marca,DUX,2026-12-01,67830.4942,48965.8642,86695.1242,Combinação top-3,54898.7018,24.2956,faturamento,2026-10-07,v5
Marca,DUX,2027-01-01,72773.6828,41041.536,104505.8296,Combinação top-3,60736.1756,23.875,faturamento,2026-10-07,v5
Marca,VITAFOR,2026-10-01,84388.7629,67880.611,100896.9148,Combinação top-3,87948.1588,22.9176,faturamento,2026-10-07,v5
Marca,VITAFOR,2026-11-01,75081.1049,44848.1975,105314.0122,Combinação top-3,65210.2932,23.5754,faturamento,2026-10-07,v5
Marca,VITAFOR,2026-12-01,71424.0657,51560.0121,91288.1193,Combinação top-3,57807.1638,25.5827,faturamento,2026-10-07,v5
Marca,VITAFOR,2027-01-01,75759.7812,42725.5797,108793.9826,Combinação top-3,63228.343,24.8546,faturamento,2026-10-07,v5
Marca,ESSENTIAL,2026-10-01,26467.6078,20822.9135,32112.3021,Combinação top-3,27583.9732,7.1879,faturamento,2026-10-07,v5
Marca,ESSENTIAL,2026-11-01,26895.7253,16065.624,37725.8265,Combinação top-3,23359.7805,8.4452,faturamento,2026-10-07,v5
Marca,ESSENTIAL,2026-12-01,18781.4974,13558.0945,24004.9003,Combinação top-3,15200.8302,6.7272,faturamento,2026-10-07,v5
Marca,ESSENTIAL,2027-01-01,28457.618,16048.9934,40866.2426,Combinação top-3,23750.4386,9.3361,faturamento,2026-10-07,v5
Marca,NUTRIFY,2026-10-01,17424.6124,13940.855,20908.3698,Combinação top-3,18159.5573,4.732,faturamento,2026-10-07,v5
Marca,NUTRIFY,2026-11-01,16272.6165,9720.1223,22825.1107,Combinação top-3,14133.2775,5.1096,faturamento,2026-10-07,v5
Marca,NUTRIFY,2026-12-01,16837.6532,12154.8612,21520.4452,Combinação top-3,13627.5773,6.0309,faturamento,2026-10-07,v5
Marca,NUTRIFY,2027-01-01,16857.2845,9506.855,24207.7141,Combinação top-3,14068.9182,5.5304,faturamento,2026-10-07,v5
Marca,TRUE SOURCE,2026-10-01,20367.1838,16291.9264,24442.4411,Combinação top-3,21226.2421,5.5311,faturamento,2026-10-07,v5
Marca,TRUE SOURCE,2026-11-01,19171.7375,11451.8543,26891.6207,Combinação top-3,16651.255,6.0199,faturamento,2026-10-07,v5
Marca,TRUE SOURCE,2026-12-01,20227.6002,14602.0155,25853.185,Combinação top-3,16371.2355,7.2451,faturamento,2026-10-07,v5
Marca,TRUE SOURCE,2027-01-01,20672.4874,11658.4815,29686.4933,Combinação top-3,17253.0478,6.7821,faturamento,2026-10-07,v5
Marca,EQUALIV,2026-10-01,13727.7181,11019.1327,16436.3035,Combinação top-3,14306.7334,3.7281,faturamento,2026-10-07,v5
Marca,EQUALIV,2026-11-01,11547.7703,6897.8298,16197.7107,Combinação top-3,10029.6005,3.626,faturamento,2026-10-07,v5
Marca,EQUALIV,2026-12-01,11197.0934,8083.0217,14311.1652,Combinação top-3,9062.3827,4.0106,faturamento,2026-10-07,v5
Marca,EQUALIV,2027-01-01,11200.1957,6316.4762,16083.9151,Combinação top-3,9347.5694,3.6745,faturamento,2026-10-07,v5
Marca,PURAVIDA,2026-10-01,15840.0146,12694.94,18985.0892,Combinação top-3,16508.1235,4.3017,faturamento,2026-10-07,v5
Marca,PURAVIDA,2026-11-01,11297.0718,6748.0801,15846.0636,Combinação top-3,9811.861,3.5473,faturamento,2026-10-07,v5
Marca,PURAVIDA,2026-12-01,9130.4681,6591.1544,11669.7818,Combinação top-3,7389.7567,3.2704,faturamento,2026-10-07,v5
Marca,PURAVIDA,2027-01-01,9694.5417,5467.3457,13921.7377,Combinação top-3,8090.9659,3.1805,faturamento,2026-10-07,v5
Marca,CAFFEINE ARMY,2026-10-01,7674.4003,6137.4725,9211.3281,Combinação top-3,7998.0954,2.0841,faturamento,2026-10-07,v5
Marca,CAFFEINE ARMY,2026-11-01,7099.6033,4240.8061,9958.4004,Combinação top-3,6166.228,2.2293,faturamento,2026-10-07,v5
Marca,CAFFEINE ARMY,2026-12-01,7186.0904,5187.536,9184.6449,Combinação top-3,5816.072,2.5739,faturamento,2026-10-07,v5
Marca,CAFFEINE ARMY,2027-01-01,7815.0328,4407.3755,11222.69,Combinação top-3,6522.3469,2.5639,faturamento,2026-10-07,v5
Marca,OCEAN DROP,2026-10-01,9976.2031,7936.617,12015.7892,Combinação top-3,10396.9849,2.7093,faturamento,2026-10-07,v5
Marca,OCEAN DROP,2026-11-01,9383.4309,5605.0049,13161.8569,Combinação top-3,8149.8039,2.9464,faturamento,2026-10-07,v5
Marca,OCEAN DROP,2026-12-01,8771.2167,6331.8159,11210.6174,Combinação top-3,7098.996,3.1417,faturamento,2026-10-07,v5
Marca,OCEAN DROP,2027-01-01,9686.8349,5462.9993,13910.6704,Combinação top-3,8084.5339,3.178,faturamento,2026-10-07,v5
Marca,CENTRAL NUTRITION,2026-10-01,8997.6362,7259.014,10736.2585,Combinação top-3,9377.1435,2.4435,faturamento,2026-10-07,v5
Marca,CENTRAL NUTRITION,2026-11-01,11391.4205,6804.4374,15978.4036,Combinação top-3,9893.8058,3.5769,faturamento,2026-10-07,v5
Marca,CENTRAL NUTRITION,2026-12-01,9697.0289,7000.1465,12393.9112,Combinação top-3,7848.3034,3.4733,faturamento,2026-10-07,v5
Marca,CENTRAL NUTRITION,2027-01-01,9955.6918,5614.6243,14296.7594,Combinação top-3,8308.9192,3.2662,faturamento,2026-10-07,v5
Marca,ADAPTOGEN,2026-10-01,7646.7967,6114.3333,9179.2601,Combinação top-3,7969.3275,2.0767,faturamento,2026-10-07,v5
Marca,ADAPTOGEN,2026-11-01,6999.755,4181.1638,9818.3462,Combinação top-3,6079.5066,2.1979,faturamento,2026-10-07,v5
Marca,ADAPTOGEN,2026-12-01,7156.4325,5166.1263,9146.7386,Combinação top-3,5792.0683,2.5633,faturamento,2026-10-07,v5
Marca,ADAPTOGEN,2027-01-01,7121.1349,4016.044,10226.2258,Combinação top-3,5943.2268,2.3362,faturamento,2026-10-07,v5
Marca,ATLHETICA NUTRITION,2026-10-01,6984.3062,5592.5316,8376.0809,Combinação top-3,7278.8942,1.8967,faturamento,2026-10-07,v5
Marca,ATLHETICA NUTRITION,2026-11-01,6654.1469,3974.7217,9333.5722,Combinação top-3,5779.3352,2.0894,faturamento,2026-10-07,v5
Marca,ATLHETICA NUTRITION,2026-12-01,6304.7257,4551.2913,8058.16,Combinação top-3,5102.7382,2.2582,faturamento,2026-10-07,v5
Marca,ATLHETICA NUTRITION,2027-01-01,6381.6623,3599.0101,9164.3144,Combinação top-3,5326.0704,2.0936,faturamento,2026-10-07,v5
Marca,OUTROS,2026-10-01,36262.8352,29152.1501,43373.5202,Combinação top-3,37792.3491,9.848,faturamento,2026-10-07,v5
Marca,OUTROS,2026-11-01,28290.8408,16898.9684,39682.7132,Combinação top-3,24571.4821,8.8833,faturamento,2026-10-07,v5
Marca,OUTROS,2026-12-01,24644.0941,17790.2193,31497.9689,Combinação top-3,19945.7307,8.827,faturamento,2026-10-07,v5
Marca,OUTROS,2027-01-01,28435.7834,16036.6795,40834.8873,Combinação top-3,23732.2157,9.329,faturamento,2026-10-07,v5
Produto,Beef Protein,2026-10-01,1197.708,811.9511,1583.4649,ARIMA,1352.2772,0.3524,faturamento,2026-10-07,v5
Produto,Beef Protein,2026-11-01,695.8978,270.9636,1120.832,ARIMA,641.3777,0.2319,faturamento,2026-10-07,v5
Produto,Beef Protein,2026-12-01,719.0944,251.8225,1186.3663,ARIMA,526.3136,0.2329,faturamento,2026-10-07,v5
Produto,Beef Protein,2027-01-01,719.0944,309.0028,1129.186,ARIMA,593.0767,0.2331,faturamento,2026-10-07,v5
Produto,Coenzima Q10 (200mg p/ porção),2026-10-01,2783.7185,1507.2755,4060.1615,ARIMA,3142.9689,0.819,faturamento,2026-10-07,v5
Produto,Coenzima Q10 (200mg p/ porção),2026-11-01,2302.6777,896.5998,3708.7556,ARIMA,2122.2744,0.7673,faturamento,2026-10-07,v5
Produto,Coenzima Q10 (200mg p/ porção),2026-12-01,2379.4336,833.2631,3925.6042,ARIMA,1741.5354,0.7707,faturamento,2026-10-07,v5
Produto,Coenzima Q10 (200mg p/ porção),2027-01-01,2379.4336,1022.469,3736.3983,ARIMA,1962.4499,0.7714,faturamento,2026-10-07,v5
Produto,Colágeno - Colagentek Protein - Bodybalance,2026-10-01,3128.9908,1469.1217,4788.8599,ARIMA,3532.8,0.9206,faturamento,2026-10-07,v5
Produto,Colágeno - Colagentek Protein - Bodybalance,2026-11-01,2918.5674,1136.4104,4700.7243,ARIMA,2689.9121,0.9725,faturamento,2026-10-07,v5
Produto,Colágeno - Colagentek Protein - Bodybalance,2026-12-01,2995.9886,1049.1768,4942.8003,ARIMA,2192.7992,0.9704,faturamento,2026-10-07,v5
Produto,Colágeno - Colagentek Protein - Bodybalance,2027-01-01,2991.6419,1285.5416,4697.7422,ARIMA,2467.3718,0.9699,faturamento,2026-10-07,v5
Produto,Colágeno Hidrolisado - Collagen Pro 18g,2026-10-01,2019.8799,1014.9802,3024.7796,ARIMA,2280.5537,0.5943,faturamento,2026-10-07,v5
Produto,Colágeno Hidrolisado - Collagen Pro 18g,2026-11-01,1710.0677,665.8537,2754.2817,ARIMA,1576.0924,0.5698,faturamento,2026-10-07,v5
Produto,Colágeno Hidrolisado - Collagen Pro 18g,2026-12-01,1759.5367,616.179,2902.8944,ARIMA,1287.8255,0.5699,faturamento,2026-10-07,v5
Produto,Colágeno Hidrolisado - Collagen Pro 18g,2027-01-01,1759.2088,755.9515,2762.466,ARIMA,1450.9163,0.5703,faturamento,2026-10-07,v5
Produto,Creatina - Creafort (Creapure),2026-10-01,5525.3029,2994.9367,8055.6692,ARIMA,6238.3661,1.6256,faturamento,2026-10-07,v5
Produto,Creatina - Creafort (Creapure),2026-11-01,4536.7559,1766.4889,7307.023,ARIMA,4181.3237,1.5117,faturamento,2026-10-07,v5
Produto,Creatina - Creafort (Creapure),2026-12-01,4687.9824,1641.7027,7734.2622,ARIMA,3431.1893,1.5185,faturamento,2026-10-07,v5
Produto,Creatina - Creafort (Creapure),2027-01-01,4687.9824,2014.4779,7361.487,ARIMA,3866.4372,1.5199,faturamento,2026-10-07,v5
Produto,Creatina Monohidratada,2026-10-01,8902.5586,4111.7453,13693.372,ARIMA,10051.4705,2.6192,faturamento,2026-10-07,v5
Produto,Creatina Monohidratada,2026-11-01,8881.1603,3458.0813,14304.2392,ARIMA,8185.3656,2.9592,faturamento,2026-10-07,v5
Produto,Creatina Monohidratada,2026-12-01,9229.0138,3231.9441,15226.0835,ARIMA,6754.8234,2.9894,faturamento,2026-10-07,v5
Produto,Creatina Monohidratada,2027-01-01,9237.9684,3969.6573,14506.2795,ARIMA,7619.0611,2.995,faturamento,2026-10-07,v5
Produto,Creatina Monohidratada (Creapure),2026-10-01,1405.625,814.254,1996.9959,ARIMA,1587.0267,0.4135,faturamento,2026-10-07,v5
Produto,Creatina Monohidratada (Creapure),2026-11-01,1066.8214,415.3911,1718.2517,ARIMA,983.2412,0.3555,faturamento,2026-10-07,v5
Produto,Creatina Monohidratada (Creapure),2026-12-01,1102.3821,386.0475,1818.7167,ARIMA,806.8464,0.3571,faturamento,2026-10-07,v5
Produto,Creatina Monohidratada (Creapure),2027-01-01,1102.3821,473.7058,1731.0584,ARIMA,909.1952,0.3574,faturamento,2026-10-07,v5
Produto,Fresh Whey,2026-10-01,9256.0628,4937.6362,13574.4893,ARIMA,10450.5958,2.7232,faturamento,2026-10-07,v5
Produto,Fresh Whey,2026-11-01,7420.2819,2889.2552,11951.3086,ARIMA,6838.9397,2.4725,faturamento,2026-10-07,v5
Produto,Fresh Whey,2026-12-01,7602.9324,2662.5003,12543.3645,ARIMA,5564.6753,2.4627,faturamento,2026-10-07,v5
Produto,Fresh Whey,2027-01-01,7593.6801,3263.0884,11924.2718,ARIMA,6262.926,2.4619,faturamento,2026-10-07,v5
Produto,Magnésio - Inositol Relief 3.0,2026-10-01,1776.4964,1056.0687,2496.9241,ARIMA,2005.7606,0.5227,faturamento,2026-10-07,v5
Produto,Magnésio - Inositol Relief 3.0,2026-11-01,1299.6372,506.0433,2093.2312,ARIMA,1197.8171,0.433,faturamento,2026-10-07,v5
Produto,Magnésio - Inositol Relief 3.0,2026-12-01,1342.9585,470.2958,2215.6211,ARIMA,982.9271,0.435,faturamento,2026-10-07,v5
Produto,Magnésio - Inositol Relief 3.0,2027-01-01,1342.9585,577.0841,2108.8328,ARIMA,1107.6118,0.4354,faturamento,2026-10-07,v5
Produto,OUTROS,2026-10-01,172546.6055,82697.5819,262395.6292,ARIMA,194814.4568,50.7649,faturamento,2026-10-07,v5
Produto,OUTROS,2026-11-01,149851.9836,58348.271,241355.6962,ARIMA,138111.8265,49.9315,faturamento,2026-10-07,v5
Produto,OUTROS,2026-12-01,153415.6168,53725.2089,253106.0248,ARIMA,112286.6883,49.6928,faturamento,2026-10-07,v5
Produto,OUTROS,2027-01-01,153280.9537,65866.5223,240695.3852,ARIMA,126419.2411,49.6945,faturamento,2026-10-07,v5
Produto,Omegafor Plus,2026-10-01,14884.3992,7290.489,22478.3094,ARIMA,16805.2923,4.3791,faturamento,2026-10-07,v5
Produto,Omegafor Plus,2026-11-01,13699.2626,5334.1188,22064.4063,ARIMA,12625.9935,4.5647,faturamento,2026-10-07,v5
Produto,Omegafor Plus,2026-12-01,14155.9047,4957.3111,23354.4983,ARIMA,10360.8726,4.5852,faturamento,2026-10-07,v5
Produto,Omegafor Plus,2027-01-01,14155.9047,6082.9489,22228.8604,ARIMA,11675.1539,4.5894,faturamento,2026-10-07,v5
Produto,Probiótico - Simfort Plus,2026-10-01,2549.011,1197.0131,3901.009,ARIMA,2877.9714,0.7499,faturamento,2026-10-07,v5
Produto,Probiótico - Simfort Plus,2026-11-01,2438.9773,949.6712,3928.2835,ARIMA,2247.8956,0.8127,faturamento,2026-10-07,v5
Produto,Probiótico - Simfort Plus,2026-12-01,2520.2766,882.5854,4157.9677,ARIMA,1844.62,0.8163,faturamento,2026-10-07,v5
Produto,Probiótico - Simfort Plus,2027-01-01,2520.2766,1082.9907,3957.5624,ARIMA,2078.6108,0.8171,faturamento,2026-10-07,v5
Produto,Proteína Isolada e Hidrolisada - Body Protein,2026-10-01,3995.0879,1998.7952,5991.3807,ARIMA,4510.6705,1.1754,faturamento,2026-10-07,v5
Produto,Proteína Isolada e Hidrolisada - Body Protein,2026-11-01,3601.2723,1402.2371,5800.3075,ARIMA,3319.1305,1.2,faturamento,2026-10-07,v5
Produto,Proteína Isolada e Hidrolisada - Body Protein,2026-12-01,3721.3147,1303.1816,6139.4478,ARIMA,2723.6739,1.2054,faturamento,2026-10-07,v5
Produto,Proteína Isolada e Hidrolisada - Body Protein,2027-01-01,3721.3147,1599.0901,5843.5393,ARIMA,3069.1731,1.2065,faturamento,2026-10-07,v5
Produto,Refil Whey Protein Concentrado,2026-10-01,3131.1431,1607.8762,4654.4099,ARIMA,3535.23,0.9212,faturamento,2026-10-07,v5
Produto,Refil Whey Protein Concentrado,2026-11-01,2815.2719,1096.19,4534.3538,ARIMA,2594.7093,0.9381,faturamento,2026-10-07,v5
Produto,Refil Whey Protein Concentrado,2026-12-01,2909.1425,1018.7639,4799.5212,ARIMA,2129.2355,0.9423,faturamento,2026-10-07,v5
Produto,Refil Whey Protein Concentrado,2027-01-01,2909.1428,1250.0909,4568.1947,ARIMA,2399.3302,0.9432,faturamento,2026-10-07,v5
Produto,Super Ômega 3,2026-10-01,3495.0108,1504.1857,5485.8359,ARIMA,3946.0563,1.0283,faturamento,2026-10-07,v5
Produto,Super Ômega 3,2026-11-01,3778.4084,1471.2091,6085.6077,ARIMA,3482.3889,1.259,faturamento,2026-10-07,v5
Produto,Super Ômega 3,2026-12-01,3943.781,1381.0879,6506.474,ARIMA,2886.4995,1.2774,faturamento,2026-10-07,v5
Produto,Super Ômega 3,2027-01-01,3950.2824,1697.48,6203.0847,ARIMA,3258.0153,1.2807,faturamento,2026-10-07,v5
Produto,SuperCoffee,2026-10-01,5621.9866,2831.3787,8412.5944,ARIMA,6347.5271,1.654,faturamento,2026-10-07,v5
Produto,SuperCoffee,2026-11-01,5147.3636,2004.2429,8290.4844,ARIMA,4744.0933,1.7151,faturamento,2026-10-07,v5
Produto,SuperCoffee,2026-12-01,5319.0559,1862.7008,8775.411,ARIMA,3893.0793,1.7229,faturamento,2026-10-07,v5
Produto,SuperCoffee,2027-01-01,5319.0571,2285.6577,8352.4565,ARIMA,4386.9192,1.7245,faturamento,2026-10-07,v5
Produto,SuperCoffee Língua de gato - Kopenhagen,2026-10-01,1538.4682,671.8062,2405.1301,ARIMA,1737.0138,0.4526,faturamento,2026-10-07,v5
Produto,SuperCoffee Língua de gato - Kopenhagen,2026-11-01,867.7149,337.8645,1397.5653,ARIMA,799.7337,0.2891,faturamento,2026-10-07,v5
Produto,SuperCoffee Língua de gato - Kopenhagen,2026-12-01,983.4432,344.3958,1622.4905,ARIMA,719.7936,0.3185,faturamento,2026-10-07,v5
Produto,SuperCoffee Língua de gato - Kopenhagen,2027-01-01,968.4209,416.1412,1520.7006,ARIMA,798.71,0.314,faturamento,2026-10-07,v5
Produto,Suplemento Alimentar - GUARDIAN®,2026-10-01,3053.0627,1475.2183,4630.9071,ARIMA,3447.073,0.8982,faturamento,2026-10-07,v5
Produto,Suplemento Alimentar - GUARDIAN®,2026-11-01,2846.3998,1108.3104,4584.4893,ARIMA,2623.3986,0.9484,faturamento,2026-10-07,v5
Produto,Suplemento Alimentar - GUARDIAN®,2026-12-01,2941.2798,1030.0182,4852.5415,ARIMA,2152.7572,0.9527,faturamento,2026-10-07,v5
Produto,Suplemento Alimentar - GUARDIAN®,2027-01-01,2941.2798,1263.9005,4618.6592,ARIMA,2425.8354,0.9536,faturamento,2026-10-07,v5
Produto,Tasty Whey 3W Gourmet,2026-10-01,3631.043,1760.4964,5501.5896,ARIMA,4099.6441,1.0683,faturamento,2026-10-07,v5
Produto,Tasty Whey 3W Gourmet,2026-11-01,3278.5735,1276.587,5280.5599,ARIMA,3021.7135,1.0924,faturamento,2026-10-07,v5
Produto,Tasty Whey 3W Gourmet,2026-12-01,3387.262,1186.1984,5588.3257,ARIMA,2479.1768,1.0972,faturamento,2026-10-07,v5
Produto,Tasty Whey 3W Gourmet,2027-01-01,3387.2602,1455.5432,5318.9772,ARIMA,2793.66,1.0982,faturamento,2026-10-07,v5
Produto,Whey,2026-10-01,3844.7319,1680.7405,6008.7233,ARIMA,4340.9104,1.1312,faturamento,2026-10-07,v5
Produto,Whey,2026-11-01,4329.6489,1685.8471,6973.4507,ARIMA,3990.4424,1.4427,faturamento,2026-10-07,v5
Produto,Whey,2026-12-01,4510.4562,1579.5341,7441.3783,ARIMA,3301.2558,1.461,faturamento,2026-10-07,v5
Produto,Whey,2027-01-01,4512.5681,1939.1005,7086.0357,ARIMA,3721.7633,1.463,faturamento,2026-10-07,v5
Produto,Whey Fort 3W,2026-10-01,3388.5798,1814.9572,4962.2025,ARIMA,3825.8901,0.997,faturamento,2026-10-07,v5
Produto,Whey Fort 3W,2026-11-01,2838.784,1105.345,4572.2229,ARIMA,2616.3794,0.9459,faturamento,2026-10-07,v5
Produto,Whey Fort 3W,2026-12-01,2933.4101,1027.2622,4839.5579,ARIMA,2146.9972,0.9502,faturamento,2026-10-07,v5
Produto,Whey Fort 3W,2027-01-01,2933.4101,1260.5188,4606.3014,ARIMA,2419.3448,0.951,faturamento,2026-10-07,v5
Produto,Whey Protein Concentrado,2026-10-01,38812.3335,19064.8786,58559.7884,ARIMA,43821.2253,11.419,faturamento,2026-10-07,v5
Produto,Whey Protein Concentrado,2026-11-01,36822.8062,14337.7954,59307.8171,ARIMA,33937.9226,12.2696,faturamento,2026-10-07,v5
Produto,Whey Protein Concentrado,2026-12-01,38117.4558,13348.4994,62886.4121,ARIMA,27898.6127,12.3466,faturamento,2026-10-07,v5
Produto,Whey Protein Concentrado,2027-01-01,38013.2426,16334.7111,59691.7741,ARIMA,31351.6139,12.3241,faturamento,2026-10-07,v5
Produto,Whey Protein Isolado,2026-10-01,30409.494,14622.6182,46196.3697,ARIMA,34333.9646,8.9468,faturamento,2026-10-07,v5
Produto,Whey Protein Isolado,2026-11-01,28479.2092,11089.0265,45869.3918,ARIMA,26248.0049,9.4894,faturamento,2026-10-07,v5
Produto,Whey Protein Isolado,2026-12-01,29428.5161,10305.686,48551.3462,ARIMA,21539.0759,9.5322,faturamento,2026-10-07,v5
Produto,Whey Protein Isolado,2027-01-01,29428.5161,12645.7591,46211.2732,ARIMA,24271.3174,9.5409,faturamento,2026-10-07,v5
Produto,Whey Protein Isolado - Isofort,2026-10-01,3939.8105,3112.4236,4767.1973,ARIMA,4448.2592,1.1591,faturamento,2026-10-07,v5
Produto,Whey Protein Isolado - Isofort,2026-11-01,1492.5894,581.1736,2404.0052,ARIMA,1375.6524,0.4973,faturamento,2026-10-07,v5
Produto,Whey Protein Isolado - Isofort,2026-12-01,1542.3424,540.1188,2544.5659,ARIMA,1128.8585,0.4996,faturamento,2026-10-07,v5
Produto,Whey Protein Isolado - Isofort,2027-01-01,1542.3424,662.7616,2421.9232,ARIMA,1272.0547,0.5,faturamento,2026-10-07,v5
Produto,Whey hidrolisado e isolado,2026-10-01,3147.1105,1804.2233,4489.9977,ARIMA,3553.2581,0.9259,faturamento,2026-10-07,v5
Produto,Whey hidrolisado e isolado,2026-11-01,2249.232,875.7895,3622.6745,ARIMA,2073.0159,0.7495,faturamento,2026-10-07,v5
Produto,Whey hidrolisado e isolado,2026-12-01,2323.9094,813.8188,3834.0,ARIMA,1700.8966,0.7527,faturamento,2026-10-07,v5
Produto,Whey hidrolisado e isolado,2027-01-01,2323.9092,998.6095,3649.209,ARIMA,1916.6559,0.7534,faturamento,2026-10-07,v5
Produto,Ômega 3 EPA DHA,2026-10-01,5909.4096,2992.6502,8826.1689,ARIMA,6672.0432,1.7386,faturamento,2026-10-07,v5
Produto,Ômega 3 EPA DHA,2026-11-01,4746.0117,1847.9674,7644.056,ARIMA,4374.1853,1.5814,faturamento,2026-10-07,v5
Produto,Ômega 3 EPA DHA,2026-12-01,4755.3935,1665.3097,7845.4773,ARIMA,3480.5282,1.5403,faturamento,2026-10-07,v5
Produto,Ômega 3 EPA DHA,2027-01-01,4724.2222,2030.0505,7418.3938,ARIMA,3896.3261,1.5316,faturamento,2026-10-07,v5
