id,non_seasonal_p,non_seasonal_d,non_seasonal_q,has_drift,log_likelihood,AIC,variance,seasonal_periods,has_holiday_effect,has_spikes_and_dips,has_step_changes,error_message,origem,data_base
1,3,1,0,False,121.236974361243,-234.473948722486,0.0282385679879618,WEEKLY,False,False,False,,ARIMA_PLUS (diária),2026-10-06
2,2,1,3,False,271.89908425097855,-531.7981685019571,0.014530926047433,WEEKLY,True,False,False,,ARIMA_PLUS (diária),2026-10-06
3,2,1,3,False,245.47628374483708,-478.95256748967415,0.0194896032504512,WEEKLY,True,False,False,,ARIMA_PLUS (diária),2026-10-06
0,2,1,3,True,114.41947373266764,-214.8389474653353,0.0247670077102878,WEEKLY,False,False,False,,ARIMA_PLUS (diária),2026-10-06
0,1,1,1,True,28.13133509580236,-48.26267019160471,0.0232692795771023,NO_SEASONALITY,False,True,False,,ARIMA_PLUS (semanal),2026-10-06
1,1,1,1,True,32.95704639097985,-57.914092781959695,0.0219118838546523,NO_SEASONALITY,False,True,False,,ARIMA_PLUS (semanal),2026-10-06
2,1,1,1,True,37.11779336685495,-66.2355867337099,0.0215111902101139,NO_SEASONALITY,False,True,False,,ARIMA_PLUS (semanal),2026-10-06
0,1,1,1,True,28.13133509580236,-48.26267019160471,0.0232692795771023,NO_SEASONALITY,False,True,False,,ARIMA_PLUS (semanal),2026-10-06
1,1,1,1,True,32.95704639097985,-57.914092781959695,0.0219118838546523,NO_SEASONALITY,False,True,False,,ARIMA_PLUS (semanal),2026-10-06
2,1,1,1,True,37.11779336685495,-66.2355867337099,0.0215111902101139,NO_SEASONALITY,False,True,False,,ARIMA_PLUS (semanal),2026-10-06
3,1,1,1,True,32.95704639097985,-57.914092781959695,0.0219118838546523,NO_SEASONALITY,False,True,False,,ARIMA_PLUS (semanal),2026-10-06
2,1,1,1,True,28.13133509580236,-48.26267019160471,0.0232692795771023,NO_SEASONALITY,False,True,False,,ARIMA_PLUS (semanal),2026-10-06
1,0,1,0,False,-127.5368900874508,257.0737801749016,1.6076434793771406,NO_SEASONALITY,False,False,False,,ARIMA_PLUS (semanal),2026-10-06
4,3,2,0,False,-27.10878761912185,62.2175752382437,0.1142408088874781,NO_SEASONALITY,False,True,False,,ARIMA_PLUS (semanal),2026-10-06
0,0,1,0,False,-104.93040097790694,211.86080195581388,0.8936758924554624,NO_SEASONALITY,False,False,False,,ARIMA_PLUS (semanal),2026-10-06
0,1,1,1,True,28.13133509580236,-48.26267019160471,0.0232692795771023,NO_SEASONALITY,False,True,False,,ARIMA_PLUS (semanal),2026-10-06
1,1,1,1,True,32.95704639097985,-57.914092781959695,0.0219118838546523,NO_SEASONALITY,False,True,False,,ARIMA_PLUS (semanal),2026-10-06
2,1,1,1,True,37.11779336685495,-66.2355867337099,0.0215111902101139,NO_SEASONALITY,False,True,False,,ARIMA_PLUS (semanal),2026-10-06
0,0,1,1,False,-19.585528828878537,43.17105765775708,0.1066913354583498,NO_SEASONALITY,False,False,False,,ARIMA_PLUS (semanal),2026-10-06
3,1,1,1,True,26.957537470973648,-45.915074941947296,0.0241064518326278,NO_SEASONALITY,False,True,False,,ARIMA_PLUS (semanal),2026-10-06
5,1,1,1,True,35.464199334453966,-62.92839866890793,0.0224283122013973,NO_SEASONALITY,False,True,False,,ARIMA_PLUS (semanal),2026-10-06
1,0,1,1,False,-20.005424876441754,44.01084975288351,0.102477685891727,NO_SEASONALITY,False,False,False,,ARIMA_PLUS (semanal),2026-10-06
4,1,1,1,True,31.596158950695862,-55.192317901391725,0.0227675033292604,NO_SEASONALITY,False,True,False,,ARIMA_PLUS (semanal),2026-10-06
2,0,1,1,False,-20.03232309693483,44.06464619386966,0.097441923663285,NO_SEASONALITY,False,False,False,,ARIMA_PLUS (semanal),2026-10-06
21,0,1,1,True,-33.782926761563665,73.56585352312733,0.1669238552424131,NO_SEASONALITY,False,False,False,,ARIMA_PLUS (semanal),2026-10-06
9,0,1,1,False,-27.0883687824953,58.1767375649906,0.1354080352210216,NO_SEASONALITY,False,False,False,,ARIMA_PLUS (semanal),2026-10-06
17,2,0,0,False,-35.368543425765694,78.73708685153139,0.1445128776556046,NO_SEASONALITY,False,False,False,,ARIMA_PLUS (semanal),2026-10-06
16,2,0,0,False,-34.32901132970812,76.65802265941625,0.1535268567310123,NO_SEASONALITY,False,False,False,,ARIMA_PLUS (semanal),2026-10-06
15,2,0,0,False,-32.50028390946862,73.00056781893724,0.1585925505575991,NO_SEASONALITY,False,False,False,,ARIMA_PLUS (semanal),2026-10-06
1,3,1,0,True,1.949891505319015,6.100216989361971,0.0548283898956644,NO_SEASONALITY,False,False,False,,ARIMA_PLUS (semanal),2026-10-06
20,2,1,0,False,-10.721090794003088,27.44218158800617,0.0768472633066369,NO_SEASONALITY,False,False,False,,ARIMA_PLUS (semanal),2026-10-06
11,0,1,1,False,-28.311593916158586,60.62318783231717,0.121216759052621,NO_SEASONALITY,False,False,False,,ARIMA_PLUS (semanal),2026-10-06
22,0,1,1,False,-36.2597697656937,76.51953953138741,0.1639639080147518,NO_SEASONALITY,False,False,False,,ARIMA_PLUS (semanal),2026-10-06
29,0,1,4,True,-51.009433767754736,114.01886753550949,0.2084435666583264,NO_SEASONALITY,False,True,False,,ARIMA_PLUS (semanal),2026-10-06
18,3,0,0,False,-6.85732747179005,23.7146549435801,0.0714956106293262,NO_SEASONALITY,False,False,False,,ARIMA_PLUS (semanal),2026-10-06
32,0,1,1,False,-62.122976035167966,128.24595207033593,0.2919271275086161,NO_SEASONALITY,False,True,False,,ARIMA_PLUS (semanal),2026-10-06
10,0,1,1,False,-28.44610236210134,60.89220472420268,0.1309097320527887,NO_SEASONALITY,False,False,False,,ARIMA_PLUS (semanal),2026-10-06
31,0,1,1,False,-57.2124029645676,118.4248059291352,0.2980037394715364,NO_SEASONALITY,False,True,False,,ARIMA_PLUS (semanal),2026-10-06
2,3,1,0,False,2.6679105569221253,2.6641788861557494,0.0542092351846674,NO_SEASONALITY,False,False,False,,ARIMA_PLUS (semanal),2026-10-06
19,3,0,0,False,-5.796894752702533,21.593789505405063,0.0681903809817822,NO_SEASONALITY,False,False,False,,ARIMA_PLUS (semanal),2026-10-06
5,1,1,1,True,19.52809715568308,-31.05619431136616,0.0336330496336956,NO_SEASONALITY,False,False,False,,ARIMA_PLUS (semanal),2026-10-06
8,3,1,1,True,1.9598259981810289,8.080348003637942,0.0528230784858439,NO_SEASONALITY,False,False,False,,ARIMA_PLUS (semanal),2026-10-06
34,2,0,0,False,-25.847974595175568,59.695949190351136,0.1204900858658905,NO_SEASONALITY,False,True,False,,ARIMA_PLUS (semanal),2026-10-06
33,1,0,0,False,-23.652059104148336,53.30411820829667,0.1209656210697387,NO_SEASONALITY,False,False,False,,ARIMA_PLUS (semanal),2026-10-06
35,0,1,1,False,-31.15380756776665,66.3076151355333,0.1309872863916137,NO_SEASONALITY,False,True,False,,ARIMA_PLUS (semanal),2026-10-06
25,1,1,1,True,-15.52489310749552,39.04978621499104,0.0865546205775811,NO_SEASONALITY,False,False,False,,ARIMA_PLUS (semanal),2026-10-06
37,2,1,1,False,7.111677836950852,-6.223355673901704,0.0471672565031374,NO_SEASONALITY,False,True,False,,ARIMA_PLUS (semanal),2026-10-06
30,1,0,1,False,-58.9998026769402,125.9996053538804,0.3576145216392883,NO_SEASONALITY,False,False,False,,ARIMA_PLUS (semanal),2026-10-06
13,1,1,2,True,-41.65219891415848,93.30439782831697,0.1757858273570737,NO_SEASONALITY,False,True,False,,ARIMA_PLUS (semanal),2026-10-06
12,0,1,2,True,-41.30489937932033,90.60979875864066,0.2006383985453947,NO_SEASONALITY,False,True,False,,ARIMA_PLUS (semanal),2026-10-06
23,0,1,1,False,-39.1878001979572,82.37560039591439,0.1611456241888911,NO_SEASONALITY,False,False,False,,ARIMA_PLUS (semanal),2026-10-06
26,1,1,1,True,-18.54551212940153,45.09102425880306,0.0901723778597876,NO_SEASONALITY,False,False,False,,ARIMA_PLUS (semanal),2026-10-06
0,3,1,0,True,0.2953341724830949,9.40933165503381,0.0573741919963096,NO_SEASONALITY,False,False,False,,ARIMA_PLUS (semanal),2026-10-06
38,1,1,1,True,4.338570431961097,-0.6771408639221939,0.0499701546288733,NO_SEASONALITY,False,True,False,,ARIMA_PLUS (semanal),2026-10-06
14,0,1,2,True,-45.99728698862966,99.99457397725932,0.183732851906648,NO_SEASONALITY,False,True,False,,ARIMA_PLUS (semanal),2026-10-06
28,0,1,1,True,-50.67655841138508,107.35311682277016,0.2343661468864444,NO_SEASONALITY,False,True,False,,ARIMA_PLUS (semanal),2026-10-06
6,3,1,1,True,0.198346745437675,11.60330650912465,0.0548518925197325,NO_SEASONALITY,False,False,False,,ARIMA_PLUS (semanal),2026-10-06
3,1,1,1,True,16.4121445940404,-24.8242891880808,0.0331627420847071,NO_SEASONALITY,False,False,False,,ARIMA_PLUS (semanal),2026-10-06
4,1,1,1,True,18.865418365709093,-29.730836731418187,0.032429957495176,NO_SEASONALITY,False,False,False,,ARIMA_PLUS (semanal),2026-10-06
24,1,1,1,True,-14.75270123589914,37.50540247179828,0.0876419996851988,NO_SEASONALITY,False,False,False,,ARIMA_PLUS (semanal),2026-10-06
27,0,1,4,True,-45.00984104522744,102.01968209045488,0.2233334355634112,NO_SEASONALITY,False,True,False,,ARIMA_PLUS (semanal),2026-10-06
7,3,1,1,True,1.026911064352225,9.94617787129555,0.0537375106021032,NO_SEASONALITY,False,False,False,,ARIMA_PLUS (semanal),2026-10-06
36,0,1,1,False,4.877051758365511,-5.754103516731021,0.0496538799219626,NO_SEASONALITY,False,True,False,,ARIMA_PLUS (semanal),2026-10-06
77,1,0,0,False,26.428448961565188,-46.856897923130376,0.0295494784815956,NO_SEASONALITY,False,False,False,,ARIMA_PLUS (semanal),2026-10-06
3,0,1,1,True,-19.83276245631449,45.665524912629,0.1019443714232052,NO_SEASONALITY,False,False,False,,ARIMA_PLUS (semanal),2026-10-06
37,0,0,2,False,-121.2862827839178,250.5725655678356,1.7703831485004444,NO_SEASONALITY,False,True,False,,ARIMA_PLUS (semanal),2026-10-06
32,0,1,1,True,-43.394002720808245,92.78800544161648,0.1707865837712275,NO_SEASONALITY,False,False,False,,ARIMA_PLUS (semanal),2026-10-06
25,0,0,0,False,-55.06189293043696,114.12378586087392,0.2761426141087716,NO_SEASONALITY,False,False,False,,ARIMA_PLUS (semanal),2026-10-06
50,0,1,2,True,-151.95224147459265,311.9044829491853,2.8835773580079698,NO_SEASONALITY,False,True,False,,ARIMA_PLUS (semanal),2026-10-06
40,0,1,4,False,-141.82314681139462,293.64629362278924,3.319661719923828,NO_SEASONALITY,False,True,False,,ARIMA_PLUS (semanal),2026-10-06
58,0,1,4,True,-126.99997439971864,265.9999487994373,2.078044100156136,NO_SEASONALITY,False,True,False,,ARIMA_PLUS (semanal),2026-10-06
57,2,1,3,False,-122.14136448056374,256.2827289611275,2.567725191138007,NO_SEASONALITY,False,True,False,,ARIMA_PLUS (semanal),2026-10-06
49,0,1,2,True,-143.09554816479914,294.1910963295983,3.310215579177075,NO_SEASONALITY,False,True,False,,ARIMA_PLUS (semanal),2026-10-06
19,0,1,1,False,-44.53802765024905,93.0760553004981,0.2068129126053603,NO_SEASONALITY,False,False,False,,ARIMA_PLUS (semanal),2026-10-06
8,2,1,3,True,-20.277874603655555,54.55574920731111,0.0890921542327065,NO_SEASONALITY,False,False,False,,ARIMA_PLUS (semanal),2026-10-06
54,0,1,1,False,-151.18142786459865,306.3628557291973,6.491019143876724,NO_SEASONALITY,False,False,False,,ARIMA_PLUS (semanal),2026-10-06
29,0,0,0,False,-106.8323040956238,217.6646081912476,0.9061166596629132,NO_SEASONALITY,False,True,False,,ARIMA_PLUS (semanal),2026-10-06
75,1,0,0,False,17.96182965397389,-29.92365930794778,0.0334740145663734,NO_SEASONALITY,False,False,False,,ARIMA_PLUS (semanal),2026-10-06
35,0,0,0,False,-73.41886104865942,150.83772209731885,0.3846804967807218,NO_SEASONALITY,False,True,False,,ARIMA_PLUS (semanal),2026-10-06
67,0,1,1,True,-64.87158898914612,135.74317797829224,0.3654975837081646,NO_SEASONALITY,False,False,False,,ARIMA_PLUS (semanal),2026-10-06
21,0,0,0,False,-45.68082310660319,95.36164621320636,0.238755973864136,NO_SEASONALITY,False,False,False,,ARIMA_PLUS (semanal),2026-10-06
48,0,1,2,False,-134.2476312966193,274.4952625932386,3.813880430529669,NO_SEASONALITY,False,True,False,,ARIMA_PLUS (semanal),2026-10-06
73,0,1,1,False,-177.24734893672084,358.4946978734417,9.082321738992034,NO_SEASONALITY,False,False,False,,ARIMA_PLUS (semanal),2026-10-06
30,2,0,3,False,-33.75097585808545,81.5019517161709,0.1546967535866988,NO_SEASONALITY,False,False,False,,ARIMA_PLUS (semanal),2026-10-06
68,0,1,1,True,-69.46564209459325,144.9312841891865,0.3483073677503033,NO_SEASONALITY,False,False,False,,ARIMA_PLUS (semanal),2026-10-06
65,3,1,1,False,-187.9159227943124,385.8318455886247,7.538504188109893,NO_SEASONALITY,False,False,False,,ARIMA_PLUS (semanal),2026-10-06
56,0,1,1,False,-165.11023140110947,334.22046280221895,4.225788789247954,NO_SEASONALITY,False,True,False,,ARIMA_PLUS (semanal),2026-10-06
17,0,1,1,False,-37.50787431938342,79.01574863876684,0.154594511258713,NO_SEASONALITY,False,True,False,,ARIMA_PLUS (semanal),2026-10-06
36,3,0,0,False,-111.55313250777064,233.10626501554128,1.7888620210131083,NO_SEASONALITY,False,True,False,,ARIMA_PLUS (semanal),2026-10-06
55,0,1,1,False,-165.73896173888954,335.4779234777791,6.564033844814652,NO_SEASONALITY,False,False,False,,ARIMA_PLUS (semanal),2026-10-06
63,1,0,4,False,-156.40281390411218,326.8056278082244,7.041988500773006,NO_SEASONALITY,False,False,False,,ARIMA_PLUS (semanal),2026-10-06
39,0,1,2,False,-122.151882179144,250.303764358288,2.6347252822996667,NO_SEASONALITY,False,True,False,,ARIMA_PLUS (semanal),2026-10-06
52,5,1,0,False,-61.89474878745438,135.78949757490875,0.3358534947303153,NO_SEASONALITY,False,True,False,,ARIMA_PLUS (semanal),2026-10-06
28,0,0,0,False,-98.809914845621,201.619829691242,0.9469592821121618,NO_SEASONALITY,False,True,False,,ARIMA_PLUS (semanal),2026-10-06
62,0,1,1,True,-84.11156629006615,174.2231325801323,0.4917713979494331,NO_SEASONALITY,False,True,False,,ARIMA_PLUS (semanal),2026-10-06
53,5,1,0,False,-70.72408028618813,153.44816057237625,0.3611181917424929,NO_SEASONALITY,False,True,False,,ARIMA_PLUS (semanal),2026-10-06
71,2,1,1,True,-54.96009487225102,119.92018974450204,0.2280431897253784,NO_SEASONALITY,False,True,False,,ARIMA_PLUS (semanal),2026-10-06
61,1,1,1,True,-75.17840971713184,158.35681943426368,0.4744130611648834,NO_SEASONALITY,False,True,False,,ARIMA_PLUS (semanal),2026-10-06
44,0,1,1,False,-58.86315193683016,121.72630387366031,0.2660982109848804,NO_SEASONALITY,False,False,False,,ARIMA_PLUS (semanal),2026-10-06
2,3,1,0,False,-22.4463134931066,52.8926269862132,0.1035595285459689,NO_SEASONALITY,False,False,False,,ARIMA_PLUS (semanal),2026-10-06
66,0,1,1,False,-61.624648683733454,127.24929736746692,0.3940811429724276,NO_SEASONALITY,False,False,False,,ARIMA_PLUS (semanal),2026-10-06
22,0,0,0,False,-48.83696008102527,101.67392016205054,0.2317286856566371,NO_SEASONALITY,False,False,False,,ARIMA_PLUS (semanal),2026-10-06
16,1,1,2,False,-31.979472141261496,71.95894428252299,0.1441177724962066,NO_SEASONALITY,False,True,False,,ARIMA_PLUS (semanal),2026-10-06
72,0,0,0,False,-163.4446909343903,330.8893818687806,8.945855451215428,NO_SEASONALITY,False,False,False,,ARIMA_PLUS (semanal),2026-10-06
6,1,1,1,True,-11.707747284580918,31.41549456916184,0.0796731159875746,NO_SEASONALITY,False,True,False,,ARIMA_PLUS (semanal),2026-10-06
74,0,1,1,False,-193.79724301459697,391.59448602919394,8.814427684163558,NO_SEASONALITY,False,False,False,,ARIMA_PLUS (semanal),2026-10-06
43,0,1,1,False,-53.85454681165309,111.70909362330616,0.2686885441356664,NO_SEASONALITY,False,False,False,,ARIMA_PLUS (semanal),2026-10-06
38,0,0,2,False,-131.06545472590165,270.1309094518033,1.6748737521154566,NO_SEASONALITY,False,True,False,,ARIMA_PLUS (semanal),2026-10-06
64,1,0,4,False,-170.04519839561706,354.0903967912341,6.877343821407727,NO_SEASONALITY,False,False,False,,ARIMA_PLUS (semanal),2026-10-06
26,0,0,0,False,-61.937067426197714,127.87413485239544,0.2865772537999556,NO_SEASONALITY,False,False,False,,ARIMA_PLUS (semanal),2026-10-06
23,0,0,0,False,-53.68032928470674,111.36065856941347,0.2318978359005535,NO_SEASONALITY,False,False,False,,ARIMA_PLUS (semanal),2026-10-06
45,1,0,0,False,-67.79293723362348,141.58587446724695,0.4706096995627193,NO_SEASONALITY,False,False,False,,ARIMA_PLUS (semanal),2026-10-06
47,1,1,1,True,-77.40081738522531,162.80163477045062,0.4159780759636575,NO_SEASONALITY,False,False,False,,ARIMA_PLUS (semanal),2026-10-06
0,3,1,0,True,-20.14800179759584,50.29600359519168,0.1079160719348514,NO_SEASONALITY,False,False,False,,ARIMA_PLUS (semanal),2026-10-06
4,0,1,1,True,-21.596918401933564,49.19383680386713,0.1021086985276822,NO_SEASONALITY,False,False,False,,ARIMA_PLUS (semanal),2026-10-06
14,1,0,0,False,-47.39399111024645,100.7879822204929,0.1972364933815166,NO_SEASONALITY,False,False,False,,ARIMA_PLUS (semanal),2026-10-06
42,1,0,4,False,-44.74582455748883,103.49164911497766,0.2112348076446552,NO_SEASONALITY,False,False,False,,ARIMA_PLUS (semanal),2026-10-06
15,1,1,3,False,-28.73732876063965,67.4746575212793,0.1414574623441687,NO_SEASONALITY,False,True,False,,ARIMA_PLUS (semanal),2026-10-06
60,1,1,1,True,-70.29021743894579,148.58043487789158,0.4963718982043772,NO_SEASONALITY,False,True,False,,ARIMA_PLUS (semanal),2026-10-06
5,0,1,1,True,-22.65622236145275,51.3124447229055,0.0996606880460058,NO_SEASONALITY,False,False,False,,ARIMA_PLUS (semanal),2026-10-06
7,0,1,1,False,-15.23030388586044,34.46060777172088,0.0894334615161008,NO_SEASONALITY,False,True,False,,ARIMA_PLUS (semanal),2026-10-06
34,0,1,1,True,-63.15788284703301,132.31576569406602,0.3347868659951546,NO_SEASONALITY,False,True,False,,ARIMA_PLUS (semanal),2026-10-06
41,0,1,2,False,-141.6982672939469,289.3965345878938,2.302351440019232,NO_SEASONALITY,False,True,False,,ARIMA_PLUS (semanal),2026-10-06
51,5,1,0,False,-58.01123680042218,128.02247360084436,0.350352840033544,NO_SEASONALITY,False,True,False,,ARIMA_PLUS (semanal),2026-10-06
59,2,1,3,False,-141.53645257764123,295.07290515528246,2.242698566830005,NO_SEASONALITY,False,True,False,,ARIMA_PLUS (semanal),2026-10-06
9,0,0,4,False,-6.647956969030854,25.29591393806171,0.0709861876097679,NO_SEASONALITY,False,False,False,,ARIMA_PLUS (semanal),2026-10-06
69,2,1,3,True,-43.413996443927566,100.82799288785512,0.2012910030512869,NO_SEASONALITY,False,True,False,,ARIMA_PLUS (semanal),2026-10-06
27,0,0,0,False,-91.76727627118916,187.53455254237835,0.98583274778827,NO_SEASONALITY,False,True,False,,ARIMA_PLUS (semanal),2026-10-06
31,0,1,1,True,-40.13153169860754,86.26306339721508,0.1733994992044306,NO_SEASONALITY,False,False,False,,ARIMA_PLUS (semanal),2026-10-06
1,3,1,0,True,-21.54696599108082,53.09393198216164,0.1068273853623874,NO_SEASONALITY,False,False,False,,ARIMA_PLUS (semanal),2026-10-06
46,0,1,1,False,-73.65364733621526,151.30729467243052,0.4761139190065455,NO_SEASONALITY,False,False,False,,ARIMA_PLUS (semanal),2026-10-06
10,1,0,3,False,-8.23678182722778,28.47356365445556,0.0732438454271248,NO_SEASONALITY,False,False,False,,ARIMA_PLUS (semanal),2026-10-06
20,2,1,1,False,-50.37212428802854,108.74424857605707,0.2132173449684499,NO_SEASONALITY,False,False,False,,ARIMA_PLUS (semanal),2026-10-06
11,0,0,4,False,-11.240817001782476,34.48163400356495,0.0775514876958759,NO_SEASONALITY,False,False,False,,ARIMA_PLUS (semanal),2026-10-06
76,1,0,0,False,21.763992316936804,-37.52798463387361,0.0315084791705985,NO_SEASONALITY,False,False,False,,ARIMA_PLUS (semanal),2026-10-06
13,1,0,0,False,-42.43338382666341,90.86676765332682,0.1933252666197815,NO_SEASONALITY,False,False,False,,ARIMA_PLUS (semanal),2026-10-06
70,2,1,3,True,-48.428247195150014,110.85649439030004,0.2145055005907235,NO_SEASONALITY,False,True,False,,ARIMA_PLUS (semanal),2026-10-06
12,1,0,0,False,-40.43541200534211,86.87082401068422,0.2030262917778506,NO_SEASONALITY,False,False,False,,ARIMA_PLUS (semanal),2026-10-06
24,0,0,0,False,-51.5532357619288,107.1064715238576,0.2860399884016343,NO_SEASONALITY,False,False,False,,ARIMA_PLUS (semanal),2026-10-06
33,0,1,4,True,-48.50057485761449,109.00114971522898,0.2486900461309168,NO_SEASONALITY,False,True,False,,ARIMA_PLUS (semanal),2026-10-06
18,0,1,1,False,-39.54508844910098,83.09017689820196,0.1985485043646791,NO_SEASONALITY,False,False,False,,ARIMA_PLUS (semanal),2026-10-06
0,0,1,1,False,-29.27351192655639,62.54702385311278,0.1113893708104924,NO_SEASONALITY,False,False,False,,ARIMA_PLUS (semanal),2026-10-06
0,0,1,2,True,-51.40753783344623,110.81507566689244,0.1753507919170392,NO_SEASONALITY,False,True,False,,ARIMA_PLUS (semanal),2026-10-06
0,2,0,0,False,-40.15063037968154,88.30126075936307,0.1410797865112874,NO_SEASONALITY,False,False,False,,ARIMA_PLUS (semanal),2026-10-06
0,1,0,1,False,-69.84398229223433,147.68796458446866,0.2705898267279158,NO_SEASONALITY,False,True,False,,ARIMA_PLUS (semanal),2026-10-06
1,3,1,0,False,121.23697436124299,-234.47394872248597,0.02823856798796183,WEEKLY,False,False,False,,ARIMA_PLUS (diária),2026-10-07
2,2,1,3,False,271.89908425097855,-531.7981685019571,0.014530926047433034,WEEKLY,True,False,False,,ARIMA_PLUS (diária),2026-10-07
3,2,1,3,False,245.47628374483708,-478.95256748967415,0.01948960325045128,WEEKLY,True,False,False,,ARIMA_PLUS (diária),2026-10-07
0,2,1,3,True,114.41947373266765,-214.8389474653353,0.024767007710287874,WEEKLY,False,False,False,,ARIMA_PLUS (diária),2026-10-07
0,1,1,1,True,28.131335095802356,-48.26267019160471,0.023269279577102307,NO_SEASONALITY,False,True,False,,ARIMA_PLUS (semanal),2026-10-07
1,1,1,1,True,32.95704639097985,-57.914092781959695,0.021911883854652366,NO_SEASONALITY,False,True,False,,ARIMA_PLUS (semanal),2026-10-07
2,1,1,1,True,37.11779336685495,-66.2355867337099,0.02151119021011398,NO_SEASONALITY,False,True,False,,ARIMA_PLUS (semanal),2026-10-07
2,1,1,1,True,37.117720456738006,-66.23544091347601,0.02150678712835617,NO_SEASONALITY,False,True,False,,ARIMA_PLUS (semanal),2026-10-07
1,1,1,1,True,32.9571135301942,-57.9142270603884,0.02190568417249829,NO_SEASONALITY,False,True,False,,ARIMA_PLUS (semanal),2026-10-07
0,1,1,1,True,28.131335095239052,-48.262670190478104,0.023269295545485184,NO_SEASONALITY,False,True,False,,ARIMA_PLUS (semanal),2026-10-07
2,1,1,1,True,28.131335095239052,-48.262670190478104,0.023269295545485184,NO_SEASONALITY,False,True,False,,ARIMA_PLUS (semanal),2026-10-07
3,1,1,1,True,32.9571135301942,-57.9142270603884,0.02190568417249829,NO_SEASONALITY,False,True,False,,ARIMA_PLUS (semanal),2026-10-07
1,0,1,0,False,-127.5368900874508,257.0737801749016,1.6076434793771406,NO_SEASONALITY,False,False,False,,ARIMA_PLUS (semanal),2026-10-07
4,3,2,0,False,-27.108787619121852,62.217575238243704,0.11424080888747815,NO_SEASONALITY,False,True,False,,ARIMA_PLUS (semanal),2026-10-07
0,0,1,0,False,-104.93040097790694,211.86080195581388,0.8936758924554624,NO_SEASONALITY,False,False,False,,ARIMA_PLUS (semanal),2026-10-07
2,1,1,1,True,37.117720456738006,-66.23544091347601,0.02150678712835617,NO_SEASONALITY,False,True,False,,ARIMA_PLUS (semanal),2026-10-07
1,1,1,1,True,32.9571135301942,-57.9142270603884,0.02190568417249829,NO_SEASONALITY,False,True,False,,ARIMA_PLUS (semanal),2026-10-07
0,1,1,1,True,28.131335095239052,-48.262670190478104,0.023269295545485184,NO_SEASONALITY,False,True,False,,ARIMA_PLUS (semanal),2026-10-07
0,0,1,1,False,-19.585528828878537,43.171057657757075,0.10669133545834981,NO_SEASONALITY,False,False,False,,ARIMA_PLUS (semanal),2026-10-07
3,1,1,1,True,26.957537470973648,-45.915074941947296,0.024106451832627888,NO_SEASONALITY,False,True,False,,ARIMA_PLUS (semanal),2026-10-07
5,1,1,1,True,35.464199334453966,-62.92839866890793,0.0224283122013973,NO_SEASONALITY,False,True,False,,ARIMA_PLUS (semanal),2026-10-07
1,0,1,1,False,-20.005424876441754,44.01084975288351,0.10247768589172705,NO_SEASONALITY,False,False,False,,ARIMA_PLUS (semanal),2026-10-07
4,1,1,1,True,31.596158950695862,-55.192317901391725,0.022767503329260426,NO_SEASONALITY,False,True,False,,ARIMA_PLUS (semanal),2026-10-07
2,0,1,1,False,-20.03232309693483,44.06464619386966,0.097441923663285,NO_SEASONALITY,False,False,False,,ARIMA_PLUS (semanal),2026-10-07
21,0,1,1,True,-33.782926761563665,73.56585352312733,0.16692385524241313,NO_SEASONALITY,False,False,False,,ARIMA_PLUS (semanal),2026-10-07
9,0,1,1,False,-27.0883687824953,58.1767375649906,0.13540803522102163,NO_SEASONALITY,False,False,False,,ARIMA_PLUS (semanal),2026-10-07
17,2,0,0,False,-35.368543425765694,78.73708685153139,0.14451287765560464,NO_SEASONALITY,False,False,False,,ARIMA_PLUS (semanal),2026-10-07
16,2,0,0,False,-34.32901132970812,76.65802265941625,0.15352685673101235,NO_SEASONALITY,False,False,False,,ARIMA_PLUS (semanal),2026-10-07
15,2,0,0,False,-32.50028390946862,73.00056781893724,0.15859255055759916,NO_SEASONALITY,False,False,False,,ARIMA_PLUS (semanal),2026-10-07
1,3,1,0,True,1.9498915053190147,6.100216989361971,0.054828389895664485,NO_SEASONALITY,False,False,False,,ARIMA_PLUS (semanal),2026-10-07
20,2,1,0,False,-10.721090794003088,27.442181588006175,0.07684726330663699,NO_SEASONALITY,False,False,False,,ARIMA_PLUS (semanal),2026-10-07
11,0,1,1,False,-28.311593916158582,60.623187832317164,0.12121675905262103,NO_SEASONALITY,False,False,False,,ARIMA_PLUS (semanal),2026-10-07
22,0,1,1,False,-36.259769765693704,76.51953953138741,0.16396390801475183,NO_SEASONALITY,False,False,False,,ARIMA_PLUS (semanal),2026-10-07
29,0,1,4,True,-51.009433767754736,114.01886753550947,0.2084435666583264,NO_SEASONALITY,False,True,False,,ARIMA_PLUS (semanal),2026-10-07
18,3,0,0,False,-6.85732747179005,23.7146549435801,0.07149561062932625,NO_SEASONALITY,False,False,False,,ARIMA_PLUS (semanal),2026-10-07
32,0,1,1,False,-62.122976035167966,128.24595207033593,0.29192712750861616,NO_SEASONALITY,False,True,False,,ARIMA_PLUS (semanal),2026-10-07
4,1,1,1,True,18.865418365781665,-29.73083673156333,0.032429961505795434,NO_SEASONALITY,False,False,False,,ARIMA_PLUS (semanal),2026-10-07
10,0,1,1,False,-28.44610236210134,60.89220472420268,0.13090973205278875,NO_SEASONALITY,False,False,False,,ARIMA_PLUS (semanal),2026-10-07
31,0,1,1,False,-57.212402964567595,118.42480592913519,0.2980037394715364,NO_SEASONALITY,False,True,False,,ARIMA_PLUS (semanal),2026-10-07
2,3,1,0,False,2.6679105569221253,2.6641788861557494,0.05420923518466747,NO_SEASONALITY,False,False,False,,ARIMA_PLUS (semanal),2026-10-07
24,1,1,1,True,-14.752654817828954,37.50530963565791,0.08764010130886919,NO_SEASONALITY,False,False,False,,ARIMA_PLUS (semanal),2026-10-07
8,3,1,1,True,1.9598259981810289,8.080348003637942,0.05282307848584398,NO_SEASONALITY,False,False,False,,ARIMA_PLUS (semanal),2026-10-07
5,1,1,1,True,19.528097155854617,-31.056194311709234,0.033633050247878445,NO_SEASONALITY,False,False,False,,ARIMA_PLUS (semanal),2026-10-07
34,2,0,0,False,-25.847974595175568,59.695949190351136,0.12049008586589055,NO_SEASONALITY,False,True,False,,ARIMA_PLUS (semanal),2026-10-07
38,1,1,1,True,4.338570432136123,-0.6771408642722463,0.04997015455085783,NO_SEASONALITY,False,True,False,,ARIMA_PLUS (semanal),2026-10-07
26,1,1,1,True,-18.54551213337193,45.09102426674386,0.09017236808508855,NO_SEASONALITY,False,False,False,,ARIMA_PLUS (semanal),2026-10-07
33,1,0,0,False,-23.652059104148336,53.30411820829667,0.12096562106973877,NO_SEASONALITY,False,False,False,,ARIMA_PLUS (semanal),2026-10-07
35,0,1,1,False,-31.15380756776665,66.3076151355333,0.13098728639161372,NO_SEASONALITY,False,True,False,,ARIMA_PLUS (semanal),2026-10-07
37,2,1,1,False,7.111677836950852,-6.223355673901704,0.047167256503137425,NO_SEASONALITY,False,True,False,,ARIMA_PLUS (semanal),2026-10-07
30,1,0,1,False,-58.9998026769402,125.9996053538804,0.3576145216392883,NO_SEASONALITY,False,False,False,,ARIMA_PLUS (semanal),2026-10-07
13,1,1,2,True,-41.65219891415848,93.30439782831697,0.17578582735707377,NO_SEASONALITY,False,True,False,,ARIMA_PLUS (semanal),2026-10-07
12,0,1,2,True,-41.30489937932033,90.60979875864066,0.20063839854539472,NO_SEASONALITY,False,True,False,,ARIMA_PLUS (semanal),2026-10-07
23,0,1,1,False,-39.187800197957195,82.37560039591439,0.1611456241888911,NO_SEASONALITY,False,False,False,,ARIMA_PLUS (semanal),2026-10-07
0,3,1,0,True,0.2953341724830949,9.40933165503381,0.05737419199630961,NO_SEASONALITY,False,False,False,,ARIMA_PLUS (semanal),2026-10-07
25,1,1,1,True,-15.524893060230532,39.049786120461064,0.08655461088277618,NO_SEASONALITY,False,False,False,,ARIMA_PLUS (semanal),2026-10-07
14,0,1,2,True,-45.99728698862966,99.99457397725932,0.18373285190664806,NO_SEASONALITY,False,True,False,,ARIMA_PLUS (semanal),2026-10-07
28,0,1,1,True,-50.67655841138508,107.35311682277016,0.23436614688644442,NO_SEASONALITY,False,True,False,,ARIMA_PLUS (semanal),2026-10-07
6,3,1,1,True,0.19834674543767505,11.60330650912465,0.05485189251973256,NO_SEASONALITY,False,False,False,,ARIMA_PLUS (semanal),2026-10-07
3,1,1,1,True,16.4121445940404,-24.824289188080797,0.03316274208470718,NO_SEASONALITY,False,False,False,,ARIMA_PLUS (semanal),2026-10-07
27,0,1,4,True,-45.00984104522744,102.01968209045488,0.22333343556341126,NO_SEASONALITY,False,True,False,,ARIMA_PLUS (semanal),2026-10-07
7,3,1,1,True,1.026911064352225,9.94617787129555,0.053737510602103224,NO_SEASONALITY,False,False,False,,ARIMA_PLUS (semanal),2026-10-07
19,3,0,0,False,-5.796894752826053,21.593789505652104,0.06819038096974042,NO_SEASONALITY,False,False,False,,ARIMA_PLUS (semanal),2026-10-07
36,0,1,1,False,4.877051758365511,-5.754103516731021,0.049653879921962636,NO_SEASONALITY,False,True,False,,ARIMA_PLUS (semanal),2026-10-07
77,1,0,0,False,26.428448961565188,-46.856897923130376,0.029549478481595653,NO_SEASONALITY,False,False,False,,ARIMA_PLUS (semanal),2026-10-07
37,0,0,2,False,-121.2862827839178,250.5725655678356,1.7703831485004444,NO_SEASONALITY,False,True,False,,ARIMA_PLUS (semanal),2026-10-07
25,0,0,0,False,-55.061892930436954,114.12378586087391,0.2761426141087716,NO_SEASONALITY,False,False,False,,ARIMA_PLUS (semanal),2026-10-07
3,0,1,1,True,-19.832762456336283,45.665524912672566,0.10194439181194175,NO_SEASONALITY,False,False,False,,ARIMA_PLUS (semanal),2026-10-07
50,0,1,2,True,-151.95224147459265,311.9044829491853,2.8835773580079698,NO_SEASONALITY,False,True,False,,ARIMA_PLUS (semanal),2026-10-07
40,0,1,4,False,-141.82314681139462,293.64629362278924,3.3196617199238276,NO_SEASONALITY,False,True,False,,ARIMA_PLUS (semanal),2026-10-07
58,0,1,4,True,-126.99997439971864,265.9999487994373,2.078044100156136,NO_SEASONALITY,False,True,False,,ARIMA_PLUS (semanal),2026-10-07
57,2,1,3,False,-122.14136448056374,256.2827289611275,2.567725191138007,NO_SEASONALITY,False,True,False,,ARIMA_PLUS (semanal),2026-10-07
49,0,1,2,True,-143.09554816479914,294.1910963295983,3.310215579177075,NO_SEASONALITY,False,True,False,,ARIMA_PLUS (semanal),2026-10-07
19,0,1,1,False,-44.53802765024905,93.0760553004981,0.20681291260536036,NO_SEASONALITY,False,False,False,,ARIMA_PLUS (semanal),2026-10-07
54,0,1,1,False,-151.18142786459865,306.3628557291973,6.4910191438767235,NO_SEASONALITY,False,False,False,,ARIMA_PLUS (semanal),2026-10-07
5,0,1,1,True,-22.656222361462802,51.312444722925605,0.09966068796594309,NO_SEASONALITY,False,False,False,,ARIMA_PLUS (semanal),2026-10-07
75,1,0,0,False,17.96182965397389,-29.92365930794778,0.03347401456637344,NO_SEASONALITY,False,False,False,,ARIMA_PLUS (semanal),2026-10-07
35,0,0,0,False,-73.41886104865942,150.83772209731885,0.38468049678072186,NO_SEASONALITY,False,True,False,,ARIMA_PLUS (semanal),2026-10-07
22,0,0,0,False,-48.83696008102526,101.67392016205052,0.23172868565663707,NO_SEASONALITY,False,False,False,,ARIMA_PLUS (semanal),2026-10-07
21,0,0,0,False,-45.680823106603185,95.36164621320637,0.23875597386413605,NO_SEASONALITY,False,False,False,,ARIMA_PLUS (semanal),2026-10-07
48,0,1,2,False,-134.2476312966193,274.4952625932386,3.8138804305296685,NO_SEASONALITY,False,True,False,,ARIMA_PLUS (semanal),2026-10-07
73,0,1,1,False,-177.24734893672084,358.4946978734417,9.082321738992034,NO_SEASONALITY,False,False,False,,ARIMA_PLUS (semanal),2026-10-07
29,0,0,0,False,-106.83230409562381,217.66460819124762,0.9061166596629138,NO_SEASONALITY,False,True,False,,ARIMA_PLUS (semanal),2026-10-07
30,2,0,3,False,-33.75097585808545,81.5019517161709,0.1546967535866988,NO_SEASONALITY,False,False,False,,ARIMA_PLUS (semanal),2026-10-07
70,2,1,3,True,-48.12577415150308,110.25154830300616,0.20394876232456347,NO_SEASONALITY,False,True,False,,ARIMA_PLUS (semanal),2026-10-07
8,2,1,3,True,-20.277959183248306,54.55591836649661,0.08915571031153179,NO_SEASONALITY,False,False,False,,ARIMA_PLUS (semanal),2026-10-07
65,3,1,1,False,-187.91592279431234,385.8318455886247,7.538504188109893,NO_SEASONALITY,False,False,False,,ARIMA_PLUS (semanal),2026-10-07
56,0,1,1,False,-165.11023140110947,334.22046280221895,4.225788789247954,NO_SEASONALITY,False,True,False,,ARIMA_PLUS (semanal),2026-10-07
17,0,1,1,False,-37.50787431938342,79.01574863876684,0.154594511258713,NO_SEASONALITY,False,True,False,,ARIMA_PLUS (semanal),2026-10-07
36,3,0,0,False,-111.55313250777064,233.10626501554128,1.7888620210131083,NO_SEASONALITY,False,True,False,,ARIMA_PLUS (semanal),2026-10-07
55,0,1,1,False,-165.73896173888954,335.4779234777791,6.564033844814652,NO_SEASONALITY,False,False,False,,ARIMA_PLUS (semanal),2026-10-07
63,1,0,4,False,-156.40281390411218,326.80562780822436,7.041988500773006,NO_SEASONALITY,False,False,False,,ARIMA_PLUS (semanal),2026-10-07
39,0,1,2,False,-122.151882179144,250.303764358288,2.6347252822996667,NO_SEASONALITY,False,True,False,,ARIMA_PLUS (semanal),2026-10-07
52,5,1,0,False,-61.89474878745438,135.78949757490875,0.3358534947303153,NO_SEASONALITY,False,True,False,,ARIMA_PLUS (semanal),2026-10-07
68,0,1,1,True,-69.46564209453432,144.93128418906863,0.3483073620143756,NO_SEASONALITY,False,False,False,,ARIMA_PLUS (semanal),2026-10-07
28,0,0,0,False,-98.809914845621,201.619829691242,0.9469592821121618,NO_SEASONALITY,False,True,False,,ARIMA_PLUS (semanal),2026-10-07
53,5,1,0,False,-70.72408028618813,153.44816057237625,0.36111819174249293,NO_SEASONALITY,False,True,False,,ARIMA_PLUS (semanal),2026-10-07
71,2,1,1,True,-54.96009487225102,119.92018974450204,0.22804318972537846,NO_SEASONALITY,False,True,False,,ARIMA_PLUS (semanal),2026-10-07
61,1,1,1,True,-75.17840971713184,158.35681943426368,0.47441306116488347,NO_SEASONALITY,False,True,False,,ARIMA_PLUS (semanal),2026-10-07
44,0,1,1,False,-58.86315193683016,121.72630387366031,0.26609821098488046,NO_SEASONALITY,False,False,False,,ARIMA_PLUS (semanal),2026-10-07
2,3,1,0,False,-22.4463134931066,52.8926269862132,0.10355952854596899,NO_SEASONALITY,False,False,False,,ARIMA_PLUS (semanal),2026-10-07
66,0,1,1,False,-61.624648683733454,127.24929736746691,0.3940811429724276,NO_SEASONALITY,False,False,False,,ARIMA_PLUS (semanal),2026-10-07
16,1,1,2,False,-31.979472141261496,71.95894428252299,0.1441177724962066,NO_SEASONALITY,False,True,False,,ARIMA_PLUS (semanal),2026-10-07
72,0,0,0,False,-163.4446909343903,330.8893818687806,8.945855451215428,NO_SEASONALITY,False,False,False,,ARIMA_PLUS (semanal),2026-10-07
6,1,1,1,True,-11.707747284580918,31.415494569161837,0.07967311598757465,NO_SEASONALITY,False,True,False,,ARIMA_PLUS (semanal),2026-10-07
74,0,1,1,False,-193.79724301459697,391.59448602919394,8.814427684163558,NO_SEASONALITY,False,False,False,,ARIMA_PLUS (semanal),2026-10-07
43,0,1,1,False,-53.85454681165309,111.70909362330617,0.2686885441356664,NO_SEASONALITY,False,False,False,,ARIMA_PLUS (semanal),2026-10-07
0,3,1,0,True,-20.1480016810453,50.2960033620906,0.10791607028916872,NO_SEASONALITY,False,False,False,,ARIMA_PLUS (semanal),2026-10-07
62,0,1,1,True,-84.11156629006555,174.2231325801311,0.49177139849557694,NO_SEASONALITY,False,True,False,,ARIMA_PLUS (semanal),2026-10-07
38,0,0,2,False,-131.06545472590165,270.1309094518033,1.6748737521154566,NO_SEASONALITY,False,True,False,,ARIMA_PLUS (semanal),2026-10-07
64,1,0,4,False,-170.04519839561706,354.0903967912341,6.8773438214077265,NO_SEASONALITY,False,False,False,,ARIMA_PLUS (semanal),2026-10-07
26,0,0,0,False,-61.937067426197714,127.87413485239543,0.28657725379995563,NO_SEASONALITY,False,False,False,,ARIMA_PLUS (semanal),2026-10-07
32,0,1,1,True,-43.394002720819095,92.78800544163819,0.17078658126574106,NO_SEASONALITY,False,False,False,,ARIMA_PLUS (semanal),2026-10-07
23,0,0,0,False,-53.68032928470674,111.36065856941347,0.2318978359005535,NO_SEASONALITY,False,False,False,,ARIMA_PLUS (semanal),2026-10-07
45,1,0,0,False,-67.79293723362348,141.58587446724695,0.47060969956271936,NO_SEASONALITY,False,False,False,,ARIMA_PLUS (semanal),2026-10-07
47,1,1,1,True,-77.40081738522531,162.80163477045062,0.41597807596365755,NO_SEASONALITY,False,False,False,,ARIMA_PLUS (semanal),2026-10-07
67,0,1,1,True,-64.87158898915172,135.74317797830344,0.36549758237851704,NO_SEASONALITY,False,False,False,,ARIMA_PLUS (semanal),2026-10-07
14,1,0,0,False,-47.39399111024645,100.7879822204929,0.19723649338151666,NO_SEASONALITY,False,False,False,,ARIMA_PLUS (semanal),2026-10-07
4,0,1,1,True,-21.596918401934,49.193836803868,0.10210869998376751,NO_SEASONALITY,False,False,False,,ARIMA_PLUS (semanal),2026-10-07
1,3,1,0,True,-21.547132984310732,53.094265968621464,0.1068271913359266,NO_SEASONALITY,False,False,False,,ARIMA_PLUS (semanal),2026-10-07
69,2,1,1,True,-46.67676573203206,103.35353146406412,0.23223600802697225,NO_SEASONALITY,False,True,False,,ARIMA_PLUS (semanal),2026-10-07
42,1,0,4,False,-44.74582455748883,103.49164911497766,0.2112348076446552,NO_SEASONALITY,False,False,False,,ARIMA_PLUS (semanal),2026-10-07
15,1,1,3,False,-28.73732876063965,67.4746575212793,0.14145746234416878,NO_SEASONALITY,False,True,False,,ARIMA_PLUS (semanal),2026-10-07
60,1,1,1,True,-70.29021743894579,148.58043487789158,0.49637189820437727,NO_SEASONALITY,False,True,False,,ARIMA_PLUS (semanal),2026-10-07
7,0,1,1,False,-15.23030388586044,34.46060777172088,0.08943346151610082,NO_SEASONALITY,False,True,False,,ARIMA_PLUS (semanal),2026-10-07
41,0,1,2,False,-141.6982672939469,289.3965345878938,2.302351440019232,NO_SEASONALITY,False,True,False,,ARIMA_PLUS (semanal),2026-10-07
51,5,1,0,False,-58.01123680042218,128.02247360084436,0.35035284003354406,NO_SEASONALITY,False,True,False,,ARIMA_PLUS (semanal),2026-10-07
59,2,1,3,False,-141.53645257764123,295.07290515528246,2.242698566830005,NO_SEASONALITY,False,True,False,,ARIMA_PLUS (semanal),2026-10-07
34,0,1,1,True,-63.157882847032944,132.31576569406587,0.3347868664237977,NO_SEASONALITY,False,True,False,,ARIMA_PLUS (semanal),2026-10-07
9,0,0,4,False,-6.647956969030854,25.29591393806171,0.07098618760976798,NO_SEASONALITY,False,False,False,,ARIMA_PLUS (semanal),2026-10-07
27,0,0,0,False,-91.76727627118917,187.53455254237835,0.9858327477882699,NO_SEASONALITY,False,True,False,,ARIMA_PLUS (semanal),2026-10-07
31,0,1,1,True,-40.13153169860754,86.26306339721508,0.17339949920443065,NO_SEASONALITY,False,False,False,,ARIMA_PLUS (semanal),2026-10-07
46,0,1,1,False,-73.65364733621526,151.30729467243052,0.4761139190065455,NO_SEASONALITY,False,False,False,,ARIMA_PLUS (semanal),2026-10-07
33,0,1,4,True,-48.500577664306356,109.00115532861271,0.2486860717368731,NO_SEASONALITY,False,True,False,,ARIMA_PLUS (semanal),2026-10-07
10,1,0,3,False,-8.23678182722778,28.47356365445556,0.07324384542712485,NO_SEASONALITY,False,False,False,,ARIMA_PLUS (semanal),2026-10-07
20,2,1,1,False,-50.37212428802854,108.74424857605707,0.21321734496844993,NO_SEASONALITY,False,False,False,,ARIMA_PLUS (semanal),2026-10-07
11,0,0,4,False,-11.240817001782476,34.48163400356495,0.07755148769587593,NO_SEASONALITY,False,False,False,,ARIMA_PLUS (semanal),2026-10-07
76,1,0,0,False,21.763992316936804,-37.52798463387361,0.03150847917059851,NO_SEASONALITY,False,False,False,,ARIMA_PLUS (semanal),2026-10-07
13,1,0,0,False,-42.43338382666341,90.86676765332682,0.19332526661978153,NO_SEASONALITY,False,False,False,,ARIMA_PLUS (semanal),2026-10-07
12,1,0,0,False,-40.43541200534211,86.87082401068422,0.2030262917778506,NO_SEASONALITY,False,False,False,,ARIMA_PLUS (semanal),2026-10-07
24,0,0,0,False,-51.553235761928796,107.10647152385759,0.2860399884016343,NO_SEASONALITY,False,False,False,,ARIMA_PLUS (semanal),2026-10-07
18,0,1,1,False,-39.54508844910098,83.09017689820196,0.1985485043646791,NO_SEASONALITY,False,False,False,,ARIMA_PLUS (semanal),2026-10-07
0,0,1,1,False,-29.27351192655639,62.54702385311278,0.11138937081049245,NO_SEASONALITY,False,False,False,,ARIMA_PLUS (semanal),2026-10-07
0,0,1,2,True,-51.40753783344623,110.81507566689245,0.17535079191703928,NO_SEASONALITY,False,True,False,,ARIMA_PLUS (semanal),2026-10-07
0,2,0,0,False,-40.15063037968154,88.30126075936307,0.14107978651128747,NO_SEASONALITY,False,False,False,,ARIMA_PLUS (semanal),2026-10-07
0,1,0,1,False,-69.84398229223433,147.68796458446866,0.27058982672791587,NO_SEASONALITY,False,True,False,,ARIMA_PLUS (semanal),2026-10-07
