id_produto,produto_nome,marca,grupo,subgrupo,cluster,log_preco_unidade,desconto_medio,pct_nutricionista,tendencia,volatilidade,tri1,tri2,tri3,tri4,curva_1,curva_2,curva_3,curva_4,data_base
1001,Whey 3W,MAX TITANIUM,SEM_GRUPO,SEM_SUBGRUPO,6,5.1117,-0.0,1.0,-0.6061,1.5481,0.3333,0.3611,0.2222,0.0833,-0.018,1.907,-0.2677,-1.0468,2026-10-04
1010,Ômega Golden,ESSENTIAL,SEM_GRUPO,SEM_SUBGRUPO,5,5.2385,0.0,1.0,-1.7918,1.9184,0.1935,0.5484,0.1613,0.0968,1.6579,-0.7796,0.8913,1.7774,2026-10-04
1011,Ômega Core,ESSENTIAL,SEM_GRUPO,SEM_SUBGRUPO,3,5.2842,0.0,1.0,-0.2877,1.6682,0.2041,0.2857,0.4286,0.0816,0.7119,-1.8147,-0.6864,-0.3258,2026-10-04
102,Tasty Whey 3W Gourmet,ADAPTOGEN,SEM_GRUPO,SEM_SUBGRUPO,5,5.3181,-0.0,1.0,0.47,1.5972,0.2703,0.3784,0.2703,0.0811,-1.3673,-0.0538,1.7117,2.2344,2026-10-04
1020,Pasta de Amendoim,DR. PEANUT,SEM_GRUPO,SEM_SUBGRUPO,0,3.9947,-0.0,1.0,0.0,1.9135,0.2188,0.0938,0.4062,0.2812,2.026,-2.1653,-0.5802,-1.594,2026-10-04
1026,Colágeno - Collagen Pro - Body Suport,PURAVIDA,SEM_GRUPO,SEM_SUBGRUPO,6,5.2138,-0.0,1.0,-0.6931,1.5723,0.3509,0.2807,0.2105,0.1579,2.8709,-0.4133,-0.0951,-1.306,2026-10-04
1035,Suplemento - Hyaluronic Hair,VITAFOR,SEM_GRUPO,SEM_SUBGRUPO,3,4.2772,-0.0,1.0,0.4055,1.2357,0.3014,0.3014,0.3425,0.0548,1.0956,0.6799,-2.5612,0.1125,2026-10-04
1037,Barrinha de Proteína - Protein Crisp Bar,INTEGRALMEDICA,SEM_GRUPO,SEM_SUBGRUPO,5,4.2185,0.0,1.0,0.0,1.9863,0.3617,0.3404,0.0,0.2979,2.8796,0.5229,0.0126,-0.3042,2026-10-04
1044,Própolis Trio,TRUE SOURCE,SEM_GRUPO,SEM_SUBGRUPO,3,4.2138,-0.0,1.0,0.0,2.2142,0.1957,0.3696,0.3696,0.0652,-0.066,1.0821,-1.6646,1.376,2026-10-04
1045,True Cúrcuma,TRUE SOURCE,SEM_GRUPO,SEM_SUBGRUPO,5,4.3626,0.0,1.0,-1.2528,1.7793,0.3469,0.3878,0.2245,0.0408,0.4412,1.2831,0.5362,0.6506,2026-10-04
1048,Colágeno - Collagen Essential Protein,ESSENTIAL,SEM_GRUPO,SEM_SUBGRUPO,6,5.3711,-0.0,1.0,0.5596,1.5391,0.3714,0.2286,0.3143,0.0857,0.7752,1.1278,0.2062,-0.7122,2026-10-04
1049,Colágeno - Collagen Essential Protein,ESSENTIAL,SEM_GRUPO,SEM_SUBGRUPO,3,5.3963,0.0,1.0,0.0,1.6338,0.3091,0.2,0.4,0.0909,0.2212,-1.3663,0.1349,-0.7908,2026-10-04
1050,Colágeno - Collagen Essential Protein,ESSENTIAL,SEM_GRUPO,SEM_SUBGRUPO,3,5.283,-0.0,1.0,0.5878,1.3926,0.2364,0.3636,0.3636,0.0364,2.641,0.2291,-0.9637,2.2752,2026-10-04
1051,Colágeno - Collagen Essential Protein,ESSENTIAL,SEM_GRUPO,SEM_SUBGRUPO,0,5.2959,0.0,0.9628,-0.4055,1.7545,0.2667,0.3,0.1333,0.3,2.658,-0.6869,-0.0439,-0.0414,2026-10-04
1052,Colágeno - Collagen Essential Protein,ESSENTIAL,SEM_GRUPO,SEM_SUBGRUPO,5,5.3223,0.0,1.0,0.1054,1.2816,0.2987,0.3896,0.1818,0.1299,2.7256,0.97,0.0079,1.8182,2026-10-04
1056,Suplemento Alimentar - Pura Fiber,PURAVIDA,SEM_GRUPO,SEM_SUBGRUPO,0,4.2815,-0.0,1.0,1.5041,1.6072,0.25,0.1562,0.3125,0.2812,2.2544,-0.7453,-1.2447,-1.0213,2026-10-04
1060,Beef Protein,ESSENTIAL,SEM_GRUPO,SEM_SUBGRUPO,0,5.4084,0.0,1.0,-0.3365,1.7182,0.1698,0.1887,0.3585,0.283,-0.1582,-3.2469,-0.5704,-1.4228,2026-10-04
1063,Nitro 400,PLANT POWER,SEM_GRUPO,SEM_SUBGRUPO,5,4.925,0.0,1.0,-2.6391,1.6949,0.3621,0.3793,0.069,0.1897,-1.7677,-0.3228,3.1781,-0.1019,2026-10-04
1065,Bio Vitamina B12 em gotas,PURAVIDA,SEM_GRUPO,SEM_SUBGRUPO,0,3.7186,0.0,1.0,1.0986,1.2312,0.2698,0.3175,0.2619,0.1508,3.045,-1.039,-0.2824,-0.3252,2026-10-04
1067,Melatonina,PURAVIDA,SEM_GRUPO,SEM_SUBGRUPO,5,3.9788,0.0,1.0,-1.0986,1.9214,0.4,0.3,0.2,0.1,0.9088,-0.0184,2.3629,-0.241,2026-10-04
1069,Bio Ferro,PURAVIDA,SEM_GRUPO,SEM_SUBGRUPO,3,3.7343,0.0047,1.0,-0.4055,0.6897,0.2103,0.3411,0.2804,0.1682,-1.0,-2.6268,-0.2107,0.9161,2026-10-04
107,Tasty Whey 3W Gourmet,ADAPTOGEN,SEM_GRUPO,SEM_SUBGRUPO,3,5.2471,-0.0,1.0,0.0,1.6496,0.3256,0.2093,0.3953,0.0698,-0.2592,-1.2244,0.2538,-0.2475,2026-10-04
1072,Pasta de Amendoim Granulado,MANDUBIM,SEM_GRUPO,SEM_SUBGRUPO,3,3.2529,-0.0,1.0,0.47,1.723,0.2647,0.2941,0.3824,0.0588,0.3228,0.163,-1.2687,0.6181,2026-10-04
1073,Pasta de Amendoim Integral,MANDUBIM,SEM_GRUPO,SEM_SUBGRUPO,0,2.8931,-0.0,1.0,-0.47,1.3714,0.1714,0.3429,0.2286,0.2571,2.1017,-1.5986,-1.1892,-0.4464,2026-10-04
109,Tasty Whey 3W Gourmet,ADAPTOGEN,SEM_GRUPO,SEM_SUBGRUPO,6,5.2227,0.0,1.0,-0.2231,1.4883,0.3333,0.2889,0.2889,0.0889,1.5382,-0.338,0.2463,-0.4253,2026-10-04
1091,Cafeína,DUX,SEM_GRUPO,SEM_SUBGRUPO,6,3.7737,-0.0,1.0,-0.5596,1.5045,0.3958,0.2708,0.2292,0.1042,2.6302,1.7201,-0.7401,-0.5378,2026-10-04
1092,Creatina 100%,NUTRIFY,SEM_GRUPO,SEM_SUBGRUPO,6,4.0134,0.002,1.0,-0.2513,0.8385,0.3006,0.319,0.2393,0.1411,1.4346,1.7753,0.3266,0.9869,2026-10-04
1093,Colágeno - Collagen Renew Hidrolisado,NUTRIFY,SEM_GRUPO,SEM_SUBGRUPO,0,4.3917,0.0,1.0,0.0,1.395,0.2703,0.2703,0.2973,0.1622,0.4993,-1.565,-0.7047,-1.071,2026-10-04
1095,Colágeno - Collagen Renew Hidrolisado,NUTRIFY,SEM_GRUPO,SEM_SUBGRUPO,0,4.4375,0.0,1.0,0.0,2.1139,0.2368,0.2105,0.4211,0.1316,-1.6612,-1.9038,-0.422,-1.1224,2026-10-04
1096,Colágeno - Collagen Renew Hidrolisado,NUTRIFY,SEM_GRUPO,SEM_SUBGRUPO,3,4.4039,0.0,1.0,0.2877,1.5173,0.2632,0.2632,0.2895,0.1842,-0.8813,-0.4126,0.2824,0.4318,2026-10-04
1097,Creatina 100%,NUTRIFY,SEM_GRUPO,SEM_SUBGRUPO,3,4.4907,0.0021,1.0,0.2877,1.02,0.2489,0.4072,0.2534,0.0905,2.2559,-0.0601,-0.3092,2.2099,2026-10-04
1099,Whey - Immuno Golden,ESSENTIAL,SEM_GRUPO,SEM_SUBGRUPO,5,5.3442,-0.0,1.0,-0.6931,2.2038,0.2857,0.4643,0.1071,0.1429,3.1369,0.029,-0.1506,0.9973,2026-10-04
1100,Colágeno - Collagen Bones,ESSENTIAL,SEM_GRUPO,SEM_SUBGRUPO,5,5.2312,0.0,1.0,-1.0986,1.9462,0.2381,0.4286,0.1429,0.1905,-0.654,-0.9493,0.8719,-0.0302,2026-10-04
1103,Coffee - Brainstorm,ESSENTIAL,SEM_GRUPO,SEM_SUBGRUPO,3,4.6974,-0.0,0.9736,0.2877,1.3343,0.3171,0.2439,0.3171,0.122,2.294,-1.2985,0.0793,0.0943,2026-10-04
1105,Aminoácidos - Aminolift,ESSENTIAL,SEM_GRUPO,SEM_SUBGRUPO,5,5.2507,0.0,1.0,0.0,1.4718,0.2453,0.3962,0.2642,0.0943,0.2475,-0.2216,0.9113,1.3419,2026-10-04
1106,Melatonina Duo,ESSENTIAL,SEM_GRUPO,SEM_SUBGRUPO,3,4.1316,-0.0,1.0,0.2513,0.9175,0.2667,0.3,0.2667,0.1667,1.1483,0.0352,-0.3698,0.1325,2026-10-04
1107,Melatonina Duo Harmony,ESSENTIAL,SEM_GRUPO,SEM_SUBGRUPO,3,4.766,-0.0,1.0,-0.47,1.5391,0.2,0.3143,0.3714,0.1143,0.0766,-1.4178,-1.3295,0.0182,2026-10-04
1108,Suplemento Alimentar - L-teanina - Happy Theanine,ESSENTIAL,SEM_GRUPO,SEM_SUBGRUPO,3,4.8957,0.0,1.0,-0.1823,1.7624,0.1613,0.3871,0.3226,0.129,-0.7048,-1.9907,-0.2385,1.4925,2026-10-04
1109,Glutamina,ESSENTIAL,SEM_GRUPO,SEM_SUBGRUPO,5,4.9011,-0.0,1.0,0.0,2.1062,0.32,0.4,0.16,0.12,1.5533,0.5002,0.2524,1.4621,2026-10-04
111,Gold Whey Concentrado Refil,ADAPTOGEN,SEM_GRUPO,SEM_SUBGRUPO,1,5.1134,-0.0,0.9631,1.9459,2.1712,0.5667,0.1333,0.2,0.1,-1.7589,0.766,2.1332,-0.121,2026-10-04
1110,Pré-treino - Energyzer & focus,TRUE SOURCE,SEM_GRUPO,SEM_SUBGRUPO,0,4.6705,0.0,1.0,0.0,1.9599,0.25,0.1875,0.3438,0.2188,1.8927,-1.6774,-0.2616,-0.5582,2026-10-04
1111,Suplemento Alimentar - True Nac,TRUE SOURCE,SEM_GRUPO,SEM_SUBGRUPO,1,4.1984,0.0069,0.9675,0.8109,1.767,0.3125,0.25,0.3438,0.0938,-2.344,0.0496,0.6635,1.2003,2026-10-04
1112,Whey Isolado - Isofort Ultra Imuno,VITAFOR,SEM_GRUPO,SEM_SUBGRUPO,3,5.7843,-0.0,1.0,0.1542,1.9777,0.2593,0.2593,0.3704,0.1111,-1.2998,0.4704,-1.7869,-0.6802,2026-10-04
1114,Fresh Vegan,DUX,SEM_GRUPO,SEM_SUBGRUPO,0,5.0443,0.0085,1.0,-0.5878,1.4574,0.2,0.3111,0.3333,0.1556,1.1229,-1.6295,-1.1228,-1.0674,2026-10-04
1116,Fresh Vegan,DUX,SEM_GRUPO,SEM_SUBGRUPO,6,5.0441,0.0085,1.0,0.2231,1.4259,0.4222,0.1333,0.3111,0.1333,1.0826,-0.3963,-0.1428,-2.6875,2026-10-04
1117,Própolis Verde - Propomax,APIS FLORA,SEM_GRUPO,SEM_SUBGRUPO,0,3.3497,-0.0,0.9912,-0.2231,1.0407,0.2783,0.2957,0.2348,0.1913,-1.368,-0.3809,-0.8293,-0.6986,2026-10-04
1118,Própolis Verde 70,APIS FLORA,SEM_GRUPO,SEM_SUBGRUPO,3,3.6056,-0.0,1.0,-0.3677,1.431,0.3067,0.2933,0.3733,0.0267,0.6412,-0.3623,-0.895,-0.2511,2026-10-04
1119,Própolis Verde - Alcoólico,APIS FLORA,SEM_GRUPO,SEM_SUBGRUPO,0,3.3353,-0.0,1.0,-0.6061,1.2493,0.2887,0.2268,0.2784,0.2062,0.9179,-1.4467,0.1225,-1.6252,2026-10-04
112,Gold Whey Concentrado Refil,ADAPTOGEN,SEM_GRUPO,SEM_SUBGRUPO,3,5.0257,-0.0,0.9752,-0.1542,1.5096,0.1569,0.3333,0.3333,0.1765,0.8683,-2.8126,-0.9983,0.0455,2026-10-04
1120,Própolis Alcoólico,APIS FLORA,SEM_GRUPO,SEM_SUBGRUPO,2,3.352,-0.0,1.0,0.3185,2.0025,0.2308,0.2821,0.4359,0.0513,-0.5729,1.142,-2.291,0.5386,2026-10-04
1124,Proteína Isolada e Hidrolisada - Body Protein,EQUALIV,SEM_GRUPO,SEM_SUBGRUPO,5,5.2684,0.0,1.0,-0.2877,1.7686,0.3235,0.4118,0.1765,0.0882,2.8442,0.9682,0.5285,1.2467,2026-10-04
1127,Creatina - Creapure,ATLHETICA NUTRITION,SEM_GRUPO,SEM_SUBGRUPO,3,5.1309,-0.0,1.0,1.3863,1.563,0.1905,0.3968,0.2698,0.1429,3.1833,-1.1874,-0.28,1.5071,2026-10-04
1128,Sleep,KOALA,SEM_GRUPO,SEM_SUBGRUPO,5,5.1445,0.0,0.9859,-1.7047,1.2171,0.3333,0.3939,0.1818,0.0909,1.2228,-0.6505,2.1105,0.4491,2026-10-04
1129,Coenzima Q10,YOSEN,SEM_GRUPO,SEM_SUBGRUPO,2,5.3084,0.0128,0.975,1.3863,2.3302,0.175,0.175,0.55,0.1,-1.7902,1.1166,-2.169,1.1439,2026-10-04
113,Gold Whey Concentrado Refil,ADAPTOGEN,SEM_GRUPO,SEM_SUBGRUPO,1,5.0352,-0.0,0.9558,0.9163,1.3591,0.25,0.2885,0.3269,0.1346,-0.2855,-1.224,0.4624,1.6937,2026-10-04
1131,Vitamina B12,YOSEN,SEM_GRUPO,SEM_SUBGRUPO,3,4.4229,0.0,1.0,0.1942,1.3167,0.2131,0.3443,0.3934,0.0492,-1.0292,1.685,-2.2954,1.2316,2026-10-04
1132,Ferro - Ydrosolv,YOSEN,SEM_GRUPO,SEM_SUBGRUPO,3,4.5492,0.0,1.0,0.636,1.1926,0.2747,0.2967,0.3297,0.0989,1.3678,-0.3687,-2.1446,0.5888,2026-10-04
1137,Melatonina - Ydrosolv,YOSEN,SEM_GRUPO,SEM_SUBGRUPO,6,4.3285,0.0,1.0,-0.9163,1.6419,0.4318,0.1818,0.25,0.1364,2.4129,0.2333,-0.2933,-1.7841,2026-10-04
1141,Granola Australia - Low Carb,HART`S NATURAL,SEM_GRUPO,SEM_SUBGRUPO,3,3.7513,0.0,1.0,-0.1178,1.9043,0.0811,0.4054,0.3243,0.1892,-0.369,-0.9509,-1.8651,0.5404,2026-10-04
1143,Granola - Zero Açúcar,WS NATURAIS,SEM_GRUPO,SEM_SUBGRUPO,5,3.3062,-0.0,1.0,-1.7918,1.7539,0.3182,0.3182,0.1818,0.1818,-0.2213,-1.6423,2.7105,0.4686,2026-10-04
1146,Granola,KOBBER,SEM_GRUPO,SEM_SUBGRUPO,0,3.5324,0.0,1.0,-0.9808,1.8216,0.2093,0.2558,0.3721,0.1628,0.536,-1.9582,-0.2155,-1.7638,2026-10-04
115,Gold Whey Concentrado Refil,ADAPTOGEN,SEM_GRUPO,SEM_SUBGRUPO,5,4.9549,0.0,1.0,-1.7047,2.0967,0.3333,0.4444,0.1556,0.0667,1.5382,1.5903,0.0243,-0.0257,2026-10-04
1157,Refil Whey Concentrado - W100,NUTRATA,SEM_GRUPO,SEM_SUBGRUPO,5,4.8016,-0.0,1.0,-0.3102,1.4493,0.2903,0.3871,0.2581,0.0645,-0.101,2.1336,-0.2271,0.6739,2026-10-04
1158,Refil Whey Concentrado - W100,NUTRATA,SEM_GRUPO,SEM_SUBGRUPO,3,4.8031,0.0,1.0,-0.1431,1.1868,0.1486,0.3784,0.3919,0.0811,-0.3242,-1.8224,-0.9128,1.7924,2026-10-04
1159,Refil Whey Concentrado Havanna - W100,NUTRATA,SEM_GRUPO,SEM_SUBGRUPO,5,4.811,-0.0,1.0,-0.7472,1.172,0.2462,0.4385,0.2231,0.0923,1.4999,-1.1023,1.2894,2.5996,2026-10-04
1199,Whey Protein - Isofort Beauty,VITAFOR,SEM_GRUPO,SEM_SUBGRUPO,2,4.9654,0.0146,0.9712,0.0,1.9184,0.0968,0.3871,0.4194,0.0968,-2.5346,1.202,-2.3315,0.6629,2026-10-04
1200,Whey Protein - Isofort Beauty,VITAFOR,SEM_GRUPO,SEM_SUBGRUPO,3,4.959,0.0063,0.9896,-0.2007,1.0816,0.2778,0.3222,0.2889,0.1111,-3.7474,0.396,0.2948,0.4123,2026-10-04
1201,Whey Protein - Isofort Beauty,VITAFOR,SEM_GRUPO,SEM_SUBGRUPO,5,4.9692,-0.0,1.0,-0.1823,1.7528,0.2308,0.4231,0.1923,0.1538,-0.2154,0.807,-1.1041,0.9178,2026-10-04
1204,Vitamina D3,NUTRIFY,SEM_GRUPO,SEM_SUBGRUPO,3,3.6543,0.0059,0.9938,0.3878,1.0604,0.1611,0.2722,0.4111,0.1556,0.6857,-2.174,-1.3952,1.2301,2026-10-04
1205,Magnésio Inositol,NUTRIFY,SEM_GRUPO,SEM_SUBGRUPO,3,4.935,0.0,0.985,-0.7885,1.1352,0.2029,0.3478,0.3188,0.1304,-2.2605,-0.8222,-0.5163,-0.1704,2026-10-04
1211,"Suplemento Alimentar - Cabelo, Unha e Pele - Beauty +",EQUALIV,SEM_GRUPO,SEM_SUBGRUPO,1,4.8153,-0.0,0.9648,-0.1054,1.7927,0.2857,0.4286,0.2857,0.0,-2.3854,1.858,-0.6072,1.6993,2026-10-04
1212,Ômega 3 - Ultra Caps 1000mg,EQUALIV,SEM_GRUPO,SEM_SUBGRUPO,3,4.9768,-0.0,1.0,-0.2624,0.8818,0.2535,0.3028,0.331,0.1127,0.3735,-0.0926,-1.2093,-0.7601,2026-10-04
1213,Ômega 3 - EPA DHA - 1000mg,EQUALIV,SEM_GRUPO,SEM_SUBGRUPO,2,4.0627,0.0157,0.9902,0.1133,1.0207,0.24,0.26,0.4,0.1,0.0143,-0.1144,-3.2228,-0.5709,2026-10-04
1214,Ômega 3 - EPA DHA - 1000mg,EQUALIV,SEM_GRUPO,SEM_SUBGRUPO,3,4.0973,0.0,1.0,-0.2469,1.1149,0.2671,0.3106,0.2484,0.1739,-0.7351,0.0635,-0.9526,-0.8348,2026-10-04
1215,Ômega 3 - EPA DHA - 1000mg,EQUALIV,SEM_GRUPO,SEM_SUBGRUPO,5,4.3153,0.0,1.0,-1.7918,0.9891,0.2719,0.3509,0.2149,0.1623,0.3774,-1.3992,1.1652,-1.081,2026-10-04
1219,Beef Protein,ESSENTIAL,SEM_GRUPO,SEM_SUBGRUPO,6,5.219,0.0,1.0,0.0,1.7597,0.5536,0.2143,0.125,0.1071,0.7679,1.024,1.6104,-0.2532,2026-10-04
1220,Immuno Whey,ESSENTIAL,SEM_GRUPO,SEM_SUBGRUPO,6,5.4363,0.0,1.0,-0.452,1.6081,0.3333,0.3148,0.2778,0.0741,1.1274,1.8391,-0.0465,-0.098,2026-10-04
1227,Body Protein Vegano,EQUALIV,SEM_GRUPO,SEM_SUBGRUPO,3,4.9869,-0.0,1.0,0.1823,1.7154,0.25,0.375,0.2812,0.0938,0.8802,0.4049,-0.1713,1.8743,2026-10-04
1228,Creatina Monohidratada,EQUALIV,SEM_GRUPO,SEM_SUBGRUPO,3,4.566,-0.0,1.0,-0.2231,1.3331,0.3333,0.303,0.303,0.0606,0.1653,-1.0938,0.0978,0.7894,2026-10-04
1237,Vitamina B9 - Ácido Fólico,PURAVIDA,SEM_GRUPO,SEM_SUBGRUPO,5,4.335,0.0,1.0,-0.9163,1.9828,0.2273,0.3636,0.1818,0.2273,0.2619,-0.866,0.9993,-0.6398,2026-10-04
1238,Suplemento de Magnésio - Blue Calm,PURAVIDA,SEM_GRUPO,SEM_SUBGRUPO,6,4.6135,-0.0,1.0,0.5108,1.2478,0.4133,0.16,0.2533,0.1733,0.9706,-0.4755,1.6514,-1.2726,2026-10-04
1239,Suplemento de Magnésio - Blue Calm,PURAVIDA,SEM_GRUPO,SEM_SUBGRUPO,6,4.4617,0.0,1.0,0.0,1.6255,0.4035,0.3333,0.2105,0.0526,2.3432,1.4764,-0.1659,0.1251,2026-10-04
1240,Palatinose,PURAVIDA,SEM_GRUPO,SEM_SUBGRUPO,2,4.0561,0.0,0.9651,2.0794,2.0053,0.0857,0.2286,0.5143,0.1714,1.0936,-1.1117,-1.54,0.9236,2026-10-04
1242,Vitamina D3,ESSENTIAL,SEM_GRUPO,SEM_SUBGRUPO,1,4.5384,0.0,0.961,-0.6931,2.4699,0.2759,0.2414,0.2414,0.2414,0.0193,-0.3201,1.1588,0.0876,2026-10-04
1245,Zinco Quelato,OCEAN DROP,SEM_GRUPO,SEM_SUBGRUPO,5,3.7225,-0.0,1.0,-1.2238,1.929,0.2286,0.4857,0.1714,0.1143,-2.3933,0.9783,-0.0653,-0.0511,2026-10-04
1247,Omegafor Family - Ômega 3,VITAFOR,SEM_GRUPO,SEM_SUBGRUPO,6,4.1374,0.0,1.0,-0.2877,1.6368,0.5128,0.2949,0.1282,0.0641,3.2745,2.2325,0.2081,-0.5585,2026-10-04
1248,Pré-Treino - Beta Action,ESSENTIAL,SEM_GRUPO,SEM_SUBGRUPO,5,5.2915,0.0,1.0,-1.6094,2.1055,0.3846,0.3462,0.1154,0.1538,1.1205,0.4764,1.8975,-0.8233,2026-10-04
1249,BodyBalance - Muscle Synergy,ESSENTIAL,SEM_GRUPO,SEM_SUBGRUPO,5,5.4379,0.0,1.0,-0.8109,1.7513,0.2368,0.3947,0.1053,0.2632,0.2672,0.1222,-0.1706,-0.0158,2026-10-04
1250,NAC + Glycine + Taurine,ESSENTIAL,SEM_GRUPO,SEM_SUBGRUPO,6,4.5108,-0.0,1.0,-0.1054,1.577,0.2909,0.2364,0.2909,0.1818,-2.6089,-0.6346,0.9352,0.0116,2026-10-04
1251,Colágeno -  Collagen Gut,ESSENTIAL,SEM_GRUPO,SEM_SUBGRUPO,5,5.1921,0.0,1.0,0.1178,1.5536,0.25,0.35,0.2167,0.1833,1.3465,0.7924,-0.0341,0.9114,2026-10-04
1252,Super Ômega 3,ESSENTIAL,SEM_GRUPO,SEM_SUBGRUPO,5,5.3096,0.0,1.0,0.0,1.1785,0.3151,0.411,0.1918,0.0822,2.0105,1.0607,-0.0026,1.9068,2026-10-04
1265,Vitamina D3,OCEAN DROP,SEM_GRUPO,SEM_SUBGRUPO,5,3.8994,0.0077,1.0,-0.3185,1.4003,0.2985,0.4179,0.2537,0.0299,2.3775,1.5492,-0.2726,1.4658,2026-10-04
1274,Suplemento Alimentar - Alpha Inflaminus,PURAVIDA,SEM_GRUPO,SEM_SUBGRUPO,6,4.9397,-0.0,1.0,-0.6931,1.425,0.303,0.303,0.303,0.0909,0.054,-0.0088,-0.3553,-1.2147,2026-10-04
1289,Refil Whey Concentrado - W100,NUTRATA,SEM_GRUPO,SEM_SUBGRUPO,5,4.8023,0.0,1.0,-0.4055,1.7377,0.2791,0.4186,0.2093,0.093,0.0568,1.9398,-0.8884,0.5885,2026-10-04
1290,Refil Whey Concentrado - W100,NUTRATA,SEM_GRUPO,SEM_SUBGRUPO,5,4.7667,0.0,1.0,0.47,1.8329,0.275,0.4,0.3,0.025,0.7068,0.646,0.0918,2.783,2026-10-04
1292,SuperCoffee,CAFFEINE ARMY,SEM_GRUPO,SEM_SUBGRUPO,5,5.0755,0.0022,1.0,-0.5596,1.2517,0.2651,0.3614,0.2289,0.1446,-0.6124,-1.3937,1.9595,1.2383,2026-10-04
1326,Própolis - Green Própolis,NUTRIFY,SEM_GRUPO,SEM_SUBGRUPO,3,4.1765,0.0,1.0,0.0,1.7185,0.1667,0.3571,0.3333,0.1429,1.4663,-1.7315,0.1133,1.4454,2026-10-04
1327,Glutamina,NUTRIFY,SEM_GRUPO,SEM_SUBGRUPO,6,3.8332,-0.0,1.0,-0.2877,2.0354,0.4848,0.1818,0.2121,0.1212,0.9198,1.0508,0.8149,-1.5336,2026-10-04
1328,Fibras Prébioticas - Prebiotic,NUTRIFY,SEM_GRUPO,SEM_SUBGRUPO,0,4.1636,0.0,1.0,0.8267,1.3807,0.1092,0.2185,0.395,0.2773,1.5252,-2.3608,-1.622,-0.5283,2026-10-04
1329,Colágeno Tipo II - Artro Aid,NUTRIFY,SEM_GRUPO,SEM_SUBGRUPO,0,4.5438,0.0,1.0,-1.3863,1.4516,0.2833,0.3,0.2667,0.15,2.0906,-1.88,-0.839,-1.1176,2026-10-04
1330,Vitamina B12,NUTRIFY,SEM_GRUPO,SEM_SUBGRUPO,6,3.5784,-0.0,1.0,0.0,1.3752,0.3239,0.2535,0.2958,0.1268,1.3978,1.2871,-1.2464,-0.6937,2026-10-04
1331,Vitamina D3 + K2,NUTRIFY,SEM_GRUPO,SEM_SUBGRUPO,5,4.1533,0.0,1.0,-2.7081,1.9506,0.1818,0.5758,0.1212,0.1212,0.3927,0.9972,-1.0046,-0.4496,2026-10-04
1332,Whey Protein Isolado - Tasty Iso,ADAPTOGEN,SEM_GRUPO,SEM_SUBGRUPO,6,5.5604,-0.0,1.0,0.0,1.5218,0.3409,0.2727,0.2955,0.0909,1.3425,1.8412,-1.2977,-1.6765,2026-10-04
1333,Whey Protein Isolado - Tasty Iso,ADAPTOGEN,SEM_GRUPO,SEM_SUBGRUPO,5,5.5677,0.0,1.0,-0.8473,2.0052,0.25,0.4375,0.1875,0.125,1.0194,-0.0906,0.2016,0.2691,2026-10-04
1339,Complexo B,ESSENTIAL,SEM_GRUPO,SEM_SUBGRUPO,5,4.5846,0.0,1.0,-2.0794,1.6779,0.1522,0.5,0.1304,0.2174,-0.5562,-1.0145,1.1074,0.4072,2026-10-04
134,Creatina Monohidratada - Hardcore,INTEGRALMEDICA,SEM_GRUPO,SEM_SUBGRUPO,6,4.4736,0.0,0.9958,-0.1542,0.9865,0.3478,0.2609,0.2795,0.1118,3.2015,0.7333,-0.5542,-0.977,2026-10-04
1341,Fresh Whey,DUX,SEM_GRUPO,SEM_SUBGRUPO,3,5.5854,0.011,0.9759,0.6466,0.7888,0.2912,0.2582,0.3297,0.1209,-1.3128,0.7368,-0.6043,0.7086,2026-10-04
1342,Fresh Whey,DUX,SEM_GRUPO,SEM_SUBGRUPO,3,5.5789,0.0033,0.9783,-0.4055,1.225,0.2353,0.3922,0.2941,0.0784,-0.0524,-1.7143,0.2872,1.6003,2026-10-04
1347,Complexo B - Bio Vit.B+,PURAVIDA,SEM_GRUPO,SEM_SUBGRUPO,6,3.7194,0.0,1.0,-0.4055,1.7808,0.3636,0.2727,0.2273,0.1364,0.4321,-1.8906,1.5205,-0.6429,2026-10-04
138,Refil Whey 100% Pure,INTEGRALMEDICA,SEM_GRUPO,SEM_SUBGRUPO,1,4.8729,-0.0,0.9725,0.6931,1.4909,0.3333,0.1905,0.4048,0.0714,0.9092,1.7679,-0.9959,0.0743,2026-10-04
1383,SuperCoffee,CAFFEINE ARMY,SEM_GRUPO,SEM_SUBGRUPO,3,4.7135,0.0078,0.9704,0.4055,1.1169,0.1691,0.4779,0.2868,0.0662,0.4989,-0.8158,0.6014,3.3904,2026-10-04
1384,SuperCoffee Língua de gato - Kopenhagen,CAFFEINE ARMY,SEM_GRUPO,SEM_SUBGRUPO,3,5.1412,0.0165,0.9969,0.5408,0.7628,0.2824,0.2306,0.3624,0.1247,-1.635,-1.2747,0.2957,-0.0753,2026-10-04
1386,Refil Whey 100% Pure,INTEGRALMEDICA,SEM_GRUPO,SEM_SUBGRUPO,5,4.8609,0.0,1.0,-0.9163,1.8226,0.4211,0.3158,0.1842,0.0789,1.2704,-0.659,2.0732,-0.1426,2026-10-04
139,Refil Whey 100% Pure,INTEGRALMEDICA,SEM_GRUPO,SEM_SUBGRUPO,5,4.8353,0.0,1.0,-0.6931,1.6338,0.3111,0.4222,0.2222,0.0444,1.635,0.319,0.6128,1.1995,2026-10-04
140,Refil Whey 100% Pure,INTEGRALMEDICA,SEM_GRUPO,SEM_SUBGRUPO,3,4.8198,0.0,1.0,-0.6931,1.9675,0.2857,0.3143,0.2857,0.1143,2.624,-0.4037,-1.1659,-0.8105,2026-10-04
1408,Coenzima Q10 200mg,LAUTON,SEM_GRUPO,SEM_SUBGRUPO,3,4.5149,-0.0,1.0,-0.2007,1.5881,0.22,0.4,0.3,0.08,0.2438,1.0282,-1.0663,0.5552,2026-10-04
141,Creatina Monohidratada,ATLHETICA NUTRITION,SEM_GRUPO,SEM_SUBGRUPO,6,4.3105,-0.0,1.0,-0.6633,0.9276,0.4494,0.1766,0.2026,0.1714,-0.5872,-1.1323,2.2374,-1.4717,2026-10-04
1410,Ferro Quelado 34mg,LAUTON,SEM_GRUPO,SEM_SUBGRUPO,1,3.3431,-0.0,0.9503,1.3863,1.4592,0.2787,0.2787,0.3279,0.1148,1.0694,-0.8767,1.2396,1.6524,2026-10-04
1415,Fresh Whey,DUX,SEM_GRUPO,SEM_SUBGRUPO,6,4.9028,0.0053,1.0,-0.1823,1.7185,0.4762,0.2381,0.1905,0.0952,1.6963,1.5227,0.3445,-0.537,2026-10-04
144,100% Whey Protein - Flavour,ATLHETICA NUTRITION,SEM_GRUPO,SEM_SUBGRUPO,5,4.6641,-0.0,1.0,0.0,1.7357,0.3673,0.3673,0.1633,0.102,3.7754,0.1519,0.2464,0.7364,2026-10-04
1449,Simfort Femme,VITAFOR,SEM_GRUPO,SEM_SUBGRUPO,3,4.5403,0.0,1.0,-0.3365,1.2896,0.125,0.3625,0.3,0.2125,-0.9275,-2.5439,0.5374,1.1408,2026-10-04
145,100% Whey Protein - Flavour,ATLHETICA NUTRITION,SEM_GRUPO,SEM_SUBGRUPO,5,4.6655,0.0,1.0,0.0,1.7642,0.2979,0.4894,0.1915,0.0213,3.7606,0.2311,0.1508,1.5388,2026-10-04
1450,Omegafor Family - Ômega 3,VITAFOR,SEM_GRUPO,SEM_SUBGRUPO,5,4.7086,-0.0,1.0,-1.6094,1.9897,0.1579,0.5789,0.1579,0.1053,1.3576,-1.2421,0.8679,2.4319,2026-10-04
1451,Colágeno - Colagentek Protein - Bodybalance,VITAFOR,SEM_GRUPO,SEM_SUBGRUPO,5,5.1361,0.0,1.0,-0.2007,2.0958,0.2653,0.3673,0.2245,0.1429,-0.9097,0.3113,0.7857,0.4618,2026-10-04
1452,Colágeno - Colagentek Protein - Bodybalance,VITAFOR,SEM_GRUPO,SEM_SUBGRUPO,6,5.1209,0.0,1.0,-0.2007,1.1852,0.3333,0.3043,0.2464,0.1159,-0.2165,-0.4204,0.1791,0.1006,2026-10-04
1456,Aminoácidos - Aminnu EAAs - Sem Xilitol,CENTRAL NUTRITION,SEM_GRUPO,SEM_SUBGRUPO,6,5.3259,0.0115,1.0,0.1335,2.0351,0.4,0.24,0.28,0.08,-0.6149,3.3308,-1.9156,-1.5185,2026-10-04
1459,Coenzima Q10+ 200mg,PURAVIDA,SEM_GRUPO,SEM_SUBGRUPO,3,4.8783,-0.0,1.0,0.0,1.8428,0.2653,0.2653,0.4082,0.0612,-1.7821,-0.5422,1.2615,-0.0036,2026-10-04
146,100% Whey Protein - Flavour,ATLHETICA NUTRITION,SEM_GRUPO,SEM_SUBGRUPO,6,4.6983,0.0,1.0,1.7918,1.421,0.386,0.3333,0.1754,0.1053,3.8174,1.2609,-0.4262,0.7494,2026-10-04
1470,Whey Isolado - Iso Triple Zero,INTEGRALMEDICA,SEM_GRUPO,SEM_SUBGRUPO,6,5.3498,0.0,1.0,0.0,1.7233,0.4857,0.2,0.1429,0.1714,-0.9928,-0.2315,2.915,-0.5591,2026-10-04
1475,Suplemento de Magnésio - Blue Calm,PURAVIDA,SEM_GRUPO,SEM_SUBGRUPO,5,4.594,-0.0,1.0,-1.0986,1.7218,0.2222,0.3611,0.2222,0.1944,0.2181,-0.4171,0.1407,-0.8598,2026-10-04
1484,Creatina Monohidratada,PURAVIDA,SEM_GRUPO,SEM_SUBGRUPO,5,4.6121,0.0077,1.0,-1.2528,1.4909,0.2857,0.3571,0.2381,0.119,1.8102,-0.9992,1.3318,-0.3856,2026-10-04
1485,Refil Whey Concentrado - W100,NUTRATA,SEM_GRUPO,SEM_SUBGRUPO,6,4.8006,-0.0,1.0,0.1335,1.27,0.383,0.2766,0.2979,0.0426,1.0478,1.681,0.443,-0.1701,2026-10-04
1486,Whey Concentrado - W100,NUTRATA,SEM_GRUPO,SEM_SUBGRUPO,1,4.8309,-0.0,0.9789,0.0,1.4558,0.3654,0.3269,0.3077,0.0,1.5051,3.2361,-1.5251,0.1774,2026-10-04
1491,Fresh Whey,DUX,SEM_GRUPO,SEM_SUBGRUPO,3,4.9605,0.018,1.0,0.9808,1.8777,0.2051,0.3077,0.3333,0.1538,1.5625,-0.0348,-1.207,0.6503,2026-10-04
1495,Coq10 + Vitamina E,TRUE SOURCE,SEM_GRUPO,SEM_SUBGRUPO,5,4.8507,-0.0,1.0,-1.0296,1.9935,0.1515,0.5152,0.3333,0.0,-1.9462,-0.4297,0.1129,0.8143,2026-10-04
1498,Ômega 3,TRUE SOURCE,SEM_GRUPO,SEM_SUBGRUPO,5,4.3744,-0.0,1.0,-1.0116,1.7575,0.3514,0.4595,0.1622,0.027,-1.1625,1.1327,1.5109,0.3621,2026-10-04
1499,Ômega 3,TRUE SOURCE,SEM_GRUPO,SEM_SUBGRUPO,4,5.1688,0.0517,1.0,0.619,1.6801,0.1875,0.25,0.4583,0.1042,-0.9285,0.0321,-1.3497,0.5262,2026-10-04
1528,Prebiótico - Fiber Liv,LAUTON,SEM_GRUPO,SEM_SUBGRUPO,2,4.3537,-0.0,0.9737,0.4055,1.6733,0.2308,0.2051,0.4359,0.1282,-2.2279,-2.0897,-0.7622,-0.3466,2026-10-04
1560,Pré-Treino,DUX,SEM_GRUPO,SEM_SUBGRUPO,5,4.7013,0.0,1.0,-1.0986,1.862,0.2727,0.3939,0.1212,0.2121,0.6575,-2.0614,1.0382,0.4454,2026-10-04
1572,Termogênico - Termo Plus,VITAFOR,SEM_GRUPO,SEM_SUBGRUPO,2,4.8976,-0.0,1.0,1.0296,1.9777,0.2593,0.1481,0.5185,0.0741,-2.9719,1.1006,-1.4004,0.3327,2026-10-04
1577,Barrinha - Body Protein,EQUALIV,SEM_GRUPO,SEM_SUBGRUPO,2,2.724,0.0,1.0,0.4855,2.3041,0.1395,0.2791,0.4419,0.1395,-1.5491,-1.1919,-2.7093,-0.3445,2026-10-04
1590,Refil 100% Whey Protein - Flavour,ATLHETICA NUTRITION,SEM_GRUPO,SEM_SUBGRUPO,6,4.7106,0.0,1.0,-0.9808,1.7785,0.359,0.2564,0.2051,0.1795,-2.1139,-0.62,2.4605,-0.0016,2026-10-04
1593,Laranja Moro - Moroskinny,EQUALIV,SEM_GRUPO,SEM_SUBGRUPO,5,4.6602,-0.0,1.0,-0.5108,2.3796,0.1379,0.4138,0.2069,0.2414,-2.063,-0.65,-0.7169,0.267,2026-10-04
1632,Creatina - Gummy,GUDAY,SEM_GRUPO,SEM_SUBGRUPO,6,4.988,0.0,1.0,-0.8473,1.8679,0.2903,0.2581,0.3548,0.0968,-1.7735,-1.5474,1.3745,-1.0934,2026-10-04
1639,Proteína Isolada e Hidrolisada - Body Protein,EQUALIV,SEM_GRUPO,SEM_SUBGRUPO,3,5.3751,0.0,1.0,0.1054,1.2802,0.2,0.3,0.3,0.2,-2.5292,-1.2959,0.0408,0.6776,2026-10-04
1646,Salgadinho,BELIVE,SEM_GRUPO,SEM_SUBGRUPO,4,1.9486,0.0707,0.9075,0.8824,2.4563,0.087,0.3043,0.6087,0.0,-2.6258,1.5464,-2.0486,1.5742,2026-10-04
1647,Salgadinho,BELIVE,SEM_GRUPO,SEM_SUBGRUPO,1,1.9923,0.0178,0.9716,-0.3629,2.4367,0.125,0.5208,0.3542,0.0,-2.7779,1.3397,-1.0473,1.4821,2026-10-04
1656,Maca Peruana,OCEAN DROP,SEM_GRUPO,SEM_SUBGRUPO,5,3.9189,0.0021,0.9784,-1.2238,1.4978,0.1273,0.4727,0.2364,0.1636,-1.538,-1.0344,0.7426,0.86,2026-10-04
1657,Magnésio - Mag 5 Complex,NUTRIFY,SEM_GRUPO,SEM_SUBGRUPO,2,4.3108,-0.0,1.0,0.8109,2.0213,0.0,0.2245,0.551,0.2245,-1.1308,-1.0118,-2.9748,0.1713,2026-10-04
1659,Magnésio Inositol,NUTRIFY,SEM_GRUPO,SEM_SUBGRUPO,0,4.9313,0.0,1.0,0.2877,1.9739,0.1,0.2333,0.3333,0.3333,-1.7466,-1.62,-1.0982,-0.4485,2026-10-04
166,Whey Fort 3W,VITAFOR,SEM_GRUPO,SEM_SUBGRUPO,6,5.241,0.0083,0.9925,1.0296,0.8975,0.3712,0.1742,0.3333,0.1212,0.129,1.0468,-1.1902,-0.7894,2026-10-04
1660,Ômega 3  - 1360mg,NUTRIFY,SEM_GRUPO,SEM_SUBGRUPO,0,5.2527,0.0015,1.0,0.0,1.3727,0.2667,0.2133,0.3467,0.1733,-1.8369,-2.2046,-0.1501,-0.9142,2026-10-04
167,Whey Fort 3W,VITAFOR,SEM_GRUPO,SEM_SUBGRUPO,6,5.2005,0.0129,0.9871,-0.1542,1.2623,0.3494,0.3253,0.1687,0.1566,-1.329,1.0153,2.6893,0.9285,2026-10-04
1670,Tasty Whey 3W Gourmet,ADAPTOGEN,SEM_GRUPO,SEM_SUBGRUPO,3,5.3523,-0.0,1.0,-0.4626,1.6347,0.1494,0.3218,0.3908,0.1379,-2.009,-1.4248,-1.1173,-0.8211,2026-10-04
1673,Refil Whey Protein Concentrado,VITAFOR,SEM_GRUPO,SEM_SUBGRUPO,3,4.9638,0.0217,1.0,-0.087,1.9536,0.2222,0.3611,0.3611,0.0556,-2.0785,0.5905,-0.9768,0.5985,2026-10-04
168,100% Whey Pure,INTEGRALMEDICA,SEM_GRUPO,SEM_SUBGRUPO,6,4.7746,0.0,1.0,-0.6931,2.0789,0.6857,0.1714,0.0571,0.0857,2.0884,2.1544,0.2715,-1.0223,2026-10-04
1687,Creatina Monohidratada (Creapure),DUX,SEM_GRUPO,SEM_SUBGRUPO,3,5.3207,0.0186,1.0,-0.0572,1.077,0.1709,0.2821,0.3333,0.2137,-1.5411,-2.5098,-0.6941,-0.4205,2026-10-04
169,100% Whey Pure,INTEGRALMEDICA,SEM_GRUPO,SEM_SUBGRUPO,6,4.8722,0.0,1.0,-0.087,1.2288,0.4051,0.2658,0.1899,0.1392,1.962,2.6263,-1.2346,-0.9662,2026-10-04
170,100% Whey Pure,INTEGRALMEDICA,SEM_GRUPO,SEM_SUBGRUPO,6,4.8478,-0.0,1.0,0.5108,2.2314,0.5208,0.1667,0.2292,0.0833,1.065,0.4187,0.2705,0.0804,2026-10-04
1705,Whey Protein Concentrado,DUX,SEM_GRUPO,SEM_SUBGRUPO,3,5.2852,0.0023,1.0,-0.2007,1.7808,0.1364,0.3182,0.2955,0.25,-2.4348,-0.6215,-0.5453,0.1298,2026-10-04
1708,Refil Whey Protein - 3W,BOLD,SEM_GRUPO,SEM_SUBGRUPO,3,5.2138,-0.0,0.9735,0.8755,1.4864,0.2,0.3,0.325,0.175,-1.9215,-0.6622,-0.5298,1.6286,2026-10-04
1711,Simfort Ultra,VITAFOR,SEM_GRUPO,SEM_SUBGRUPO,3,4.4258,-0.0,1.0,0.47,1.6419,0.1591,0.3864,0.2955,0.1591,-0.256,-1.5959,0.0085,2.2394,2026-10-04
1719,N-Acetil Cisteína (NAC),PURAVIDA,SEM_GRUPO,SEM_SUBGRUPO,3,4.3793,0.0,1.0,0.3365,1.8457,0.2593,0.2963,0.3704,0.0741,-2.1529,-0.6878,-0.3288,1.4496,2026-10-04
1725,Whey Protein Isolado,DUX,SEM_GRUPO,SEM_SUBGRUPO,2,5.7967,0.0034,1.0,0.7376,1.3383,0.1594,0.1594,0.5072,0.1739,-2.7914,-1.0606,-2.3109,-0.4462,2026-10-04
1760,True Cúrcuma com Ômega,TRUE SOURCE,SEM_GRUPO,SEM_SUBGRUPO,0,4.7822,0.0,1.0,1.0986,1.9777,0.1852,0.2222,0.4074,0.1852,0.1551,-2.2485,0.5121,0.5124,2026-10-04
1775,Multivitaminino - Multi All,NUTRIFY,SEM_GRUPO,SEM_SUBGRUPO,6,4.3456,0.0,1.0,-0.4055,2.1147,0.4286,0.2286,0.2,0.1429,-2.9872,0.762,1.6589,-0.6736,2026-10-04
1781,Colágeno - Colagentek II,VITAFOR,SEM_GRUPO,SEM_SUBGRUPO,2,5.0745,0.0,1.0,0.5306,1.4284,0.1607,0.2143,0.4286,0.1964,-3.0134,-1.1024,-1.3491,0.2106,2026-10-04
1786,Simfort Ultra,VITAFOR,SEM_GRUPO,SEM_SUBGRUPO,6,5.026,0.0,1.0,-1.2528,2.2183,0.4074,0.2222,0.1852,0.1852,-2.4656,-0.3913,2.6059,-0.8328,2026-10-04
1810,SuperCoffee,CAFFEINE ARMY,SEM_GRUPO,SEM_SUBGRUPO,5,4.8129,0.0,1.0,-0.9808,2.1015,0.1852,0.4074,0.3333,0.0741,-1.3982,-0.7073,0.523,1.3992,2026-10-04
1827,SuperCoffee,CAFFEINE ARMY,SEM_GRUPO,SEM_SUBGRUPO,0,5.1388,0.0067,0.9883,-0.4925,1.1853,0.2981,0.1923,0.2596,0.25,-2.4955,-1.8948,1.2531,-1.8185,2026-10-04
1853,NAC PRO,DUX,SEM_GRUPO,SEM_SUBGRUPO,4,4.1869,0.0365,0.9674,0.0,2.1499,0.3929,0.1786,0.3571,0.0714,-2.9222,-0.188,1.1088,-0.8475,2026-10-04
1872,Whey Protein Isolado,PURAVIDA,SEM_GRUPO,SEM_SUBGRUPO,6,5.3681,0.0,1.0,0.08,1.6682,0.3469,0.2245,0.2449,0.1837,-3.3975,0.9883,0.6142,-0.2854,2026-10-04
1874,Livestrong,ESSENTIAL,SEM_GRUPO,SEM_SUBGRUPO,6,5.711,-0.0,1.0,0.0,1.6801,0.3611,0.1944,0.1944,0.25,-3.1433,0.4452,0.6842,-1.349,2026-10-04
1886,Ferro Plus,VITAFOR,SEM_GRUPO,SEM_SUBGRUPO,6,3.4548,0.0,1.0,-0.1112,1.9354,0.4306,0.25,0.2222,0.0972,-3.2138,0.8798,1.7856,-0.2477,2026-10-04
1897,Eletrólitos,LIQUIDZ,SEM_GRUPO,SEM_SUBGRUPO,1,1.9438,-0.0,0.9823,-0.4353,2.1771,0.3438,0.25,0.1562,0.25,-2.8419,0.4563,2.1457,-0.8787,2026-10-04
1898,Eletrólitos,LIQUIDZ,SEM_GRUPO,SEM_SUBGRUPO,6,4.5442,0.0,1.0,-0.1823,1.9135,0.3125,0.3438,0.2812,0.0625,-3.7251,1.4005,0.4381,0.273,2026-10-04
1908,Whey Protein Concentrado - Sachê,DUX,SEM_GRUPO,SEM_SUBGRUPO,1,2.6502,0.0046,1.0,0.452,2.2858,0.3448,0.2069,0.3448,0.1034,-3.4301,1.224,0.8443,0.156,2026-10-04
1910,Whey Protein Isolado - Sachê,DUX,SEM_GRUPO,SEM_SUBGRUPO,1,2.947,0.0,0.9477,-0.3102,1.7845,0.34,0.28,0.2,0.18,-3.0834,0.8608,0.3221,-0.8544,2026-10-04
1911,Whey Protein Isolado - Sachê,DUX,SEM_GRUPO,SEM_SUBGRUPO,1,2.9599,-0.0,1.0,-0.1942,2.3476,0.3043,0.3478,0.2826,0.0652,-3.3823,1.2908,0.1377,0.3534,2026-10-04
1913,Whey Protein Isolado - Sachê,DUX,SEM_GRUPO,SEM_SUBGRUPO,1,2.9009,0.0,0.9483,-1.2164,2.9636,0.2264,0.4906,0.1321,0.1509,-2.4176,1.0076,-0.0538,0.0078,2026-10-04
1916,Whey Protein Isolado - Sachê,DUX,SEM_GRUPO,SEM_SUBGRUPO,1,2.9676,0.0,1.0,-0.08,2.6433,0.2973,0.3243,0.2973,0.0811,-3.1157,1.0725,0.1047,-0.1797,2026-10-04
1917,Whey Protein Isolado - Sachê,DUX,SEM_GRUPO,SEM_SUBGRUPO,5,2.9057,0.0,1.0,-1.1527,2.1816,0.4,0.4,0.1111,0.0889,-3.0254,0.8646,2.2734,-0.3785,2026-10-04
1920,FreshWhey - Sachê,DUX,SEM_GRUPO,SEM_SUBGRUPO,1,2.8087,0.0,0.9774,-0.6931,2.456,0.2667,0.3778,0.1778,0.1778,-3.0791,0.8485,0.473,-0.5699,2026-10-04
1928,Cacao Whey - Sachê,ESSENTIAL,SEM_GRUPO,SEM_SUBGRUPO,1,2.9957,0.0,1.0,0.3795,2.4213,0.3654,0.2308,0.3462,0.0577,-3.4568,1.139,0.2408,-0.1321,2026-10-04
1930,Expresso Whey - Sachê,ESSENTIAL,SEM_GRUPO,SEM_SUBGRUPO,1,2.9952,0.0,0.9657,0.1823,2.2375,0.3103,0.3103,0.3793,0.0,-3.234,1.5037,-1.2516,0.6139,2026-10-04
1936,W100 Whey Concentrado Havanna - Sachê,NUTRATA,SEM_GRUPO,SEM_SUBGRUPO,1,2.5572,-0.0,1.0,-0.4855,2.2375,0.2069,0.4138,0.2414,0.1379,-3.3941,1.1623,0.1413,0.0439,2026-10-04
1939,Whey Protein Concentrado - Sachê,MAIS MU,SEM_GRUPO,SEM_SUBGRUPO,1,2.3363,0.0219,0.9776,-0.1671,2.1084,0.5106,0.2553,0.2128,0.0213,-3.4329,1.1823,1.4727,-0.425,2026-10-04
1941,Whey 3W -  Sachê,BOLD,SEM_GRUPO,SEM_SUBGRUPO,6,2.3719,-0.0,1.0,-0.1542,2.0351,0.44,0.24,0.2,0.12,-3.2067,0.9805,1.6653,-0.5456,2026-10-04
1942,Whey 3W -  Sachê,BOLD,SEM_GRUPO,SEM_SUBGRUPO,1,2.382,-0.0,1.0,-0.4855,2.1055,0.3784,0.3243,0.1892,0.1081,-3.3867,0.9574,1.4825,-0.5104,2026-10-04
1966,NAC,OCEAN DROP,SEM_GRUPO,SEM_SUBGRUPO,1,4.0372,-0.0,1.0,-0.3514,1.9536,0.3889,0.3611,0.25,0.0,-3.5852,1.5791,0.7616,0.5792,2026-10-04
1968,Snack Proteico,OCEAN DROP,SEM_GRUPO,SEM_SUBGRUPO,4,2.3108,0.0671,0.9788,0.5341,2.3523,0.1373,0.3137,0.549,0.0,-2.9838,1.5934,-2.4864,0.8939,2026-10-04
1969,Snack Proteico,OCEAN DROP,SEM_GRUPO,SEM_SUBGRUPO,4,2.3418,0.0339,1.0,0.55,2.0804,0.2642,0.2642,0.4717,0.0,-3.3176,1.5877,-0.9688,1.1107,2026-10-04
1970,Snack Proteico,OCEAN DROP,SEM_GRUPO,SEM_SUBGRUPO,4,2.3097,0.0672,0.977,0.3857,2.2238,0.1489,0.3404,0.5106,0.0,-2.9941,1.6374,-2.3276,1.1419,2026-10-04
2,Whey Protein Concentrado,DUX,SEM_GRUPO,SEM_SUBGRUPO,6,5.252,0.0031,0.9916,0.0741,0.662,0.3103,0.2452,0.272,0.1724,-2.4378,-0.3047,1.0376,-1.1023,2026-10-04
206,Colágeno - Collagen Renew Hidrolisado,NUTRIFY,SEM_GRUPO,SEM_SUBGRUPO,3,4.4021,-0.0,1.0,-0.2513,1.8012,0.125,0.4,0.35,0.125,0.0396,-1.0132,-1.0222,0.3967,2026-10-04
207,Colágeno - Collagen Renew Hidrolisado,NUTRIFY,SEM_GRUPO,SEM_SUBGRUPO,0,4.377,-0.0,0.9855,0.8473,1.1785,0.2877,0.1233,0.3836,0.2055,0.8379,-0.0912,-2.7482,-2.6754,2026-10-04
208,Colágeno Hidrolisado - Collagen Pro 18g,NUTRIFY,SEM_GRUPO,SEM_SUBGRUPO,3,5.0039,0.0064,1.0,-0.6931,1.2323,0.2468,0.3377,0.2208,0.1948,-1.439,-1.2646,-0.0594,-0.7749,2026-10-04
209,Colágeno Hidrolisado - Collagen Pro 18g,NUTRIFY,SEM_GRUPO,SEM_SUBGRUPO,6,5.0063,0.0037,1.0,0.2076,1.214,0.2639,0.2222,0.3472,0.1667,-2.2109,0.2765,0.5712,-0.8744,2026-10-04
210,Colágeno Hidrolisado - Collagen Pro 18g,NUTRIFY,SEM_GRUPO,SEM_SUBGRUPO,3,5.0038,0.0027,0.9794,-0.6131,1.0066,0.2371,0.3814,0.2784,0.1031,-0.9552,-0.5865,-0.5795,1.3357,2026-10-04
211,Colágeno Hidrolisado - Collagen Pro 18g,NUTRIFY,SEM_GRUPO,SEM_SUBGRUPO,0,5.0029,0.0015,1.0,0.2076,1.1785,0.2386,0.2841,0.2727,0.2045,-1.4412,-1.7941,0.3012,-0.0778,2026-10-04
214,Colágeno - Collagen Gut,ESSENTIAL,SEM_GRUPO,SEM_SUBGRUPO,5,5.1865,0.0,1.0,-1.2993,1.0675,0.2703,0.3649,0.2027,0.1622,1.5771,-1.3136,0.4572,-0.7755,2026-10-04
215,Colágeno Collagen Skin,ESSENTIAL,SEM_GRUPO,SEM_SUBGRUPO,6,5.1966,0.0,1.0,0.0,1.8848,0.44,0.28,0.24,0.04,2.1653,1.3446,-0.5607,-0.5943,2026-10-04
219,Suplemento para Imunidade - Immune Up 100%,NUTRIFY,SEM_GRUPO,SEM_SUBGRUPO,3,4.7603,0.0,1.0,-0.2877,1.7072,0.2903,0.3226,0.3226,0.0645,-0.3723,0.1972,-1.917,0.0262,2026-10-04
220,Próbiotico - Purabiotics,PURAVIDA,SEM_GRUPO,SEM_SUBGRUPO,5,4.4157,-0.0,1.0,-1.2528,1.7898,0.3415,0.3659,0.2439,0.0488,1.2195,-0.2234,0.0393,0.6862,2026-10-04
3,Whey Protein Concentrado,DUX,SEM_GRUPO,SEM_SUBGRUPO,3,5.2513,0.0016,1.0,0.3228,0.7859,0.2349,0.2752,0.3087,0.1812,-1.7968,-0.4012,-0.0778,0.6462,2026-10-04
30,Super Ômega 3,ESSENTIAL,SEM_GRUPO,SEM_SUBGRUPO,3,5.0036,-0.0,1.0,-0.1054,0.7422,0.2639,0.3264,0.2847,0.125,-0.5186,-2.3517,1.2078,1.647,2026-10-04
31,Super Ômega 3,ESSENTIAL,SEM_GRUPO,SEM_SUBGRUPO,6,5.4823,-0.0,0.9935,-0.9445,0.9683,0.2609,0.354,0.1988,0.1863,-1.6696,-0.8057,0.5106,-0.9273,2026-10-04
32,Super Ômega 3,ESSENTIAL,SEM_GRUPO,SEM_SUBGRUPO,6,4.5494,0.0,1.0,-0.47,1.9432,0.6774,0.1774,0.0968,0.0484,0.8087,2.3534,1.7221,-0.5512,2026-10-04
33,Whey,ESSENTIAL,SEM_GRUPO,SEM_SUBGRUPO,6,5.3585,0.0,1.0,-0.2513,1.1559,0.5446,0.1607,0.1518,0.1429,2.0057,2.3104,1.4059,-2.0664,2026-10-04
330,Termogênico - Lipix6,VITAFOR,SEM_GRUPO,SEM_SUBGRUPO,5,4.6337,0.0,1.0,-1.3863,1.271,0.2647,0.4412,0.1765,0.1176,2.1014,-0.6431,1.5852,1.2401,2026-10-04
331,Aminoácidos - Aminnu EAAs,CENTRAL NUTRITION,SEM_GRUPO,SEM_SUBGRUPO,5,5.3068,-0.0,1.0,-0.47,1.7624,0.1935,0.4516,0.2581,0.0968,0.0051,-0.2579,-0.6497,1.7402,2026-10-04
332,Whey Fort 3W,VITAFOR,SEM_GRUPO,SEM_SUBGRUPO,0,5.1951,0.0,0.9816,0.4055,1.4927,0.3279,0.2787,0.1475,0.2459,0.7318,-0.9356,0.6544,0.5366,2026-10-04
333,Aminoácidos - Aminnu EAAs,CENTRAL NUTRITION,SEM_GRUPO,SEM_SUBGRUPO,3,5.329,0.0044,1.0,-0.4055,1.6193,0.1818,0.303,0.3939,0.1212,-1.4712,-0.5781,-0.7312,-0.7818,2026-10-04
334,Whey Fort 3W,VITAFOR,SEM_GRUPO,SEM_SUBGRUPO,3,5.2383,0.0093,0.9743,0.6931,1.2068,0.2857,0.2857,0.3377,0.0909,-1.5164,0.9385,0.2916,1.9295,2026-10-04
336,Bom Ciclo,CENTRAL NUTRITION,SEM_GRUPO,SEM_SUBGRUPO,2,4.3605,0.0,1.0,0.0,2.0749,0.1,0.3,0.5,0.1,-2.5528,0.2846,-1.8489,0.3898,2026-10-04
337,#Whey Fort 3W,VITAFOR,SEM_GRUPO,SEM_SUBGRUPO,5,5.1934,-0.0,1.0,-0.2877,2.025,0.375,0.3333,0.2083,0.0833,1.0815,-0.152,0.5197,0.6674,2026-10-04
34,Whey,ESSENTIAL,SEM_GRUPO,SEM_SUBGRUPO,6,5.7851,-0.0,1.0,-0.6931,1.8044,0.4828,0.3103,0.1379,0.069,0.4953,2.5299,-1.1381,-0.6544,2026-10-04
341,Whey Fort 3W,VITAFOR,SEM_GRUPO,SEM_SUBGRUPO,5,5.1929,0.0,1.0,-0.8755,1.5481,0.3148,0.3519,0.1852,0.1481,0.2503,0.2006,1.0982,-0.143,2026-10-04
342,Whey Fort 3W,VITAFOR,SEM_GRUPO,SEM_SUBGRUPO,5,5.1934,0.0,1.0,-0.8473,1.9128,0.2963,0.4074,0.1481,0.1481,-0.9836,-0.047,1.3722,-0.2971,2026-10-04
348,Vitamina C3 - 1000mg,VITAFOR,SEM_GRUPO,SEM_SUBGRUPO,6,3.9811,0.0,1.0,0.2877,1.7624,0.3548,0.2258,0.2903,0.129,-3.1157,0.4671,1.6243,-0.3588,2026-10-04
35,Whey,ESSENTIAL,SEM_GRUPO,SEM_SUBGRUPO,5,5.3753,0.0,1.0,-1.6094,1.9653,0.4468,0.3617,0.0851,0.1064,1.2325,2.2181,0.3919,-0.9795,2026-10-04
352,Pré-Treino - V Fort Ultra,VITAFOR,SEM_GRUPO,SEM_SUBGRUPO,6,4.7075,-0.0,0.9811,-0.2877,1.5251,0.4655,0.2586,0.1724,0.1034,2.1436,2.1402,0.5455,-1.6796,2026-10-04
356,Suplemento Alimentar - GUARDIAN®,CENTRAL NUTRITION,SEM_GRUPO,SEM_SUBGRUPO,3,5.2981,0.0032,1.0,0.1911,1.1404,0.1383,0.3511,0.3936,0.117,-2.2254,-1.0721,-0.9449,1.6998,2026-10-04
357,Suplemento Alimentar - GUARDIAN®,CENTRAL NUTRITION,SEM_GRUPO,SEM_SUBGRUPO,3,5.3181,0.0195,1.0,0.2877,1.2746,0.1875,0.2604,0.4062,0.1458,-2.4796,-0.7533,-0.6646,0.1987,2026-10-04
358,Suplemento Alimentar - GUARDIAN®,CENTRAL NUTRITION,SEM_GRUPO,SEM_SUBGRUPO,5,5.2264,0.0037,1.0,-0.6061,1.7088,0.2558,0.5581,0.1395,0.0465,1.1033,1.7458,-0.2618,1.7537,2026-10-04
360,Probiótico - Simfort Plus,VITAFOR,SEM_GRUPO,SEM_SUBGRUPO,3,4.2042,0.0,0.9958,-0.452,0.9058,0.1468,0.3853,0.2936,0.1743,-2.1954,-1.6043,-0.6737,-0.0033,2026-10-04
361,Probióticos em Pó - Simfort,VITAFOR,SEM_GRUPO,SEM_SUBGRUPO,3,5.0743,0.0,1.0,-0.5108,1.6801,0.1944,0.3333,0.3056,0.1667,1.4933,-1.2319,0.1692,0.5223,2026-10-04
363,"Vitaminas A, E, D e K2- RESTAURE® - Gotas",CENTRAL NUTRITION,SEM_GRUPO,SEM_SUBGRUPO,3,5.0715,-0.0,0.9914,-0.4353,1.1017,0.1795,0.3675,0.2821,0.1709,-2.9361,0.1933,-0.9851,0.5563,2026-10-04
365,Probióticos em Pó - Simfort,VITAFOR,SEM_GRUPO,SEM_SUBGRUPO,6,4.5109,0.0,1.0,-0.1542,1.4777,0.4167,0.2708,0.2292,0.0833,0.5495,0.9352,0.4205,-1.0733,2026-10-04
366,Coenzima Q10 - 100mg,CENTRAL NUTRITION,SEM_GRUPO,SEM_SUBGRUPO,2,4.583,0.0156,1.0,1.5041,2.0495,0.1875,0.125,0.5938,0.0938,-2.1815,0.967,-2.9085,0.1686,2026-10-04
368,Probiótico - Simcaps,VITAFOR,SEM_GRUPO,SEM_SUBGRUPO,5,4.2242,0.0,1.0,-0.4855,1.1902,0.3088,0.3382,0.2059,0.1471,0.3842,0.5647,0.6473,0.2624,2026-10-04
369,Coenzima Q10 - 200mg,CENTRAL NUTRITION,SEM_GRUPO,SEM_SUBGRUPO,1,4.9165,-0.0,0.9761,-0.2513,1.8159,0.1935,0.3548,0.2903,0.1613,-2.3995,-0.0425,-0.6058,-0.3231,2026-10-04
37,Whey Isolado e Hidrolisado - H.I Whey,ESSENTIAL,SEM_GRUPO,SEM_SUBGRUPO,6,5.422,-0.0,1.0,-0.7885,1.4691,0.3667,0.25,0.2167,0.1667,0.5656,0.305,0.0973,-1.9296,2026-10-04
371,Probiótico - Simcaps,VITAFOR,SEM_GRUPO,SEM_SUBGRUPO,1,3.8288,-0.0,0.9673,0.0,1.805,0.24,0.36,0.36,0.04,-0.2929,0.4111,-0.474,1.5835,2026-10-04
373,Resveratrol Plus - 165mg,VITAFOR,SEM_GRUPO,SEM_SUBGRUPO,6,4.7439,-0.0,0.9943,-0.0253,0.8456,0.2989,0.2874,0.3161,0.0977,-3.0387,1.9683,-0.053,-0.3012,2026-10-04
374,Palatinose,VITAFOR,SEM_GRUPO,SEM_SUBGRUPO,5,4.0498,-0.0,1.0,-0.2231,1.1344,0.299,0.3402,0.2577,0.1031,1.0826,-0.1917,0.4071,0.8552,2026-10-04
375,Omegafor Plus,VITAFOR,SEM_GRUPO,SEM_SUBGRUPO,6,5.5206,0.003,0.9954,-0.4055,0.6069,0.3257,0.3485,0.2052,0.1205,-0.2177,2.4018,1.3088,0.5112,2026-10-04
376,Ômega 3 EPA DHA,VITAFOR,SEM_GRUPO,SEM_SUBGRUPO,3,5.2874,0.0148,0.9918,0.1252,1.2167,0.2911,0.2658,0.3544,0.0886,-0.9005,1.933,-1.485,-1.178,2026-10-04
377,Aminoácido N-acetil L-cisteína (NAC),VITAFOR,SEM_GRUPO,SEM_SUBGRUPO,5,4.2661,0.0,1.0,-2.8622,1.3307,0.2377,0.5246,0.1393,0.0984,1.9212,0.3177,-1.2614,0.7535,2026-10-04
378,Melatonina em Gotas,VITAFOR,SEM_GRUPO,SEM_SUBGRUPO,0,3.6818,-0.0,0.988,0.3185,1.3549,0.3457,0.1235,0.3951,0.1358,0.0293,-0.3023,-0.3913,-2.3884,2026-10-04
379,Aminoácido - Aminovita,VITAFOR,SEM_GRUPO,SEM_SUBGRUPO,6,4.8183,-0.0,1.0,-0.5596,1.864,0.4138,0.2414,0.2069,0.1379,0.2409,1.1533,-0.223,-1.9958,2026-10-04
38,Super Ômega 3,ESSENTIAL,SEM_GRUPO,SEM_SUBGRUPO,0,4.786,-0.0,1.0,0.8755,1.3117,0.3867,0.08,0.3733,0.16,0.2193,-0.6558,-0.6987,-1.7186,2026-10-04
381,Aminoácido - Aminovita,VITAFOR,SEM_GRUPO,SEM_SUBGRUPO,6,4.9301,-0.0,1.0,-0.8473,1.5276,0.3929,0.3036,0.2143,0.0893,2.8865,0.9383,0.4264,-0.6303,2026-10-04
382,Magnésio Plus - 350mg,VITAFOR,SEM_GRUPO,SEM_SUBGRUPO,5,4.2929,-0.0,1.0,-3.4657,0.9789,0.2184,0.3333,0.1609,0.2874,1.1906,-1.4632,-0.5989,-0.9555,2026-10-04
385,Arginofor -  L-Arginina,VITAFOR,SEM_GRUPO,SEM_SUBGRUPO,0,4.6438,-0.0,1.0,0.2231,1.9794,0.1786,0.25,0.3929,0.1786,0.2533,-0.5664,-0.7763,-0.4294,2026-10-04
386,L-Carnitina 530mg,VITAFOR,SEM_GRUPO,SEM_SUBGRUPO,5,4.4989,0.0,1.0,-1.5041,1.8679,0.4194,0.4194,0.129,0.0323,1.0902,1.5445,1.033,0.0574,2026-10-04
388,Colágeno - Colagentek II,VITAFOR,SEM_GRUPO,SEM_SUBGRUPO,5,4.5774,0.0,1.0,-0.7777,1.0158,0.2302,0.4388,0.2086,0.1223,-1.0639,0.4373,-0.8044,0.6622,2026-10-04
39,Proteína Vegana - Immuno Veggie,ESSENTIAL,SEM_GRUPO,SEM_SUBGRUPO,5,5.5135,0.0,1.0,-0.6931,1.7072,0.3548,0.3871,0.1935,0.0645,-2.1942,0.9965,1.022,0.8371,2026-10-04
390,Colágeno - Colagentek Protein - Bodybalance,VITAFOR,SEM_GRUPO,SEM_SUBGRUPO,5,5.1159,-0.0,1.0,-0.2231,1.0067,0.2889,0.3852,0.2074,0.1185,0.1751,0.9712,0.4803,1.0103,2026-10-04
391,Beta Alanina,VITAFOR,SEM_GRUPO,SEM_SUBGRUPO,0,4.1029,0.0,1.0,0.6931,1.5881,0.34,0.22,0.26,0.18,2.2923,0.2993,-0.5116,-1.5244,2026-10-04
393,Colágeno - Colagentek,VITAFOR,SEM_GRUPO,SEM_SUBGRUPO,6,4.4489,0.0,1.0,0.0,1.4574,0.3256,0.2791,0.2558,0.1395,0.1499,1.2747,0.6402,-0.3509,2026-10-04
394,Ômega 3 - Omegafor Memory,VITAFOR,SEM_GRUPO,SEM_SUBGRUPO,6,4.6607,0.0024,1.0,-0.361,0.9819,0.2937,0.2937,0.2657,0.1469,-2.3057,0.9224,0.2244,-0.9738,2026-10-04
395,Vitamina D - Vita D3,VITAFOR,SEM_GRUPO,SEM_SUBGRUPO,6,3.9015,0.0,0.9957,-0.0426,0.7522,0.3594,0.2396,0.2811,0.1198,2.0323,0.9066,0.2856,-1.1551,2026-10-04
396,"Boraprim - Borragem, Prímula e Gergelim",VITAFOR,SEM_GRUPO,SEM_SUBGRUPO,3,4.4645,0.0,1.0,-0.2549,0.8744,0.2629,0.3314,0.2743,0.1314,-2.7107,0.5331,-1.0111,1.0291,2026-10-04
397,Vitamina D - Vita D3,VITAFOR,SEM_GRUPO,SEM_SUBGRUPO,6,3.9303,0.0015,0.9979,-0.0572,0.5056,0.3039,0.2866,0.25,0.1595,-0.5014,1.4082,0.0478,-0.5837,2026-10-04
399,Vitamina D - Vita D3 + C + Zinco,VITAFOR,SEM_GRUPO,SEM_SUBGRUPO,6,4.0736,0.0,0.993,-0.2877,0.6512,0.3174,0.2662,0.2423,0.1741,1.1772,-0.0311,1.7289,-1.332,2026-10-04
4,Whey Protein Isolado,DUX,SEM_GRUPO,SEM_SUBGRUPO,6,5.614,0.0012,1.0,0.0,1.0476,0.4583,0.275,0.1917,0.075,1.964,3.096,0.7783,-0.7843,2026-10-04
40,Whey,ESSENTIAL,SEM_GRUPO,SEM_SUBGRUPO,6,5.4029,0.0,1.0,-0.5306,1.0067,0.4174,0.2609,0.2435,0.0783,1.0154,1.4254,1.2976,-1.1118,2026-10-04
400,Vitamina D - Vita D3 + C + Zinco,VITAFOR,SEM_GRUPO,SEM_SUBGRUPO,5,3.7596,0.0,1.0,-1.2528,1.4426,0.2963,0.4444,0.1481,0.1111,0.2219,0.2597,0.2262,1.2159,2026-10-04
401,Simfort fibras,VITAFOR,SEM_GRUPO,SEM_SUBGRUPO,6,4.1066,0.0,0.9944,-0.1112,1.0524,0.3922,0.2876,0.2288,0.0915,1.3143,1.1137,1.444,0.4436,2026-10-04
402,Probiótico - Simfort Plus,VITAFOR,SEM_GRUPO,SEM_SUBGRUPO,3,4.7001,0.0032,0.9948,-0.0606,0.5855,0.2654,0.2589,0.3463,0.1294,-1.4675,-0.592,-1.2637,-1.1454,2026-10-04
404,Isofort Plant (Life Vegan),VITAFOR,SEM_GRUPO,SEM_SUBGRUPO,3,4.6994,-0.0,1.0,0.4055,1.7091,0.3077,0.3333,0.3077,0.0513,2.1628,0.6024,-0.4142,0.5578,2026-10-04
405,L-Taurina - 1.000mg,VITAFOR,SEM_GRUPO,SEM_SUBGRUPO,6,4.1139,0.0,1.0,0.0,2.0206,0.4412,0.2941,0.2059,0.0588,0.6036,0.4941,1.1827,0.4278,2026-10-04
406,Glutamina - Glutamax,VITAFOR,SEM_GRUPO,SEM_SUBGRUPO,0,3.8369,0.0,1.0,0.3677,1.3534,0.2143,0.1905,0.369,0.2262,0.9351,-0.8164,-2.004,-1.3218,2026-10-04
407,Beta Alanina,VITAFOR,SEM_GRUPO,SEM_SUBGRUPO,6,4.0794,0.0,1.0,-0.2776,0.7475,0.3301,0.2913,0.2621,0.1165,-0.2736,0.4143,1.6133,0.0027,2026-10-04
409,Melatonina - Sleepfor,VITAFOR,SEM_GRUPO,SEM_SUBGRUPO,6,4.2737,0.0,1.0,-0.3483,0.8368,0.32,0.25,0.31,0.12,-0.8182,-1.2106,0.3862,-2.1573,2026-10-04
41,Whey,ESSENTIAL,SEM_GRUPO,SEM_SUBGRUPO,5,5.9248,-0.0,1.0,-2.8904,1.2176,0.3299,0.3918,0.1031,0.1753,-0.4775,-0.8566,1.6879,-0.2361,2026-10-04
410,Enzimas Enzyfor,VITAFOR,SEM_GRUPO,SEM_SUBGRUPO,0,4.9232,0.0,1.0,-1.0116,1.4658,0.2258,0.3226,0.2097,0.2419,0.2344,-1.6108,0.9165,-0.4597,2026-10-04
412,Própolis Líquido - Gotas,VITAFOR,SEM_GRUPO,SEM_SUBGRUPO,6,3.6792,0.0,1.0,-0.1823,1.1298,0.4083,0.3083,0.1917,0.0917,2.586,1.4538,1.0501,0.0411,2026-10-04
416,Cúrcuma Plus,VITAFOR,SEM_GRUPO,SEM_SUBGRUPO,2,3.8868,-0.0,1.0,1.0986,1.2169,0.1379,0.2299,0.4598,0.1724,0.953,-2.4486,-2.5206,0.2102,2026-10-04
419,"Boraprim - Borragem, Prímula e Gergelim",VITAFOR,SEM_GRUPO,SEM_SUBGRUPO,5,3.7774,-0.0,1.0,-1.204,1.5991,0.2368,0.5263,0.1184,0.1184,2.5367,0.0401,0.7005,1.5502,2026-10-04
421,Glutamina - Glutamax,VITAFOR,SEM_GRUPO,SEM_SUBGRUPO,3,4.3995,0.0,1.0,0.449,0.834,0.2554,0.2554,0.375,0.1141,-1.7066,0.8863,-1.2762,0.3467,2026-10-04
422,Glutamina - Glutamax Refil,VITAFOR,SEM_GRUPO,SEM_SUBGRUPO,0,4.789,0.0,1.0,-0.4055,1.3151,0.2188,0.2188,0.3281,0.2344,0.8,-1.5065,-0.7575,-1.7767,2026-10-04
423,Suplemento Alimentar  - Hepatofor,VITAFOR,SEM_GRUPO,SEM_SUBGRUPO,5,4.4181,0.0,1.0,-2.3979,1.271,0.4412,0.3382,0.1324,0.0882,2.7733,2.0255,1.1063,-0.8634,2026-10-04
424,Multivitaminico - Imunomult- 1000mg,VITAFOR,SEM_GRUPO,SEM_SUBGRUPO,6,4.5212,0.0,0.9892,0.1001,1.2115,0.2903,0.2688,0.2903,0.1505,-2.604,1.0676,-0.1249,-0.5282,2026-10-04
426,Whey Protein Crisp - Isocrisp,VITAFOR,SEM_GRUPO,SEM_SUBGRUPO,5,3.8179,0.0,1.0,-1.6582,1.2244,0.2469,0.3951,0.2963,0.0617,-0.7068,-1.5658,1.1036,1.0027,2026-10-04
427,Isofort Plant (Life Vegan),VITAFOR,SEM_GRUPO,SEM_SUBGRUPO,6,4.7163,0.0,1.0,0.1054,1.2,0.2809,0.2809,0.3034,0.1348,2.2331,0.3013,-0.1132,-0.4998,2026-10-04
428,Isofort Plant (Life Vegan),VITAFOR,SEM_GRUPO,SEM_SUBGRUPO,5,4.6591,0.0,1.0,-0.2877,2.0025,0.2821,0.4359,0.2308,0.0513,2.6775,-0.0309,0.8665,2.4647,2026-10-04
433,Cúrcuma Plus,VITAFOR,SEM_GRUPO,SEM_SUBGRUPO,6,4.2347,0.0014,0.9982,-0.2683,0.5629,0.3373,0.3275,0.2196,0.1157,0.8839,-0.0291,1.6595,0.7582,2026-10-04
434,Creatina - Creafort (Creapure),VITAFOR,SEM_GRUPO,SEM_SUBGRUPO,6,5.1867,0.0063,0.9927,0.0123,0.4627,0.3,0.2545,0.2873,0.1582,-1.3471,-0.152,-0.0466,-2.027,2026-10-04
439,Colágeno - Colagentek Protein - Bodybalance,VITAFOR,SEM_GRUPO,SEM_SUBGRUPO,3,5.1184,-0.0,1.0,-0.0364,0.7784,0.2367,0.3043,0.2754,0.1836,0.0021,-1.6234,0.2012,-0.2781,2026-10-04
44,Creatina Monohidratada (Creapure),NUTRIFY,SEM_GRUPO,SEM_SUBGRUPO,3,5.232,0.0,0.9889,-0.5781,0.8233,0.2129,0.3548,0.2903,0.1419,-2.0639,-0.5281,-0.92,-0.0957,2026-10-04
440,Colágeno - Colagentek,VITAFOR,SEM_GRUPO,SEM_SUBGRUPO,3,4.3659,0.0,1.0,1.0986,2.1055,0.2692,0.3462,0.3462,0.0385,2.584,-0.3722,-0.244,1.1845,2026-10-04
442,Colágeno - Colagentek,VITAFOR,SEM_GRUPO,SEM_SUBGRUPO,5,4.457,-0.0,1.0,-2.3026,1.663,0.2439,0.4878,0.0976,0.1707,0.5393,0.1871,1.0191,0.6445,2026-10-04
443,Colágeno - Colagentek,VITAFOR,SEM_GRUPO,SEM_SUBGRUPO,5,4.4291,-0.0,1.0,-0.8473,1.9677,0.3226,0.3548,0.1935,0.129,1.4478,0.7443,-1.2025,-0.6984,2026-10-04
444,Colágeno - Colagentek,VITAFOR,SEM_GRUPO,SEM_SUBGRUPO,0,4.457,0.0,1.0,-0.1542,1.3943,0.3125,0.2292,0.1667,0.2917,-0.2276,0.1809,1.1287,-1.7129,2026-10-04
445,Colágeno - Colagentek,VITAFOR,SEM_GRUPO,SEM_SUBGRUPO,1,4.4322,-0.0,0.9703,0.0,1.723,0.2647,0.4118,0.2059,0.1176,0.9085,0.4504,0.5353,2.0106,2026-10-04
447,Colágeno - Colagentek Beauty,VITAFOR,SEM_GRUPO,SEM_SUBGRUPO,3,4.747,0.0,1.0,0.1542,1.583,0.2727,0.2955,0.3409,0.0909,1.8097,0.0792,-1.2077,-0.3527,2026-10-04
448,Coenzima Q10 (200mg p/ porção),VITAFOR,SEM_GRUPO,SEM_SUBGRUPO,3,4.7606,0.0121,0.9925,-0.1054,0.5599,0.2699,0.3252,0.2914,0.1135,-1.8367,0.7784,-0.1125,1.0144,2026-10-04
449,Coenzima Q10 (200mg p/ porção),VITAFOR,SEM_GRUPO,SEM_SUBGRUPO,6,4.3751,0.0,1.0,-0.087,1.164,0.2857,0.2714,0.2857,0.1571,-1.6107,-0.7449,1.4807,0.2781,2026-10-04
450,Coenzima Q10  (200mg p/ porção),VITAFOR,SEM_GRUPO,SEM_SUBGRUPO,6,5.2828,0.0,0.9951,-0.3302,0.7182,0.3231,0.2974,0.2872,0.0923,1.6353,1.6929,-0.6926,-0.7295,2026-10-04
451,Coenzima Q10 - (100mg p/ porção),VITAFOR,SEM_GRUPO,SEM_SUBGRUPO,6,4.3253,0.0,1.0,-0.4595,0.9554,0.3108,0.3311,0.2162,0.1419,1.1104,-0.0066,1.5821,-0.1483,2026-10-04
453,Whey Tech 100%,ATLHETICA NUTRITION,SEM_GRUPO,SEM_SUBGRUPO,6,4.9011,0.0037,0.9966,2.1972,1.1045,0.5188,0.159,0.1799,0.1423,0.327,-0.3972,2.7199,-0.9116,2026-10-04
454,Whey Tech 100%,ATLHETICA NUTRITION,SEM_GRUPO,SEM_SUBGRUPO,6,4.8726,0.0,1.0,0.0,1.5379,0.3818,0.2909,0.0909,0.2364,2.9708,0.3284,0.628,-0.3417,2026-10-04
455,Morning Shot - Imunidade,SUBLYME,SEM_GRUPO,SEM_SUBGRUPO,5,4.5799,-0.0,1.0,-0.6539,0.9365,0.271,0.3742,0.2387,0.1161,1.7308,-0.7484,0.9701,0.9963,2026-10-04
456,SuperCoffee,CAFFEINE ARMY,SEM_GRUPO,SEM_SUBGRUPO,6,5.0967,0.0069,0.9851,-1.0986,0.886,0.313,0.2901,0.2366,0.1603,-0.927,-1.4577,1.6461,-1.1427,2026-10-04
457,SuperCoffee,CAFFEINE ARMY,SEM_GRUPO,SEM_SUBGRUPO,3,5.1009,0.0071,1.0,-0.6325,0.9149,0.1959,0.299,0.3402,0.1649,0.2786,-2.3778,-1.0749,-0.7385,2026-10-04
459,SuperCoffee,CAFFEINE ARMY,SEM_GRUPO,SEM_SUBGRUPO,5,4.6805,0.0,1.0,-1.5041,1.7726,0.2917,0.4792,0.125,0.1042,0.5974,-0.1602,2.2113,1.3764,2026-10-04
463,SuperCoffee,CAFFEINE ARMY,SEM_GRUPO,SEM_SUBGRUPO,6,4.6481,0.0136,1.0,0.2231,2.2407,0.3548,0.3548,0.2258,0.0645,1.8489,1.5296,-0.9151,-0.056,2026-10-04
465,SuperCoffee,CAFFEINE ARMY,SEM_GRUPO,SEM_SUBGRUPO,5,5.1062,0.0108,1.0,-0.383,1.0686,0.27,0.36,0.21,0.16,-1.6568,0.7402,0.7916,0.4181,2026-10-04
474,Glutamina,DUX,SEM_GRUPO,SEM_SUBGRUPO,6,4.2138,0.0,1.0,-0.1625,0.7697,0.3413,0.2981,0.2115,0.149,3.1191,0.8844,0.0407,-0.465,2026-10-04
480,BT Nitrato 400,DOBRO,SEM_GRUPO,SEM_SUBGRUPO,3,4.9621,-0.0,0.9854,-0.1178,1.2514,0.2456,0.2982,0.3509,0.1053,0.5692,-0.6112,-0.506,0.3117,2026-10-04
481,BT Nitrato 400,DOBRO,SEM_GRUPO,SEM_SUBGRUPO,5,5.109,0.0,1.0,-0.2231,1.9445,0.2917,0.4167,0.25,0.0417,0.1733,0.1486,1.3152,1.7122,2026-10-04
486,Creatina Monohidratada,DUX,SEM_GRUPO,SEM_SUBGRUPO,3,4.3179,0.0142,0.9917,0.5022,0.5188,0.2748,0.3037,0.315,0.1064,0.1781,2.0705,-1.5112,0.9228,2026-10-04
487,Glutamina Isolates,INTEGRALMEDICA,SEM_GRUPO,SEM_SUBGRUPO,3,4.1528,-0.0,1.0,-0.2877,1.6338,0.1,0.5,0.3,0.1,-1.3389,0.0266,-0.8455,2.1895,2026-10-04
5,Whey Protein Isolado,DUX,SEM_GRUPO,SEM_SUBGRUPO,6,5.707,-0.0,0.9883,0.0953,1.06,0.439,0.2439,0.1951,0.122,-0.1809,2.338,2.472,-0.7099,2026-10-04
50,Whey Protein Isolado,PURAVIDA,SEM_GRUPO,SEM_SUBGRUPO,6,5.055,0.0,1.0,1.9459,2.0406,0.5676,0.027,0.1622,0.2432,-1.0267,0.7572,1.8857,-0.6712,2026-10-04
519,Proteína Isolada e Hidrolisada - Body Protein,EQUALIV,SEM_GRUPO,SEM_SUBGRUPO,3,5.3082,-0.0,0.9905,0.3747,0.9206,0.29,0.28,0.33,0.1,2.0065,0.6124,-0.8141,0.0402,2026-10-04
52,Ômega 3 Fosfatix,PURAVIDA,SEM_GRUPO,SEM_SUBGRUPO,2,5.0594,-0.0,1.0,1.5041,2.2708,0.2424,0.0303,0.4848,0.2424,-1.0738,-1.6096,-1.4635,-1.3434,2026-10-04
520,Proteína Isolada e Hidrolisada - Body Protein,EQUALIV,SEM_GRUPO,SEM_SUBGRUPO,5,5.2929,-0.0,1.0,-0.5754,1.1976,0.3,0.3533,0.1867,0.16,1.8247,-0.187,1.1468,0.6318,2026-10-04
521,Proteína Isolada e Hidrolisada - Body Protein,EQUALIV,SEM_GRUPO,SEM_SUBGRUPO,0,5.303,-0.0,1.0,1.0217,0.9172,0.2595,0.227,0.3676,0.1459,2.2052,-1.8169,-1.8729,-0.9367,2026-10-04
522,Proteína Isolada e Hidrolisada - Body Protein,EQUALIV,SEM_GRUPO,SEM_SUBGRUPO,6,5.2835,-0.0,1.0,0.0,1.5503,0.375,0.1875,0.3125,0.125,2.0205,0.9651,-1.8611,-1.7095,2026-10-04
523,Proteína Isolada e Hidrolisada - Body Protein Red,EQUALIV,SEM_GRUPO,SEM_SUBGRUPO,3,5.3129,-0.0,0.9939,-0.1625,0.8749,0.2638,0.2822,0.2822,0.1718,2.142,-1.1948,-0.5642,-0.3563,2026-10-04
528,Achocolatado - Choco Family - Refil,VITAFOR,SEM_GRUPO,SEM_SUBGRUPO,0,3.6916,0.0,1.0,0.0,1.6785,0.2346,0.321,0.1852,0.2593,2.7964,-1.6937,0.4758,0.6265,2026-10-04
531,Multivitamínico - Vitalift,ESSENTIAL,SEM_GRUPO,SEM_SUBGRUPO,3,5.1982,-0.0,1.0,0.1335,1.7427,0.2759,0.3448,0.3103,0.069,-1.1422,1.2202,-1.2241,1.3485,2026-10-04
533,Aminoácido - Tryptophan,NUTRIFY,SEM_GRUPO,SEM_SUBGRUPO,0,3.9233,0.0,1.0,0.0,1.9445,0.2917,0.25,0.2917,0.1667,1.5881,-1.7451,0.4635,-0.8478,2026-10-04
534,Coenzima Q10 + Ômega 3 + Vitamina E,ESSENTIAL,SEM_GRUPO,SEM_SUBGRUPO,6,4.9147,0.0,1.0,-0.8473,0.9385,0.3913,0.2899,0.1691,0.1498,-0.3423,-0.7184,2.9391,-0.0691,2026-10-04
536,Creatina Monohidratada,NUTRATA,SEM_GRUPO,SEM_SUBGRUPO,6,3.7261,0.0,1.0,-0.4055,2.2183,0.3704,0.2593,0.2222,0.1481,2.3194,0.7352,-0.1625,-0.7064,2026-10-04
538,Ultracoffee - Vegano,PLANT POWER,SEM_GRUPO,SEM_SUBGRUPO,5,4.5031,0.0,1.0,-0.4055,2.3332,0.3448,0.4138,0.1724,0.069,2.9914,0.5548,-0.4049,0.5368,2026-10-04
54,Ômega 3 EPA DHA,PURAVIDA,SEM_GRUPO,SEM_SUBGRUPO,3,4.1005,0.0089,0.9976,-1.0022,1.0257,0.0743,0.4005,0.3189,0.2062,0.6735,-2.6969,-0.4985,0.7668,2026-10-04
546,Ômega 3 Pulse,PURAVIDA,SEM_GRUPO,SEM_SUBGRUPO,6,4.8048,0.0168,1.0,0.8109,1.3949,0.4783,0.2435,0.2174,0.0609,1.112,-0.3552,0.676,-0.3449,2026-10-04
549,Achocolatado - Chocoki,ESSENTIAL,SEM_GRUPO,SEM_SUBGRUPO,6,4.3801,-0.0,1.0,0.1542,1.1987,0.3279,0.2787,0.2295,0.1639,2.0326,-0.8858,-0.099,0.15,2026-10-04
550,Suplemento de Magnésio - Blue Calm,PURAVIDA,SEM_GRUPO,SEM_SUBGRUPO,0,5.0672,-0.0,1.0,0.0,2.1771,0.125,0.25,0.2188,0.4062,1.2519,-2.6636,-0.1253,-0.0903,2026-10-04
558,Palatinose,DUX,SEM_GRUPO,SEM_SUBGRUPO,6,4.0961,0.0,0.9892,0.1178,0.8089,0.3757,0.2541,0.232,0.1381,2.4981,1.1593,0.2074,-1.0998,2026-10-04
559,Pré-Treino - V Fort Ultra,VITAFOR,SEM_GRUPO,SEM_SUBGRUPO,6,4.7823,0.0,1.0,-0.8755,1.2959,0.4035,0.2456,0.2105,0.1404,-0.3654,0.2385,0.442,-2.7088,2026-10-04
58,Ômega 3 Super DHA,PURAVIDA,SEM_GRUPO,SEM_SUBGRUPO,6,4.7412,0.0,1.0,-0.087,1.321,0.2958,0.2817,0.2958,0.1268,-2.4394,-0.4192,1.7143,0.3959,2026-10-04
587,Whey Tech 100%,ATLHETICA NUTRITION,SEM_GRUPO,SEM_SUBGRUPO,1,4.8692,0.0053,0.9623,1.3863,1.8487,0.3488,0.3023,0.2791,0.0698,2.3163,-0.6869,-0.4229,0.192,2026-10-04
588,Whey Tech 100%,ATLHETICA NUTRITION,SEM_GRUPO,SEM_SUBGRUPO,6,4.8791,0.0069,1.0,1.6094,1.4502,0.5385,0.1692,0.1385,0.1538,1.54,0.5032,0.3782,-1.7155,2026-10-04
589,Whey Tech 100%,ATLHETICA NUTRITION,SEM_GRUPO,SEM_SUBGRUPO,6,4.8908,-0.0,1.0,-0.8109,0.9304,0.3622,0.2677,0.2441,0.126,0.2825,-0.6133,2.1168,-1.0312,2026-10-04
592,Vitamina D3 + K2 Gotas,PURAVIDA,SEM_GRUPO,SEM_SUBGRUPO,3,4.184,-0.0,0.992,0.7885,1.034,0.2435,0.2783,0.3391,0.1391,2.0247,-2.4393,-0.5396,0.0786,2026-10-04
598,Glutamina em Pó,NUTRIFY,SEM_GRUPO,SEM_SUBGRUPO,3,4.605,0.0,0.9827,0.1542,1.4327,0.2419,0.2903,0.3871,0.0806,1.63,-0.9583,-0.169,-0.2463,2026-10-04
599,Creatina,ALLMAX,SEM_GRUPO,SEM_SUBGRUPO,5,5.1975,-0.0,1.0,-1.3863,1.6706,0.4242,0.3636,0.1212,0.0909,2.7484,0.7464,1.5263,0.3466,2026-10-04
6,Whey Protein Isolado,DUX,SEM_GRUPO,SEM_SUBGRUPO,5,5.7329,-0.0,0.9867,-0.6286,1.066,0.359,0.3718,0.1795,0.0897,-1.0789,0.7359,2.2716,1.4425,2026-10-04
60,Creatina Premium - Creapure,PURAVIDA,SEM_GRUPO,SEM_SUBGRUPO,3,5.3805,0.0082,1.0,0.0953,1.1432,0.1972,0.3239,0.338,0.1408,0.6775,-1.0586,-0.8874,1.3964,2026-10-04
613,Multivitaminico  - Imunomult- 1000mg,VITAFOR,SEM_GRUPO,SEM_SUBGRUPO,2,4.8357,-0.0,0.9757,1.0116,1.0389,0.3077,0.2051,0.3675,0.1197,0.9,-0.2763,-1.1897,-0.6748,2026-10-04
614,Vitamina B12,NUTRIFY,SEM_GRUPO,SEM_SUBGRUPO,3,3.5408,-0.0,0.9933,0.6506,1.0516,0.2331,0.2331,0.3985,0.1353,-0.3453,-1.8957,-0.6708,0.7024,2026-10-04
615,Magnésio,NUTRIFY,SEM_GRUPO,SEM_SUBGRUPO,0,3.8144,-0.0,0.994,1.2879,0.9828,0.3576,0.1333,0.3333,0.1758,-0.8516,-0.848,-0.4518,-1.9192,2026-10-04
616,Vitamina - Good Mood,NUTRIFY,SEM_GRUPO,SEM_SUBGRUPO,3,4.0863,0.0,1.0,-0.2231,1.0991,0.2597,0.3247,0.3506,0.0649,-0.5643,-0.9454,-0.9231,0.3606,2026-10-04
617,Coenzima  Q10 - 100mg,NUTRIFY,SEM_GRUPO,SEM_SUBGRUPO,6,4.4709,0.0084,1.0,-0.3102,1.0095,0.3103,0.2529,0.2529,0.1839,-1.7498,-0.4697,0.5439,-2.0179,2026-10-04
619,Bio Zinco,PURAVIDA,SEM_GRUPO,SEM_SUBGRUPO,3,3.5228,0.0,1.0,0.1112,1.0318,0.2885,0.3462,0.2981,0.0673,-0.6534,1.0499,0.218,0.9935,2026-10-04
620,Magnésio Quelato - Bio Mag,PURAVIDA,SEM_GRUPO,SEM_SUBGRUPO,6,4.227,-0.0,1.0,-0.2364,1.2137,0.3,0.32,0.25,0.13,-2.5757,-0.9185,1.4382,0.014,2026-10-04
623,Coenzima Q10,PURAVIDA,SEM_GRUPO,SEM_SUBGRUPO,5,4.4252,0.0,1.0,-1.0986,2.2044,0.5273,0.4,0.0364,0.0364,3.3258,2.0335,-0.0136,-0.0183,2026-10-04
629,Vitamina B12,LAUTON,SEM_GRUPO,SEM_SUBGRUPO,6,3.5919,0.0,1.0,-0.2513,1.7664,0.3143,0.3143,0.3143,0.0571,-1.7927,0.4594,0.1165,-0.4493,2026-10-04
633,Creatina Monohidratada -  Crealift (Creapure),ESSENTIAL,SEM_GRUPO,SEM_SUBGRUPO,6,5.6004,0.0,1.0,0.0,1.3617,0.4118,0.2157,0.1765,0.1961,0.4711,-0.1784,1.0434,-0.997,2026-10-04
634,Magnésio - Inositol Relief 3.0,TRUE SOURCE,SEM_GRUPO,SEM_SUBGRUPO,3,5.1564,0.0261,0.9909,0.2603,1.0914,0.2388,0.2687,0.3831,0.1095,-2.2607,-1.0427,-0.8296,-0.6157,2026-10-04
635,Ômega 3 - 1360mg,NUTRIFY,SEM_GRUPO,SEM_SUBGRUPO,3,4.9184,0.0,0.9897,0.3747,0.8033,0.2646,0.2607,0.3385,0.1362,-1.3746,-0.9436,0.026,0.1027,2026-10-04
638,Beta Alanina 100%,NUTRATA,SEM_GRUPO,SEM_SUBGRUPO,3,3.8346,-0.0,1.0,-0.1398,1.078,0.2613,0.3153,0.3333,0.0901,-2.4422,-0.4998,-0.2024,0.9224,2026-10-04
647,Glutamina em Pó,PURAVIDA,SEM_GRUPO,SEM_SUBGRUPO,3,4.4299,0.0,1.0,0.0,1.3288,0.2963,0.3704,0.2778,0.0556,2.9655,-0.2537,-0.5101,0.9006,2026-10-04
651,Colágeno - Collagen Protein Hidrolisado,PURAVIDA,SEM_GRUPO,SEM_SUBGRUPO,3,5.0893,0.0,1.0,-0.5596,1.2288,0.2239,0.3881,0.2687,0.1194,1.0448,-0.4351,-0.4923,0.3779,2026-10-04
652,Colágeno - Collagen Protein Hidrolisado Berries Silvestres 450g PURAVIDA,PURAVIDA,SEM_GRUPO,SEM_SUBGRUPO,5,5.0912,-0.0,1.0,-1.3218,1.075,0.2967,0.3736,0.2088,0.1209,1.684,-0.8361,1.2367,0.219,2026-10-04
657,Colágeno - Collagen Tipo II 40mg,NUTRIFY,SEM_GRUPO,SEM_SUBGRUPO,6,4.3845,0.0,1.0,-0.1112,0.9298,0.3359,0.2812,0.2812,0.1016,-0.4133,-0.0757,0.8217,-0.615,2026-10-04
658,Cúrcuma - Curcumagic,PURAVIDA,SEM_GRUPO,SEM_SUBGRUPO,0,4.949,-0.0,1.0,-0.6061,1.6216,0.2449,0.2857,0.3061,0.1633,-1.374,-0.5123,-0.4507,-1.7505,2026-10-04
659,Colágeno - Collagen Protein Hidrolisado,PURAVIDA,SEM_GRUPO,SEM_SUBGRUPO,0,5.0819,0.0,1.0,2.3979,1.249,0.2759,0.2328,0.3017,0.1897,2.9679,-0.5921,-0.6151,-0.8718,2026-10-04
662,Própolis Verde - Premium 10mg,PURAVIDA,SEM_GRUPO,SEM_SUBGRUPO,0,4.1557,0.0,0.9918,0.6931,1.455,0.4151,0.0849,0.3019,0.1981,2.5321,-0.2046,-0.0592,-2.5465,2026-10-04
663,Vitamina C - Bio Vit C+,PURAVIDA,SEM_GRUPO,SEM_SUBGRUPO,6,3.8368,-0.0,1.0,-0.7621,1.3141,0.3735,0.2892,0.241,0.0964,0.8872,0.6657,-0.0056,-0.9997,2026-10-04
67,Whey Protein Isolado - Isofort,VITAFOR,SEM_GRUPO,SEM_SUBGRUPO,6,5.6769,0.008,0.9804,0.4055,1.425,0.3636,0.2879,0.2879,0.0606,-0.0908,1.4807,0.236,0.1762,2026-10-04
679,Cálcio de Algas 1000mg,OCEAN DROP,SEM_GRUPO,SEM_SUBGRUPO,5,3.9999,-0.0,1.0,-1.6094,1.9506,0.2727,0.3939,0.303,0.0303,2.2777,-0.2934,0.0325,0.0647,2026-10-04
68,Omegafor Plus,VITAFOR,SEM_GRUPO,SEM_SUBGRUPO,3,5.0339,0.0027,0.9967,0.2036,0.4708,0.2756,0.249,0.3327,0.1427,-2.8904,-0.321,-0.7912,-1.1678,2026-10-04
680,Cranberry - She She Comfort,OCEAN DROP,SEM_GRUPO,SEM_SUBGRUPO,3,4.2296,-0.0,1.0,-0.2231,1.6952,0.2,0.3,0.3667,0.1333,-3.2249,0.2354,-1.2463,-0.9979,2026-10-04
681,Coenzima Q10,OCEAN DROP,SEM_GRUPO,SEM_SUBGRUPO,3,4.3862,0.0,1.0,0.1001,1.0314,0.2444,0.2889,0.3481,0.1185,0.148,-1.1634,-1.3295,-0.11,2026-10-04
685,Creatina Monohidratada,OCEAN DROP,SEM_GRUPO,SEM_SUBGRUPO,6,4.0902,0.004,0.9933,-0.4815,0.8651,0.293,0.3576,0.2417,0.1076,-0.337,2.0795,-0.4197,-0.672,2026-10-04
687,Ômega 3 DHA,OCEAN DROP,SEM_GRUPO,SEM_SUBGRUPO,3,4.8367,0.0,1.0,-0.539,1.6045,0.1148,0.4918,0.3279,0.0656,0.8282,-1.4571,-0.3444,2.7877,2026-10-04
688,Glutamina,OCEAN DROP,SEM_GRUPO,SEM_SUBGRUPO,5,3.9742,0.0,1.0,0.3747,1.1429,0.3111,0.3556,0.2444,0.0889,-0.3262,-0.0553,1.0858,2.3034,2026-10-04
689,Pré-Treino,OCEAN DROP,SEM_GRUPO,SEM_SUBGRUPO,6,4.3323,-0.0,1.0,0.5108,1.7427,0.3793,0.2759,0.1724,0.1724,1.4571,0.7758,0.3584,-0.3778,2026-10-04
69,Omegafor Plus,VITAFOR,SEM_GRUPO,SEM_SUBGRUPO,6,4.5918,0.0,1.0,-0.3011,0.6794,0.3423,0.3115,0.25,0.0962,-0.8599,1.4617,-0.6316,-0.1504,2026-10-04
690,Vitamina B12,OCEAN DROP,SEM_GRUPO,SEM_SUBGRUPO,6,3.5501,-0.0,0.9791,-0.4568,0.939,0.3404,0.2837,0.234,0.1418,-1.8827,1.5809,1.0386,-1.3329,2026-10-04
691,Cúrcuma 500mg,OCEAN DROP,SEM_GRUPO,SEM_SUBGRUPO,3,4.5027,0.0,1.0,0.7732,1.3617,0.2059,0.3088,0.3088,0.1765,1.4913,-1.5533,-1.0735,1.3852,2026-10-04
692,Magnésio Plus 900mg,OCEAN DROP,SEM_GRUPO,SEM_SUBGRUPO,5,4.4705,-0.0,1.0,-3.7842,1.1326,0.2982,0.3392,0.1637,0.1988,-0.8959,-1.3021,1.1054,-2.0425,2026-10-04
693,Vitamina C + Zinco - Gomas,OCEAN DROP,SEM_GRUPO,SEM_SUBGRUPO,6,4.1018,0.0,1.0,-0.4055,1.9828,0.3636,0.2727,0.1818,0.1818,-0.7208,2.1108,-0.388,-1.7291,2026-10-04
694,Complexo B 500mg,OCEAN DROP,SEM_GRUPO,SEM_SUBGRUPO,5,3.6878,0.0,1.0,-1.5404,1.3086,0.26,0.44,0.16,0.14,-0.9734,-0.1524,1.9551,1.1449,2026-10-04
695,NAC 650mg,OCEAN DROP,SEM_GRUPO,SEM_SUBGRUPO,0,4.1012,0.0,1.0,1.3863,1.9574,0.1053,0.0789,0.3421,0.4737,0.4126,-2.8816,-0.644,-1.6524,2026-10-04
696,Prebiótico,OCEAN DROP,SEM_GRUPO,SEM_SUBGRUPO,5,4.2955,-0.0,1.0,0.0,1.8659,0.3125,0.4062,0.1875,0.0938,0.2748,0.217,1.4215,1.9506,2026-10-04
697,Ferro Quelato + Vitamina C,OCEAN DROP,SEM_GRUPO,SEM_SUBGRUPO,6,3.7873,0.0046,1.0,-0.2719,0.7552,0.3375,0.3,0.2375,0.125,0.974,0.5752,0.9782,0.2194,2026-10-04
698,Shot Matinal,OCEAN DROP,SEM_GRUPO,SEM_SUBGRUPO,3,4.287,-0.0,1.0,-0.2877,1.3654,0.2344,0.3906,0.2812,0.0938,0.0467,-0.1714,-0.0187,0.9903,2026-10-04
699,Feno Grego + Boro 500mg,OCEAN DROP,SEM_GRUPO,SEM_SUBGRUPO,5,4.5247,-0.0,1.0,-2.0794,2.1062,0.32,0.44,0.12,0.12,-1.2524,0.2199,2.9545,0.4502,2026-10-04
70,Omegafor Vision,VITAFOR,SEM_GRUPO,SEM_SUBGRUPO,5,4.6213,0.0,1.0,-0.9163,2.0405,0.4074,0.3704,0.1852,0.037,1.5547,1.0534,1.8438,0.8092,2026-10-04
700,Extrato de Laranja Moro 400mg,OCEAN DROP,SEM_GRUPO,SEM_SUBGRUPO,0,4.5473,0.0,1.0,0.4055,1.4323,0.2885,0.1346,0.2308,0.3462,0.0422,-1.9533,0.1255,-2.4905,2026-10-04
704,Psyllium,OCEAN DROP,SEM_GRUPO,SEM_SUBGRUPO,6,4.2873,0.0018,1.0,-0.0282,0.6435,0.3419,0.2904,0.2574,0.1103,1.2137,0.9839,0.7683,0.3199,2026-10-04
705,Melatonina,OCEAN DROP,SEM_GRUPO,SEM_SUBGRUPO,3,3.8772,-0.0,1.0,0.0,1.5958,0.2195,0.3902,0.3415,0.0488,0.8558,0.3067,-1.2783,1.5774,2026-10-04
706,Vitamina D3 + K2,OCEAN DROP,SEM_GRUPO,SEM_SUBGRUPO,6,4.089,0.0,1.0,-1.3863,1.3703,0.4228,0.0813,0.3252,0.1707,-0.1271,-1.7085,1.6605,-1.8201,2026-10-04
707,Vitamina B12,OCEAN DROP,SEM_GRUPO,SEM_SUBGRUPO,6,3.5878,-0.0,1.0,-0.7885,1.4166,0.3,0.3,0.24,0.16,-0.2171,0.5744,0.3499,-0.7293,2026-10-04
709,Resveratrol 500mg,OCEAN DROP,SEM_GRUPO,SEM_SUBGRUPO,0,4.3627,-0.0,1.0,-0.3102,1.2041,0.2308,0.2923,0.2615,0.2154,-1.2993,0.6635,-1.6767,-1.0523,2026-10-04
71,Creatina Monohidratada - Creatine,VITAFOR,SEM_GRUPO,SEM_SUBGRUPO,6,4.5037,0.0087,0.9915,0.2085,0.5344,0.346,0.2259,0.2749,0.1532,0.974,0.6903,0.7735,-1.9302,2026-10-04
711,Trio Magnésio 720mg,OCEAN DROP,SEM_GRUPO,SEM_SUBGRUPO,3,4.1202,0.0012,0.9923,-0.0755,0.7984,0.2582,0.3164,0.2945,0.1309,-2.9432,0.3594,0.2964,1.4841,2026-10-04
712,Suplemento Alimentar - Green Shot,OCEAN DROP,SEM_GRUPO,SEM_SUBGRUPO,6,4.3137,-0.0,1.0,0.1823,1.5241,0.4186,0.2326,0.186,0.1628,-0.299,1.219,1.5192,0.0114,2026-10-04
714,Matchá - Chá Verde em Pó,OCEAN DROP,SEM_GRUPO,SEM_SUBGRUPO,0,4.3781,0.0,1.0,-0.6931,1.8848,0.24,0.28,0.16,0.32,0.8136,-0.7485,0.4018,-1.2618,2026-10-04
715,Suplemento Alimentar - Slim Body 400mg,OCEAN DROP,SEM_GRUPO,SEM_SUBGRUPO,6,4.3158,-0.0,1.0,0.0,1.864,0.4828,0.2759,0.069,0.1724,1.27,1.5164,0.9775,-0.697,2026-10-04
72,Ômega 3 EPA DHA,VITAFOR,SEM_GRUPO,SEM_SUBGRUPO,3,4.6861,-0.0,0.9957,-0.1633,0.607,0.2444,0.2893,0.3192,0.1471,-2.6051,-1.2126,0.5341,-0.5557,2026-10-04
726,Termogênico - Lipix6,VITAFOR,SEM_GRUPO,SEM_SUBGRUPO,3,4.0821,0.0,1.0,0.9163,1.723,0.2059,0.2353,0.4412,0.1176,0.3719,-2.2861,0.2324,0.8158,2026-10-04
73,Whey Protein Isolado - Isofort,VITAFOR,SEM_GRUPO,SEM_SUBGRUPO,5,5.6687,-0.0,1.0,-1.7918,1.1158,0.3889,0.3241,0.1574,0.1296,2.5061,-0.4261,1.1345,-0.5666,2026-10-04
74,Whey Protein Isolado - Isofort,VITAFOR,SEM_GRUPO,SEM_SUBGRUPO,1,5.6931,0.0105,0.9711,0.5978,1.2566,0.3409,0.2273,0.3182,0.1136,-0.4684,2.0737,-1.074,-0.4458,2026-10-04
75,Ômega -  Mega DHA,VITAFOR,SEM_GRUPO,SEM_SUBGRUPO,5,4.5182,0.0,1.0,0.0741,1.0849,0.3879,0.3448,0.2069,0.0603,2.2207,1.6321,0.3243,1.2631,2026-10-04
753,Chocolate 70% Cacau,ONLY4,SEM_GRUPO,SEM_SUBGRUPO,1,3.2873,0.0,0.962,1.0986,2.1062,0.4,0.24,0.36,0.0,0.8028,2.77,-1.7697,0.4677,2026-10-04
754,Barra Chocolate 70%,ZEROMILK,SEM_GRUPO,SEM_SUBGRUPO,0,2.9588,-0.0,0.9763,0.4055,2.4804,0.1765,0.2353,0.2059,0.3824,0.486,-2.0703,0.2253,-0.2797,2026-10-04
756,Gel Nitrato,DOBRO,SEM_GRUPO,SEM_SUBGRUPO,6,2.7275,0.0,1.0,-1.1451,1.5925,0.3107,0.3107,0.2039,0.1748,-1.2623,-1.211,1.5139,-0.9546,2026-10-04
76,Ômega - Mega DHA,VITAFOR,SEM_GRUPO,SEM_SUBGRUPO,3,5.1808,0.0041,1.0,-0.1823,1.0222,0.2828,0.2626,0.3131,0.1414,-2.6627,-0.1284,1.0886,-0.0969,2026-10-04
77,Ômega 3 EPA DHA,VITAFOR,SEM_GRUPO,SEM_SUBGRUPO,0,4.144,0.0023,1.0,-0.7885,0.7147,0.3255,0.2362,0.2073,0.231,0.1457,-1.1837,1.1602,-2.8936,2026-10-04
781,Morning Shot - Imunidade,SUBLYME,SEM_GRUPO,SEM_SUBGRUPO,0,4.6314,0.0,0.9881,-0.8873,1.2013,0.2593,0.2716,0.2469,0.2222,-1.1227,-1.593,-0.2599,-1.4894,2026-10-04
782,Morning Shot - Imunidade,SUBLYME,SEM_GRUPO,SEM_SUBGRUPO,3,4.6343,0.0,1.0,-0.08,1.2719,0.2571,0.2857,0.3,0.1571,-2.4944,-0.3791,0.9664,0.9894,2026-10-04
783,Creatina,INTEGRALMEDICA,SEM_GRUPO,SEM_SUBGRUPO,5,4.1186,0.0,1.0,-1.0986,1.8329,0.45,0.325,0.15,0.075,1.6564,0.3205,0.7343,0.4686,2026-10-04
79,Whey Protein Isolado - Isofort,VITAFOR,SEM_GRUPO,SEM_SUBGRUPO,3,5.7109,0.0058,1.0,-0.0741,1.5371,0.2642,0.3396,0.3019,0.0943,-2.2364,1.6541,0.4267,1.1394,2026-10-04
794,Vitamina D3 - 2000 Ui,LAUTON,SEM_GRUPO,SEM_SUBGRUPO,1,3.5536,-0.0,0.9609,0.3054,1.0604,0.3333,0.2333,0.3333,0.1,-1.5223,1.2673,0.2169,0.2724,2026-10-04
800,Sleep,KOALA,SEM_GRUPO,SEM_SUBGRUPO,3,4.7248,0.0,0.9804,0.0,1.6779,0.1522,0.3478,0.3696,0.1304,0.509,-1.4031,-0.332,1.3967,2026-10-04
801,Psyllium,MOSTEIRO DEVAKAN,SEM_GRUPO,SEM_SUBGRUPO,5,3.6919,-0.0,1.0,0.0,1.1106,0.3125,0.3571,0.2054,0.125,2.7077,-0.463,0.1612,0.7806,2026-10-04
806,Óleo de Prímula - 500mg,LAUTON,SEM_GRUPO,SEM_SUBGRUPO,6,3.5437,0.0,1.0,-0.4055,1.9402,0.2941,0.2647,0.2353,0.2059,-0.2375,-0.2931,1.5228,-0.0751,2026-10-04
807,Biotina Plus,LAUTON,SEM_GRUPO,SEM_SUBGRUPO,3,3.7919,-0.0,0.9821,-0.1054,1.4619,0.1765,0.3333,0.3725,0.1176,-0.2792,-1.024,-0.8202,1.0367,2026-10-04
811,Cromo Picolinato - 250mg,LAUTON,SEM_GRUPO,SEM_SUBGRUPO,0,3.2871,-0.0,1.0,0.1542,1.1683,0.2143,0.2143,0.3776,0.1939,-0.2495,-2.5293,-1.2941,-0.9211,2026-10-04
82,Creatina 100% Pure,TRUE SOURCE,SEM_GRUPO,SEM_SUBGRUPO,4,4.5996,0.0776,0.9688,0.9985,1.5759,0.3065,0.2419,0.371,0.0806,-0.9005,1.5748,-1.1274,1.0539,2026-10-04
83,Creatina,ADAPTOGEN,SEM_GRUPO,SEM_SUBGRUPO,5,4.5425,0.0,1.0,0.3677,1.145,0.2368,0.4123,0.2193,0.1316,2.1805,0.1321,-0.0978,1.6862,2026-10-04
835,Tablete de Doce,FLORMEL,SEM_GRUPO,SEM_SUBGRUPO,1,2.14,0.0,0.9895,-0.7732,2.3146,0.5227,0.2955,0.1136,0.0682,-1.1706,2.4063,0.3312,-1.3172,2026-10-04
837,Tablete de Doce,FLORMEL,SEM_GRUPO,SEM_SUBGRUPO,1,1.7076,-0.0,0.9759,0.1542,2.3829,0.2963,0.1852,0.2222,0.2963,-1.9115,0.2524,-0.6074,-1.5469,2026-10-04
84,Whey hidrolisado e isolado,TRUE SOURCE,SEM_GRUPO,SEM_SUBGRUPO,3,5.6675,0.003,1.0,0.5306,1.7936,0.3455,0.2,0.4,0.0545,-2.1076,0.4926,-0.6335,0.2741,2026-10-04
85,Whey hidrolisado e isolado,TRUE SOURCE,SEM_GRUPO,SEM_SUBGRUPO,3,5.6599,0.0152,1.0,-0.7621,1.4883,0.2444,0.3778,0.2444,0.1333,-2.3725,0.1482,-0.8586,-0.4752,2026-10-04
858,Fresh Whey,DUX,SEM_GRUPO,SEM_SUBGRUPO,6,4.8708,0.005,1.0,-0.5596,1.5983,0.6087,0.1522,0.1522,0.087,1.1888,2.4494,0.5979,-1.5476,2026-10-04
859,Fresh Whey,DUX,SEM_GRUPO,SEM_SUBGRUPO,1,4.9118,0.0021,0.9585,0.0,1.4619,0.3922,0.3333,0.2549,0.0196,1.7456,2.5168,-1.4118,-0.7153,2026-10-04
86,Whey hidrolisado e isolado,TRUE SOURCE,SEM_GRUPO,SEM_SUBGRUPO,2,5.6808,0.0136,0.9533,1.6094,1.518,0.1818,0.1636,0.5273,0.1273,-1.0145,-1.8148,-0.9588,0.0183,2026-10-04
860,Fresh Whey,DUX,SEM_GRUPO,SEM_SUBGRUPO,3,4.9522,0.0095,0.9914,0.2364,0.9858,0.3077,0.3077,0.2906,0.094,1.2175,1.4194,-0.8054,0.1532,2026-10-04
861,Fresh Whey,DUX,SEM_GRUPO,SEM_SUBGRUPO,0,4.9242,0.0047,1.0,-0.2364,0.7743,0.2468,0.2756,0.3045,0.1731,2.0501,-1.5672,-0.7643,-1.4138,2026-10-04
862,Fresh Whey,DUX,SEM_GRUPO,SEM_SUBGRUPO,5,4.8953,0.0016,1.0,0.4055,1.3906,0.2794,0.3529,0.1765,0.1912,2.1036,0.5525,-0.6053,0.7886,2026-10-04
87,Whey hidrolisado e isolado,TRUE SOURCE,SEM_GRUPO,SEM_SUBGRUPO,6,5.673,0.0039,1.0,-0.452,1.382,0.3095,0.3095,0.2143,0.1667,-1.9177,1.0074,-0.2797,-0.4924,2026-10-04
871,Creatina - Creafort (Creapure),VITAFOR,SEM_GRUPO,SEM_SUBGRUPO,1,4.6001,0.0065,0.9545,0.4055,1.334,0.3214,0.2738,0.2738,0.131,0.6848,1.7164,-0.3904,0.318,2026-10-04
89,Whey hidrolisado e isolado Creme Broule 837g TRUE SOURCE,TRUE SOURCE,SEM_GRUPO,SEM_SUBGRUPO,3,5.6341,0.0103,1.0,0.1335,1.7689,0.1818,0.3939,0.3636,0.0606,0.7865,1.359,-2.5656,1.5464,2026-10-04
899,Barrinha de Proteína,DUX,SEM_GRUPO,SEM_SUBGRUPO,0,2.839,-0.0,1.0,-0.1911,1.8044,0.2414,0.2874,0.2184,0.2529,-1.5009,1.3807,-1.4554,-1.3744,2026-10-04
900,Barrinha de Proteína,DUX,SEM_GRUPO,SEM_SUBGRUPO,6,2.9814,0.0035,0.9925,-0.6466,1.5556,0.3018,0.355,0.1538,0.1893,-0.1868,2.0279,-0.687,-1.3935,2026-10-04
901,Barrinha de Proteína,DUX,SEM_GRUPO,SEM_SUBGRUPO,1,3.0324,0.0,0.9595,-0.1452,1.6486,0.1975,0.3694,0.2357,0.1975,-1.1348,0.7921,-1.3284,-0.0954,2026-10-04
902,Termogênico - Termo Plus,VITAFOR,SEM_GRUPO,SEM_SUBGRUPO,5,4.7973,0.0,1.0,-0.6061,1.1868,0.2162,0.4054,0.2162,0.1622,1.6133,-0.7442,0.6183,1.3351,2026-10-04
905,Proteína - Isocrisp Plant Pouch,VITAFOR,SEM_GRUPO,SEM_SUBGRUPO,3,4.1688,0.0,1.0,0.08,1.2745,0.2,0.3556,0.2889,0.1556,0.2524,-1.3559,0.4141,1.2026,2026-10-04
906,Whey - Isocrisp Pouch,VITAFOR,SEM_GRUPO,SEM_SUBGRUPO,2,4.4135,-0.0,0.9883,2.7081,1.44,0.1831,0.2254,0.3944,0.1972,1.539,-1.4436,-1.3961,1.1009,2026-10-04
907,Vitamina B12,VITAFOR,SEM_GRUPO,SEM_SUBGRUPO,6,3.5644,0.0058,1.0,0.1054,0.9047,0.3851,0.2874,0.2241,0.1034,1.6643,1.2856,1.4695,0.1877,2026-10-04
908,Vitamina D3 + K2,VITAFOR,SEM_GRUPO,SEM_SUBGRUPO,6,4.1981,0.0015,0.9927,0.1671,0.8486,0.3309,0.2941,0.2868,0.0882,-0.1674,2.1155,-0.2884,0.1509,2026-10-04
910,100% Whey Pure,INTEGRALMEDICA,SEM_GRUPO,SEM_SUBGRUPO,0,4.8841,-0.0,1.0,0.0,2.1147,0.2157,0.2157,0.1961,0.3725,1.6468,-1.981,0.0491,-0.0142,2026-10-04
914,Vitamina D3 Synergy,PURAVIDA,SEM_GRUPO,SEM_SUBGRUPO,5,4.0911,0.0014,1.0,-1.0986,0.8909,0.295,0.3165,0.2662,0.1223,1.4493,-1.8628,0.872,0.1771,2026-10-04
915,Magnésio - Bio Trimag,PURAVIDA,SEM_GRUPO,SEM_SUBGRUPO,2,4.0725,0.0,1.0,2.8332,1.4503,0.2717,0.1902,0.4402,0.0978,2.7713,-0.2163,-1.0091,-0.8455,2026-10-04
917,Bio Cálcio  60 caps PURAVIDA,PURAVIDA,SEM_GRUPO,SEM_SUBGRUPO,5,4.2356,0.0,1.0,-0.6931,1.2649,0.3736,0.3516,0.1868,0.0879,2.1853,1.872,0.3354,0.1841,2026-10-04
925,Ômega 3 Super DHA - BIG N,PURAVIDA,SEM_GRUPO,SEM_SUBGRUPO,0,4.5914,0.0,1.0,3.3673,1.0127,0.2586,0.2243,0.3384,0.1787,3.4733,-1.0697,-1.2783,-0.1631,2026-10-04
926,Ômega 3 Super DHA BIG,PURAVIDA,SEM_GRUPO,SEM_SUBGRUPO,6,5.1261,0.0,1.0,-1.204,1.2833,0.4699,0.253,0.1687,0.1084,2.7205,2.1318,0.5976,-1.2843,2026-10-04
932,Suplemento Alimentar - Alpha Mater,PURAVIDA,SEM_GRUPO,SEM_SUBGRUPO,5,4.9024,0.0027,1.0,-1.3863,1.4007,0.2976,0.4167,0.2262,0.0595,1.5557,0.3467,0.636,1.6903,2026-10-04
935,Whey Protein Concentrado,DUX,SEM_GRUPO,SEM_SUBGRUPO,3,5.2351,0.0015,0.9876,0.1027,0.7039,0.2799,0.2687,0.3097,0.1418,0.6293,0.0004,-2.2193,-1.7387,2026-10-04
936,Whey Protein Concentrado,DUX,SEM_GRUPO,SEM_SUBGRUPO,3,5.2553,0.0025,0.9882,0.1394,0.5464,0.2409,0.2818,0.3242,0.153,-2.2162,-0.7234,-1.1888,-0.0361,2026-10-04
937,Whey Protein Concentrado Cappuccino 900g DUX,DUX,SEM_GRUPO,SEM_SUBGRUPO,3,5.2527,0.0026,0.986,-0.2763,0.9365,0.1935,0.329,0.3032,0.1742,-1.1477,-1.7026,-0.3019,0.5505,2026-10-04
938,Whey Protein Concentrado,DUX,SEM_GRUPO,SEM_SUBGRUPO,3,5.2478,0.0005,0.9915,-0.1066,0.5332,0.2314,0.2925,0.2906,0.1855,-2.0941,-1.4635,0.1696,-0.5641,2026-10-04
939,Whey Protein Concentrado,DUX,SEM_GRUPO,SEM_SUBGRUPO,3,5.2411,0.001,0.9931,-0.0817,0.6933,0.2435,0.2727,0.3019,0.1818,-1.1526,-0.561,-0.8399,-1.0734,2026-10-04
940,Whey Protein Concentrado,DUX,SEM_GRUPO,SEM_SUBGRUPO,3,5.2399,0.0012,0.9907,0.3414,0.605,0.1955,0.2516,0.3862,0.1667,-1.292,-2.3695,-2.5699,-0.8977,2026-10-04
941,Whey Protein Isolado,DUX,SEM_GRUPO,SEM_SUBGRUPO,3,5.7464,0.0,0.9973,0.0846,0.5504,0.299,0.2655,0.3119,0.1237,-2.8216,1.7179,-0.8904,-0.3038,2026-10-04
942,Whey Protein Isolado,DUX,SEM_GRUPO,SEM_SUBGRUPO,3,5.7233,0.0012,1.0,-0.2719,0.9412,0.2604,0.4062,0.2604,0.0729,0.0076,1.3759,-0.4541,1.6268,2026-10-04
943,Whey Protein Isolado,DUX,SEM_GRUPO,SEM_SUBGRUPO,3,5.7465,0.0046,1.0,0.0645,0.7256,0.2063,0.3408,0.3363,0.1166,-2.1138,0.4045,-2.0641,1.0706,2026-10-04
944,Whey Protein Isolado,DUX,SEM_GRUPO,SEM_SUBGRUPO,3,5.7531,-0.0,1.0,0.5008,1.0164,0.2031,0.2812,0.375,0.1406,-1.5134,0.0629,-1.1288,0.8137,2026-10-04
945,Whey Isolado - Iso Triple Zero,INTEGRALMEDICA,SEM_GRUPO,SEM_SUBGRUPO,6,5.2948,-0.0,1.0,-1.7047,1.3331,0.4697,0.2576,0.1515,0.1212,1.7663,1.6872,1.0059,-1.9486,2026-10-04
946,Whey Isolado - Iso Triple Zero,INTEGRALMEDICA,SEM_GRUPO,SEM_SUBGRUPO,0,5.301,-0.0,0.981,1.7918,1.3714,0.3286,0.2143,0.2286,0.2286,3.3091,0.3547,-0.8392,-1.115,2026-10-04
947,Tasty Whey 3W Gourmet,ADAPTOGEN,SEM_GRUPO,SEM_SUBGRUPO,0,5.275,-0.0,1.0,-0.8109,1.8324,0.0541,0.3243,0.4054,0.2162,-0.4184,-2.8779,-1.4476,-0.0778,2026-10-04
948,Tasty Whey 3W Gourmet,ADAPTOGEN,SEM_GRUPO,SEM_SUBGRUPO,6,5.2296,0.0,1.0,0.4055,1.4567,0.3455,0.2364,0.3273,0.0909,1.4039,-0.3206,-0.2941,-1.2375,2026-10-04
950,Fresh Whey,DUX,SEM_GRUPO,SEM_SUBGRUPO,5,4.8196,0.0,1.0,0.0,2.1952,0.3333,0.3939,0.1515,0.1212,1.7966,-0.401,1.6496,1.0398,2026-10-04
952,Feno Grego,LAUTON,SEM_GRUPO,SEM_SUBGRUPO,6,4.2391,0.0,1.0,0.5596,2.0765,0.303,0.303,0.2424,0.1515,-0.8069,-0.2511,0.2429,0.2763,2026-10-04
957,Laranja Moro,LAUTON,SEM_GRUPO,SEM_SUBGRUPO,2,4.1849,-0.0,1.0,0.4055,2.1712,0.2333,0.3,0.3667,0.1,-0.28,1.5866,-1.7018,-0.2118,2026-10-04
983,BT Nitrato,DOBRO,SEM_GRUPO,SEM_SUBGRUPO,5,4.8401,-0.0,1.0,-0.2877,1.549,0.2245,0.5102,0.2041,0.0612,1.2816,-0.0445,0.7631,2.7298,2026-10-04
987,Magnésio - Inositol Relief 3.0,TRUE SOURCE,SEM_GRUPO,SEM_SUBGRUPO,3,5.1537,0.0278,1.0,-1.0986,1.2217,0.2381,0.3889,0.2381,0.1349,-2.0975,0.5548,-0.6257,-0.6206,2026-10-04
988,Gel Nitrato,DOBRO,SEM_GRUPO,SEM_SUBGRUPO,6,2.6739,-0.0,1.0,-0.2624,2.5031,0.4821,0.2321,0.1964,0.0893,-2.1939,0.8364,2.4687,-0.0072,2026-10-04
989,Gel Nitrato com L-Citrulinilarginina,DOBRO,SEM_GRUPO,SEM_SUBGRUPO,3,3.2684,0.0,1.0,0.2513,2.497,0.15,0.4,0.375,0.075,0.8002,0.358,-1.1499,1.5279,2026-10-04
991,Magnésio Inositol,EQUALIV,SEM_GRUPO,SEM_SUBGRUPO,3,5.1826,-0.0,0.9893,-0.3795,1.2,0.1685,0.2921,0.382,0.1573,-1.4463,-2.0858,-1.1017,0.149,2026-10-04
992,Melatonina Fast,EQUALIV,SEM_GRUPO,SEM_SUBGRUPO,3,3.4587,0.0,0.9753,-0.6931,1.6496,0.1395,0.3488,0.3488,0.1628,0.0831,-1.5911,0.2665,0.5192,2026-10-04
994,NAC Acetilcisteína -  600mg,EQUALIV,SEM_GRUPO,SEM_SUBGRUPO,2,4.3809,0.0,1.0,0.5465,1.5983,0.1522,0.2609,0.5,0.087,-3.1894,0.9837,-1.7069,0.7488,2026-10-04
995,Colágeno Tipo II,LAUTON,SEM_GRUPO,SEM_SUBGRUPO,6,4.0661,0.0,0.9828,-0.2877,1.0651,0.3962,0.2736,0.1698,0.1604,2.0571,0.5329,1.6048,-1.5052,2026-10-04
999,Creatina Monohidratada,MAX TITANIUM,SEM_GRUPO,SEM_SUBGRUPO,0,4.4326,0.0,1.0,-0.4055,1.3147,0.2935,0.2174,0.3478,0.1413,1.5853,-2.2925,-0.2243,-0.6697,2026-10-04
