marca,log_preco_unidade,desconto_medio,pct_nutricionista,tendencia,mix_SEM_GRUPO,cluster,data_base
ADAPTOGEN,5.1206,0.0,0.993,-0.0065,1.0,4,2026-10-04
ALLMAX,5.1975,-0.0,1.0,-1.3863,1.0,3,2026-10-04
APIS FLORA,3.4046,-0.0,0.9969,-0.3056,1.0,4,2026-10-04
ATLHETICA NUTRITION,4.6785,0.0013,0.9979,0.4125,1.0,4,2026-10-04
BELIVE,1.9709,0.0437,0.9403,0.2465,1.0,6,2026-10-04
BOLD,3.49,-0.0,0.9896,0.1294,1.0,4,2026-10-04
CAFFEINE ARMY,5.0417,0.01,0.9933,-0.1637,1.0,2,2026-10-04
CENTRAL NUTRITION,5.1317,0.0061,0.9967,-0.0295,1.0,2,2026-10-04
DOBRO,3.6597,0.0,0.9975,-0.4521,1.0,4,2026-10-04
DR. PEANUT,3.9947,-0.0,1.0,0.0,1.0,4,2026-10-04
DUX,4.8563,0.0047,0.9914,0.0941,1.0,2,2026-10-04
EQUALIV,4.7476,0.0013,0.9964,-0.2279,1.0,4,2026-10-04
ESSENTIAL,5.08,0.0,0.998,-0.4384,1.0,5,2026-10-04
FLORMEL,1.9756,-0.0,0.9843,-0.4205,1.0,1,2026-10-04
GUDAY,4.988,0.0,1.0,-0.8473,1.0,5,2026-10-04
HART`S NATURAL,3.7513,0.0,1.0,-0.1178,1.0,4,2026-10-04
INTEGRALMEDICA,4.7675,0.0,0.9962,-0.1624,1.0,4,2026-10-04
KOALA,4.9721,0.0,0.9836,-1.0046,1.0,3,2026-10-04
KOBBER,3.5324,0.0,1.0,-0.9808,1.0,5,2026-10-04
LAUTON,3.7918,-0.0,0.9836,0.1676,1.0,1,2026-10-04
LIQUIDZ,2.8106,-0.0,0.9882,-0.351,1.0,1,2026-10-04
MAIS MU,2.3363,0.0219,0.9776,-0.1671,1.0,6,2026-10-04
MANDUBIM,3.0107,-0.0,1.0,-0.1627,1.0,4,2026-10-04
MAX TITANIUM,4.6236,0.0,1.0,-0.4619,1.0,5,2026-10-04
MOSTEIRO DEVAKAN,3.6919,-0.0,1.0,0.0,1.0,4,2026-10-04
NUTRATA,4.4764,-0.0,0.9982,-0.2599,1.0,4,2026-10-04
NUTRIFY,4.4221,0.0013,0.9957,0.0758,1.0,4,2026-10-04
OCEAN DROP,4.0416,0.0042,0.996,-0.4687,1.0,4,2026-10-04
ONLY4,3.2873,0.0,0.962,1.0986,1.0,1,2026-10-04
PLANT POWER,4.7844,0.0,1.0,-1.8945,1.0,3,2026-10-04
PURAVIDA,4.4072,0.0022,0.9989,0.2403,1.0,4,2026-10-04
SUBLYME,4.606,0.0,0.9969,-0.5844,1.0,5,2026-10-04
TRUE SOURCE,5.0537,0.0199,0.992,-0.0031,1.0,2,2026-10-04
VITAFOR,4.5855,0.0023,0.9959,-0.193,1.0,4,2026-10-04
WS NATURAIS,3.3062,-0.0,1.0,-1.7918,1.0,0,2026-10-04
YOSEN,4.6041,0.0022,0.9958,0.3595,1.0,4,2026-10-04
ZEROMILK,2.9588,-0.0,0.9763,0.4055,1.0,1,2026-10-04
