mes,pedidos_previstos,ticket_base,base_antes_correcao,fator_correcao,v1_sem_extremos,v1_min,v1_max,extremos_esperado,v2_com_extremos,v2_min,v2_max,modelo_pedidos,metodo_ticket,data_base,versao,explicacao
2026-10-01,1146.0,286.88,328836.0,1.0,328836.0,266585.0,391087.0,0.0,328836.0,266585.0,391087.0,ML calendário (GB+XGB),Holt amortecido,2026-10-06,v5,10/2026: 1.146 pedidos × ticket R$ 287 ≈ R$ 328.836 (faixa R$ 266.585 a R$ 391.087). Com extremos esperados de R$ 0: R$ 328.836.
2026-11-01,881.0,289.34,261847.0,0.8789,230134.0,186998.0,273269.0,0.0,230134.0,186998.0,273269.0,ML calendário (GB+XGB),Holt amortecido,2026-10-06,v5,"11/2026: 881 pedidos × ticket R$ 289 ≈ R$ 261.847, ajustado em -12.1% pelo histórico de erros = R$ 230.134 (faixa R$ 186.998 a R$ 273.269). Com extremos esperados de R$ 0: R$ 230.134."
2026-12-01,738.0,291.64,221043.0,0.8789,194271.0,155377.0,233165.0,0.0,194271.0,155377.0,233165.0,ML calendário (GB+XGB),Holt amortecido,2026-10-06,v5,"12/2026: 738 pedidos × ticket R$ 292 ≈ R$ 221.043, ajustado em -12.1% pelo histórico de erros = R$ 194.271 (faixa R$ 155.377 a R$ 233.165). Com extremos esperados de R$ 0: R$ 194.271."
2027-01-01,817.0,293.79,246601.0,0.8789,216734.0,122480.0,310988.0,0.0,216734.0,122480.0,310988.0,ML calendário (GB+XGB),Holt amortecido,2026-10-06,v5,"01/2027: 817 pedidos × ticket R$ 294 ≈ R$ 246.601, ajustado em -12.1% pelo histórico de erros = R$ 216.734 (faixa R$ 122.480 a R$ 310.988). Com extremos esperados de R$ 0: R$ 216.734."
2027-02-01,839.0,295.79,254748.0,0.8789,223894.0,190310.0,257479.0,0.0,223894.0,190310.0,257479.0,ML calendário (GB+XGB),Holt amortecido,2026-10-06,v5,"02/2027: 839 pedidos × ticket R$ 296 ≈ R$ 254.748, ajustado em -12.1% pelo histórico de erros = R$ 223.894 (faixa R$ 190.310 a R$ 257.479). Com extremos esperados de R$ 0: R$ 223.894."
2027-03-01,1167.0,297.67,356775.0,0.8789,313564.0,198462.0,428666.0,0.0,313564.0,198462.0,428666.0,ML calendário (GB+XGB),Holt amortecido,2026-10-06,v5,"03/2027: 1.167 pedidos × ticket R$ 298 ≈ R$ 356.775, ajustado em -12.1% pelo histórico de erros = R$ 313.564 (faixa R$ 198.462 a R$ 428.666). Com extremos esperados de R$ 0: R$ 313.564."
2027-04-01,1109.0,299.41,340969.0,0.8789,299673.0,199179.0,400166.0,0.0,299673.0,199179.0,400166.0,ML calendário (GB+XGB),Holt amortecido,2026-10-06,v5,"04/2027: 1.109 pedidos × ticket R$ 299 ≈ R$ 340.969, ajustado em -12.1% pelo histórico de erros = R$ 299.673 (faixa R$ 199.179 a R$ 400.166). Com extremos esperados de R$ 0: R$ 299.673."
2026-10-01,1339.0,286.88,383758.0,1.0,383758.0,314016.0,453501.0,0.0,383758.0,314016.0,453501.0,ML calendário (GB+XGB),Holt amortecido,2026-10-07,v5,10/2026: 1.339 pedidos × ticket R$ 287 ≈ R$ 383.758 (faixa R$ 314.016 a R$ 453.501). Com extremos esperados de R$ 0: R$ 383.758.
2026-11-01,1059.0,289.34,314720.0,0.8789,276603.0,224757.0,328448.0,0.0,276603.0,224757.0,328448.0,ML calendário (GB+XGB),Holt amortecido,2026-10-07,v5,"11/2026: 1.059 pedidos × ticket R$ 289 ≈ R$ 314.720, ajustado em -12.1% pelo histórico de erros = R$ 276.603 (faixa R$ 224.757 a R$ 328.448). Com extremos esperados de R$ 0: R$ 276.603."
2026-12-01,858.0,291.64,257100.0,0.8789,225962.0,180723.0,271200.0,0.0,225962.0,180723.0,271200.0,ML calendário (GB+XGB),Holt amortecido,2026-10-07,v5,"12/2026: 858 pedidos × ticket R$ 292 ≈ R$ 257.100, ajustado em -12.1% pelo histórico de erros = R$ 225.962 (faixa R$ 180.723 a R$ 271.200). Com extremos esperados de R$ 0: R$ 225.962."
2027-01-01,959.0,293.79,289450.0,0.8789,254393.0,143762.0,365024.0,0.0,254393.0,143762.0,365024.0,ML calendário (GB+XGB),Holt amortecido,2026-10-07,v5,"01/2027: 959 pedidos × ticket R$ 294 ≈ R$ 289.450, ajustado em -12.1% pelo histórico de erros = R$ 254.393 (faixa R$ 143.762 a R$ 365.024). Com extremos esperados de R$ 0: R$ 254.393."
2027-02-01,1011.0,295.79,307067.0,0.8789,269877.0,229395.0,310358.0,0.0,269877.0,229395.0,310358.0,ML calendário (GB+XGB),Holt amortecido,2026-10-07,v5,"02/2027: 1.011 pedidos × ticket R$ 296 ≈ R$ 307.067, ajustado em -12.1% pelo histórico de erros = R$ 269.877 (faixa R$ 229.395 a R$ 310.358). Com extremos esperados de R$ 0: R$ 269.877."
2027-03-01,1418.0,297.67,433381.0,0.8789,380892.0,241076.0,520709.0,0.0,380892.0,241076.0,520709.0,ML calendário (GB+XGB),Holt amortecido,2026-10-07,v5,"03/2027: 1.418 pedidos × ticket R$ 298 ≈ R$ 433.381, ajustado em -12.1% pelo histórico de erros = R$ 380.892 (faixa R$ 241.076 a R$ 520.709). Com extremos esperados de R$ 0: R$ 380.892."
2027-04-01,1346.0,299.41,413926.0,0.8789,363793.0,241798.0,485789.0,0.0,363793.0,241798.0,485789.0,ML calendário (GB+XGB),Holt amortecido,2026-10-07,v5,"04/2027: 1.346 pedidos × ticket R$ 299 ≈ R$ 413.926, ajustado em -12.1% pelo histórico de erros = R$ 363.793 (faixa R$ 241.798 a R$ 485.789). Com extremos esperados de R$ 0: R$ 363.793."
