data_base,data_execucao,versao,mes_alvo,horizonte,ped_prev_bruto,fat_prev_bruto,ped_prev_final,fat_prev_final,fat_min,fat_max,fat_v2_final,fator_ped,fator_fat,modelo_pedidos,metodo_ticket
2026-05-24,2026-09-28,v4,2026-05-01,0,1360.5718,380628.2472,1360.5718,380628.2472,353301.9187,407954.5756,380628.2472,1.0,1.0,ML calendário (GB+XGB),
2026-05-24,2026-09-28,v4,2026-06-01,1,1152.6306,336691.0921,1152.6306,336691.0921,197873.6593,475508.5249,336691.0921,1.0,1.0,ML calendário (GB+XGB),
2026-05-24,2026-09-28,v4,2026-07-01,2,1088.9999,325504.7087,1088.9999,325504.7087,207420.1284,443589.289,325504.7087,1.0,1.0,ML calendário (GB+XGB),
2026-05-24,2026-09-28,v4,2026-08-01,3,1245.2814,380727.8235,1245.2814,380727.8235,228507.5432,532948.1038,380727.8235,1.0,1.0,ML calendário (GB+XGB),
2026-05-24,2026-09-28,v4,2026-09-01,4,1296.0277,405146.1406,1296.0277,405146.1406,257189.9307,553102.3506,405146.1406,1.0,1.0,ML calendário (GB+XGB),
2026-05-24,2026-09-28,v4,2026-10-01,5,1320.3544,421865.2069,1320.3544,421865.2069,334131.126,509599.2878,421865.2069,1.0,1.0,ML calendário (GB+XGB),
2026-05-24,2026-09-28,v4,2026-11-01,6,1061.9621,346669.9676,1061.9621,346669.9676,274574.022,418765.9132,346669.9676,1.0,1.0,ML calendário (GB+XGB),
2026-06-24,2026-09-28,v4,2026-06-01,0,966.6089,275767.7765,966.6089,275767.7765,255709.1022,295826.4509,275767.7765,1.0,1.0,ML calendário (GB+XGB),
2026-06-24,2026-09-28,v4,2026-07-01,1,961.1684,283258.6451,961.1684,283258.6451,194221.1021,372296.1882,283258.6451,1.0,1.0,ML calendário (GB+XGB),
2026-06-24,2026-09-28,v4,2026-08-01,2,1122.9655,337693.7184,1122.9655,337693.7184,217494.6534,457892.7834,337693.7184,1.0,1.0,ML calendário (GB+XGB),
2026-06-24,2026-09-28,v4,2026-09-01,3,1160.4996,355918.4347,1160.4996,355918.4347,238968.6199,472868.2496,355918.4347,1.0,1.0,ML calendário (GB+XGB),
2026-06-24,2026-09-28,v4,2026-10-01,4,1186.6052,370973.1054,1186.6052,370973.1054,284288.92,457657.2909,370973.1054,1.0,1.0,ML calendário (GB+XGB),
2026-06-24,2026-09-28,v4,2026-11-01,5,992.2041,316049.564,992.2041,316049.564,234335.9419,397763.1861,316049.564,1.0,1.0,ML calendário (GB+XGB),
2026-06-24,2026-09-28,v4,2026-12-01,6,738.9033,239691.4325,738.9033,239691.4325,177719.9655,301662.8995,239691.4325,1.0,1.0,ML calendário (GB+XGB),
2026-07-24,2026-09-28,v4,2026-07-01,0,1128.8702,316545.5811,1128.8702,316545.5811,293988.1457,339103.0165,316545.5811,1.0,1.0,ML calendário (GB+XGB),
2026-07-24,2026-09-28,v4,2026-08-01,1,1254.2925,374907.1429,1254.2925,374907.1429,253656.2696,496158.0163,374907.1429,1.0,1.0,ML calendário (GB+XGB),
2026-07-24,2026-09-28,v4,2026-09-01,2,1305.3111,397538.0314,1305.3111,397538.0314,280433.8253,514642.2375,397538.0314,1.0,1.0,ML calendário (GB+XGB),
2026-07-24,2026-09-28,v4,2026-10-01,3,1326.5984,411441.1827,1326.5984,411441.1827,302753.542,520128.8234,411441.1827,1.0,1.0,ML calendário (GB+XGB),
2026-07-24,2026-09-28,v4,2026-11-01,4,1102.4288,348011.2342,1102.4288,348011.2342,253554.3646,442468.1039,348011.2342,1.0,1.0,ML calendário (GB+XGB),
2026-07-24,2026-09-28,v4,2026-12-01,5,861.2212,276572.6445,861.2212,276572.6445,234468.3203,318676.9687,276572.6445,1.0,1.0,ML calendário (GB+XGB),
2026-07-24,2026-09-28,v4,2027-01-01,6,971.8654,317348.3597,971.8654,317348.3597,269036.5021,365660.2173,317348.3597,1.0,1.0,ML calendário (GB+XGB),
2026-08-24,2026-09-28,v4,2026-08-01,0,1195.145,325107.6963,1195.145,325107.6963,303669.8556,346545.5371,325107.6963,1.0,1.0,ML calendário (GB+XGB),
2026-08-24,2026-09-28,v4,2026-09-01,1,1181.5551,351295.5712,1181.5551,351295.5712,250705.3298,451885.8127,351295.5712,1.0,1.0,ML calendário (GB+XGB),
2026-08-24,2026-09-28,v4,2026-10-01,2,1205.8043,363871.7347,1205.8043,363871.7347,274456.7389,453286.7304,363871.7347,1.0,1.0,ML calendário (GB+XGB),
2026-08-24,2026-09-28,v4,2026-11-01,3,1008.2742,308623.5887,1008.2742,308623.5887,241403.8083,375843.3691,308623.5887,1.0,1.0,ML calendário (GB+XGB),
2026-08-24,2026-09-28,v4,2026-12-01,4,777.0416,241107.9459,777.0416,241107.9459,192455.517,289760.3748,241107.9459,1.0,1.0,ML calendário (GB+XGB),
2026-08-24,2026-09-28,v4,2027-01-01,5,895.3115,281453.771,895.3115,281453.771,231400.371,331507.171,281453.771,1.0,1.0,ML calendário (GB+XGB),
2026-08-24,2026-09-28,v4,2027-02-01,6,961.3612,306016.4648,961.3612,306016.4648,251594.8649,360438.0647,306016.4648,1.0,1.0,ML calendário (GB+XGB),
2026-09-24,2026-09-28,v4,2026-09-01,0,1062.8204,286992.2459,1062.8204,286992.2459,268878.1243,305106.3675,286992.2459,1.0,1.0,ML calendário (GB+XGB),
2026-09-24,2026-09-28,v4,2026-10-01,1,1139.8662,334899.6442,1163.7768,316613.3823,258473.2867,374753.4779,316613.3823,1.021,0.9454,ML calendário (GB+XGB),
2026-09-24,2026-09-28,v4,2026-11-01,2,948.7326,281853.1259,968.6338,266463.3213,219891.969,313034.6736,266463.3213,1.021,0.9454,ML calendário (GB+XGB),
2026-09-24,2026-09-28,v4,2026-12-01,3,754.321,226452.0075,770.1442,214087.2266,172033.6935,256140.7598,214087.2266,1.021,0.9454,ML calendário (GB+XGB),
2026-09-24,2026-09-28,v4,2027-01-01,4,866.9366,262837.1978,885.122,248485.705,212407.9191,284563.4909,248485.705,1.021,0.9454,ML calendário (GB+XGB),
2026-09-24,2026-09-28,v4,2027-02-01,5,918.5395,281080.3711,937.8074,265732.7607,217880.1756,313585.3457,265732.7607,1.021,0.9454,ML calendário (GB+XGB),
2026-09-24,2026-09-28,v4,2027-03-01,6,1246.0616,384656.6121,1272.1998,363653.5097,298167.5664,429139.453,363653.5097,1.021,0.9454,ML calendário (GB+XGB),
2026-10-06,2026-10-06,v5,2026-10-01,0,1146.0114,328836.053,1146.0114,328836.053,266584.8808,391087.2252,328836.053,1.0,1.0,ML calendário (GB+XGB),Holt amortecido
2026-10-06,2026-10-06,v5,2026-11-01,1,904.985,261847.4569,881.2465,230133.7216,186998.3703,273269.0728,230133.7216,0.9738,0.8789,ML calendário (GB+XGB),Holt amortecido
2026-10-06,2026-10-06,v5,2026-12-01,2,757.9317,221042.7382,738.0505,194271.0789,155376.8212,233165.3366,194271.0789,0.9738,0.8789,ML calendário (GB+XGB),Holt amortecido
2026-10-06,2026-10-06,v5,2027-01-01,3,839.3845,246601.1327,817.3666,216733.9606,122479.9138,310988.0074,216733.9606,0.9738,0.8789,ML calendário (GB+XGB),Holt amortecido
2026-10-06,2026-10-06,v5,2027-02-01,4,861.2357,254748.3118,838.6447,223894.3917,190310.2667,257478.5166,223894.3917,0.9738,0.8789,ML calendário (GB+XGB),Holt amortecido
2026-10-06,2026-10-06,v5,2027-03-01,5,1198.5761,356774.7976,1167.1364,313563.9082,198461.9827,428665.8338,313563.9082,0.9738,0.8789,ML calendário (GB+XGB),Holt amortecido
2026-10-06,2026-10-06,v5,2027-04-01,6,1138.7997,340969.1537,1108.9279,299672.5697,199179.3585,400165.7809,299672.5697,0.9738,0.8789,ML calendário (GB+XGB),Holt amortecido
2026-10-07,2026-10-07,v5,2026-10-01,0,1338.9541,383758.3057,1338.9541,383758.3057,314015.8673,453500.7442,383758.3057,1.0,1.0,ML calendário (GB+XGB),Holt amortecido
2026-10-07,2026-10-07,v5,2026-11-01,1,1087.7216,314720.2731,1059.1897,276602.8304,224757.4938,328448.1669,276602.8304,0.9738,0.8789,ML calendário (GB+XGB),Holt amortecido
2026-10-07,2026-10-07,v5,2026-12-01,2,881.5694,257100.3437,858.445,225961.5565,180722.6714,271200.4416,225961.5565,0.9738,0.8789,ML calendário (GB+XGB),Holt amortecido
2026-10-07,2026-10-07,v5,2027-01-01,3,985.2325,289449.5416,959.3889,254392.7713,143761.525,365024.0176,254392.7713,0.9738,0.8789,ML calendário (GB+XGB),Holt amortecido
2026-10-07,2026-10-07,v5,2027-02-01,4,1038.1122,307067.2948,1010.8816,269876.7449,229395.2739,310358.2159,269876.7449,0.9738,0.8789,ML calendário (GB+XGB),Holt amortecido
2026-10-07,2026-10-07,v5,2027-03-01,5,1455.934,433381.3792,1417.7436,380892.2601,241075.6823,520708.8379,380892.2601,0.9738,0.8789,ML calendário (GB+XGB),Holt amortecido
2026-10-07,2026-10-07,v5,2027-04-01,6,1382.4675,413925.975,1346.2041,363793.2032,241797.5623,485788.8441,363793.2032,0.9738,0.8789,ML calendário (GB+XGB),Holt amortecido
