semana,uf,unidades,faturamento
2024-03-11,SP,10.0,1234.86
2024-03-18,SP,3.0,465.28
2024-03-25,SP,2.0,318.01
2024-04-01,SP,27.0,3196.35
2024-04-08,SP,23.0,2947.3
2024-04-15,SP,20.0,2078.74
2024-04-22,SP,47.0,4538.04
2024-04-29,SP,52.0,5508.21
2024-05-06,SP,85.0,8533.7
2024-05-13,SP,122.0,11779.5
2024-05-20,SP,98.0,10295.81
2024-05-27,SP,65.0,6221.23
2024-06-03,SP,127.0,12435.08
2024-06-10,SP,120.0,12223.5
2024-06-17,SP,139.0,14366.63
2024-06-24,SP,195.0,19187.45
2024-07-01,SP,187.0,17538.42
2024-07-08,SP,205.0,19306.32
2024-07-15,SP,241.0,22473.81
2024-07-22,SP,181.0,17236.9
2024-07-29,SP,182.0,17495.05
2024-08-05,SP,226.0,21964.38
2024-08-12,SP,172.0,16270.6
2024-08-19,SP,175.0,16913.14
2024-08-26,SP,260.0,24304.97
2024-09-02,SP,257.0,27856.86
2024-09-09,SP,319.0,30649.13
2024-09-16,SP,289.0,25995.62
2024-09-23,RJ,6.0,561.85
2024-09-23,SP,268.0,27338.41
2024-09-30,RJ,8.0,656.88
2024-09-30,SP,298.0,27983.03
2024-10-07,RJ,11.0,1249.52
2024-10-07,SP,315.0,32130.06
2024-10-14,RJ,17.0,1763.3
2024-10-14,SP,324.0,32916.03
2024-10-21,RJ,4.0,255.27
2024-10-21,SP,325.0,30319.72
2024-10-28,RJ,6.0,415.0
2024-10-28,SP,345.0,34802.07
2024-11-04,RJ,14.0,1733.06
2024-11-04,SP,387.0,35160.28
2024-11-11,RJ,8.0,983.17
2024-11-11,SP,320.0,30411.16
2024-11-18,RJ,15.0,1457.41
2024-11-18,SP,352.0,35474.34
2024-11-25,RJ,34.0,2742.44
2024-11-25,SP,425.0,41595.76
2024-12-02,RJ,15.0,1453.59
2024-12-02,SP,282.0,29875.11
2024-12-09,RJ,23.0,2535.1
2024-12-09,SP,318.0,29680.44
2024-12-16,RJ,2.0,176.48
2024-12-16,SP,271.0,25348.65
2024-12-23,RJ,12.0,1324.64
2024-12-23,SP,105.0,9955.22
2024-12-30,RJ,10.0,886.93
2024-12-30,SP,133.0,12622.1
2025-01-06,RJ,16.0,1783.01
2025-01-06,SP,332.0,32356.35
2025-01-13,RJ,38.0,4191.81
2025-01-13,SP,391.0,39890.57
2025-01-20,RJ,30.0,2401.97
2025-01-20,SP,384.0,38588.08
2025-01-27,RJ,28.0,3002.16
2025-01-27,SP,470.0,45504.69
2025-02-03,RJ,28.0,3065.97
2025-02-03,SP,478.0,44721.01
2025-02-10,RJ,59.0,5720.3
2025-02-10,SP,549.0,54542.24
2025-02-17,RJ,44.0,4434.41
2025-02-17,SP,550.0,56473.72
2025-02-24,RJ,32.0,2937.67
2025-02-24,SP,514.0,53687.94
2025-03-03,RJ,44.0,4132.47
2025-03-03,SP,606.0,61642.45
2025-03-10,RJ,45.0,4221.65
2025-03-10,SP,596.0,59517.71
2025-03-17,RJ,47.0,5092.35
2025-03-17,SP,534.0,53728.78
2025-03-24,RJ,68.0,6295.6
2025-03-24,SP,602.0,53874.4
2025-03-31,RJ,71.0,7936.83
2025-03-31,SP,625.0,63592.92
2025-04-07,RJ,77.0,7554.1
2025-04-07,SP,522.0,56060.09
2025-04-14,RJ,39.0,4586.31
2025-04-14,SP,484.0,52299.43
2025-04-21,RJ,54.0,5733.76
2025-04-21,SP,522.0,48593.88
2025-04-28,RJ,61.0,6916.03
2025-04-28,SP,467.0,50484.1
2025-05-05,RJ,48.0,5443.25
2025-05-05,SP,626.0,64351.21
2025-05-12,RJ,33.0,2785.48
2025-05-12,SP,595.0,63530.23
2025-05-19,RJ,63.0,7271.65
2025-05-19,SP,673.0,69859.37
2025-05-26,RJ,37.0,3626.03
2025-05-26,SP,616.0,64260.42
2025-06-02,RJ,43.0,5741.12
2025-06-02,SP,669.0,68595.41
2025-06-09,RJ,43.0,5211.94
2025-06-09,SP,562.0,62544.57
2025-06-16,RJ,47.0,4491.67
2025-06-16,SP,452.0,47991.87
2025-06-23,RJ,33.0,3194.85
2025-06-23,SP,540.0,58154.46
2025-06-30,RJ,77.0,8527.08
2025-06-30,SP,604.0,66882.84
2025-07-07,RJ,46.0,5830.78
2025-07-07,SP,476.0,52639.18
2025-07-14,RJ,35.0,3979.74
2025-07-14,SP,480.0,53465.93
2025-07-21,RJ,38.0,4213.49
2025-07-21,SP,376.0,41328.8
2025-07-28,RJ,39.0,4703.7
2025-07-28,SP,550.0,63222.54
2025-08-04,RJ,51.0,6380.28
2025-08-04,SP,595.0,68772.95
2025-08-11,RJ,40.0,5487.34
2025-08-11,SP,504.0,61296.89
2025-08-18,RJ,56.0,7448.81
2025-08-18,SP,542.0,60992.1
2025-08-25,RJ,46.0,5729.84
2025-08-25,SP,570.0,65264.51
2025-09-01,RJ,51.0,6985.8
2025-09-01,SP,546.0,68260.44
2025-09-08,RJ,60.0,7633.5
2025-09-08,SP,690.0,84836.02
2025-09-15,RJ,48.0,6876.86
2025-09-15,SP,609.0,71305.3
2025-09-22,RJ,44.0,4455.29
2025-09-22,SP,558.0,67774.91
2025-09-29,RJ,46.0,4890.08
2025-09-29,SP,710.0,84665.09
2025-10-06,RJ,86.0,11215.76
2025-10-06,SP,646.0,76387.66
2025-10-13,RJ,70.0,9125.4
2025-10-13,SP,628.0,75506.86
2025-10-20,RJ,41.0,4877.4
2025-10-20,SP,540.0,65701.25
2025-10-27,RJ,41.0,5043.06
2025-10-27,SP,615.0,73692.3
2025-11-03,RJ,77.0,9512.92
2025-11-03,SP,548.0,65248.1
2025-11-10,RJ,41.0,5027.0
2025-11-10,SP,597.0,71453.55
2025-11-17,RJ,53.0,6620.57
2025-11-17,SP,531.0,57750.45
2025-11-24,RJ,81.0,6019.11
2025-11-24,SP,613.0,63501.4
2025-12-01,RJ,41.0,5147.59
2025-12-01,SP,457.0,53575.75
2025-12-08,RJ,49.0,5959.05
2025-12-08,SP,499.0,55270.62
2025-12-15,RJ,26.0,3094.4
2025-12-15,SP,394.0,47616.55
2025-12-22,RJ,33.0,4452.8
2025-12-22,SP,213.0,25157.3
2025-12-29,RJ,56.0,5070.56
2025-12-29,SP,302.0,39109.39
2026-01-05,RJ,35.0,3909.75
2026-01-05,SP,576.0,63918.83
2026-01-12,RJ,40.0,5687.0
2026-01-12,SP,686.0,82606.04
2026-01-19,RJ,60.0,6999.0
2026-01-19,SP,549.0,64783.23
2026-01-26,RJ,65.0,7936.8
2026-01-26,SP,667.0,80361.45
2026-02-02,RJ,62.0,7055.57
2026-02-02,SP,546.0,68032.49
2026-02-09,RJ,34.0,3911.87
2026-02-09,SP,497.0,58446.88
2026-02-16,RJ,48.0,5350.14
2026-02-16,SP,397.0,50063.01
2026-02-23,RJ,47.0,5325.66
2026-02-23,SP,741.0,85937.2
2026-03-02,RJ,79.0,9691.65
2026-03-02,SP,699.0,83384.27
2026-03-09,RJ,51.0,6417.76
2026-03-09,SP,567.0,65538.1
2026-03-16,RJ,51.0,6316.44
2026-03-16,SP,584.0,66276.88
2026-03-23,RJ,66.0,8739.3
2026-03-23,SP,634.0,76979.2
2026-03-30,RJ,77.0,8431.12
2026-03-30,SP,617.0,79779.24
2026-04-06,RJ,62.0,6450.06
2026-04-06,SP,643.0,80877.98
2026-04-13,RJ,52.0,7159.1
2026-04-13,SP,734.0,82351.82
2026-04-20,RJ,45.0,5038.14
2026-04-20,SP,615.0,70413.07
2026-04-27,RJ,39.0,5158.29
2026-04-27,SP,736.0,84854.33
2026-05-04,RJ,73.0,8990.7
2026-05-04,SP,635.0,77803.54
2026-05-11,RJ,56.0,7808.95
2026-05-11,SP,722.0,84466.97
2026-05-18,RJ,60.0,7813.61
2026-05-18,SP,701.0,79395.29
2026-05-25,RJ,54.0,6985.73
2026-05-25,SP,618.0,71905.68
2026-06-01,RJ,48.0,6996.73
2026-06-01,SP,518.0,60808.73
2026-06-08,RJ,37.0,4753.54
2026-06-08,SP,504.0,61934.05
2026-06-15,RJ,43.0,4621.06
2026-06-15,SP,404.0,53784.32
2026-06-22,RJ,60.0,6392.45
2026-06-22,SP,444.0,53796.3
2026-06-29,RJ,51.0,7406.89
2026-06-29,SP,524.0,66308.09
2026-07-06,RJ,35.0,4262.12
2026-07-06,SP,435.0,57469.57
2026-07-13,RJ,63.0,9093.13
2026-07-13,RS,3.0,238.88
2026-07-13,SP,689.0,71677.13
2026-07-20,RJ,59.0,5023.64
2026-07-20,SP,523.0,61122.22
2026-07-27,RJ,56.0,7844.01
2026-07-27,SP,674.0,77175.45
2026-08-03,RJ,75.0,6867.32
2026-08-03,SP,643.0,78774.97
2026-08-10,RJ,105.0,8190.03
2026-08-10,SP,556.0,67578.84
2026-08-17,RJ,41.0,5463.24
2026-08-17,SP,391.0,53634.56
2026-08-24,RJ,42.0,5568.7
2026-08-24,SP,614.0,74483.31
2026-08-31,RJ,55.0,5882.76
2026-08-31,SP,534.0,63976.44
2026-09-07,RJ,45.0,5520.77
2026-09-07,SP,507.0,62999.76
2026-09-14,RJ,34.0,5084.31
2026-09-14,SP,514.0,61673.28
2026-09-21,RJ,27.0,4255.2
2026-09-21,SP,506.0,55823.37
2026-09-28,RJ,96.0,9457.62
2026-09-28,SP,788.0,93679.45
2026-10-05,RJ,17.0,2283.84
2026-10-05,SP,96.0,11706.9
