semana,canal,unidades,faturamento
2024-03-11,COM_NUTRICIONISTA,10.0,1234.86
2024-03-18,COM_NUTRICIONISTA,3.0,465.28
2024-03-25,COM_NUTRICIONISTA,2.0,318.01
2024-04-01,COM_NUTRICIONISTA,27.0,3196.35
2024-04-08,COM_NUTRICIONISTA,23.0,2947.3
2024-04-15,COM_NUTRICIONISTA,20.0,2078.74
2024-04-22,COM_NUTRICIONISTA,47.0,4538.04
2024-04-29,COM_NUTRICIONISTA,52.0,5508.21
2024-05-06,COM_NUTRICIONISTA,85.0,8533.7
2024-05-13,COM_NUTRICIONISTA,122.0,11779.5
2024-05-20,COM_NUTRICIONISTA,98.0,10295.81
2024-05-27,COM_NUTRICIONISTA,65.0,6221.23
2024-06-03,COM_NUTRICIONISTA,127.0,12435.08
2024-06-10,COM_NUTRICIONISTA,120.0,12223.5
2024-06-17,COM_NUTRICIONISTA,139.0,14366.63
2024-06-24,COM_NUTRICIONISTA,195.0,19187.45
2024-07-01,COM_NUTRICIONISTA,187.0,17538.42
2024-07-08,COM_NUTRICIONISTA,205.0,19306.32
2024-07-15,COM_NUTRICIONISTA,241.0,22473.81
2024-07-22,COM_NUTRICIONISTA,181.0,17236.9
2024-07-29,COM_NUTRICIONISTA,182.0,17495.05
2024-08-05,COM_NUTRICIONISTA,226.0,21964.38
2024-08-12,COM_NUTRICIONISTA,172.0,16270.6
2024-08-19,COM_NUTRICIONISTA,175.0,16913.14
2024-08-26,COM_NUTRICIONISTA,260.0,24304.97
2024-09-02,COM_NUTRICIONISTA,257.0,27856.86
2024-09-09,COM_NUTRICIONISTA,319.0,30649.13
2024-09-16,COM_NUTRICIONISTA,289.0,25995.62
2024-09-23,COM_NUTRICIONISTA,274.0,27900.26
2024-09-30,COM_NUTRICIONISTA,306.0,28639.91
2024-10-07,COM_NUTRICIONISTA,326.0,33379.58
2024-10-14,COM_NUTRICIONISTA,341.0,34679.33
2024-10-21,COM_NUTRICIONISTA,329.0,30574.99
2024-10-28,COM_NUTRICIONISTA,351.0,35217.07
2024-11-04,COM_NUTRICIONISTA,401.0,36893.34
2024-11-11,COM_NUTRICIONISTA,328.0,31394.33
2024-11-18,COM_NUTRICIONISTA,367.0,36931.75
2024-11-25,COM_NUTRICIONISTA,459.0,44338.2
2024-12-02,COM_NUTRICIONISTA,297.0,31328.7
2024-12-09,COM_NUTRICIONISTA,341.0,32215.54
2024-12-16,COM_NUTRICIONISTA,273.0,25525.13
2024-12-23,COM_NUTRICIONISTA,117.0,11279.86
2024-12-30,COM_NUTRICIONISTA,143.0,13509.03
2025-01-06,COM_NUTRICIONISTA,348.0,34139.36
2025-01-13,COM_NUTRICIONISTA,429.0,44082.38
2025-01-20,COM_NUTRICIONISTA,414.0,40990.05
2025-01-27,COM_NUTRICIONISTA,498.0,48506.85
2025-02-03,COM_NUTRICIONISTA,506.0,47786.98
2025-02-10,COM_NUTRICIONISTA,608.0,60262.54
2025-02-17,COM_NUTRICIONISTA,594.0,60908.13
2025-02-24,COM_NUTRICIONISTA,546.0,56625.61
2025-03-03,COM_NUTRICIONISTA,650.0,65774.92
2025-03-10,COM_NUTRICIONISTA,641.0,63739.36
2025-03-17,COM_NUTRICIONISTA,581.0,58821.13
2025-03-24,COM_NUTRICIONISTA,670.0,60170.0
2025-03-31,COM_NUTRICIONISTA,696.0,71529.75
2025-04-07,COM_NUTRICIONISTA,599.0,63614.19
2025-04-14,COM_NUTRICIONISTA,523.0,56885.74
2025-04-21,COM_NUTRICIONISTA,576.0,54327.64
2025-04-28,COM_NUTRICIONISTA,528.0,57400.13
2025-05-05,COM_NUTRICIONISTA,674.0,69794.46
2025-05-12,COM_NUTRICIONISTA,628.0,66315.71
2025-05-19,COM_NUTRICIONISTA,736.0,77131.02
2025-05-26,COM_NUTRICIONISTA,653.0,67886.45
2025-06-02,COM_NUTRICIONISTA,712.0,74336.53
2025-06-09,COM_NUTRICIONISTA,605.0,67756.51
2025-06-16,COM_NUTRICIONISTA,499.0,52483.54
2025-06-23,COM_NUTRICIONISTA,573.0,61349.31
2025-06-30,COM_NUTRICIONISTA,681.0,75409.92
2025-07-07,COM_NUTRICIONISTA,522.0,58469.96
2025-07-14,COM_NUTRICIONISTA,515.0,57445.67
2025-07-21,COM_NUTRICIONISTA,414.0,45542.29
2025-07-28,COM_NUTRICIONISTA,589.0,67926.24
2025-08-04,COM_NUTRICIONISTA,646.0,75153.23
2025-08-11,COM_NUTRICIONISTA,544.0,66784.23
2025-08-18,COM_NUTRICIONISTA,598.0,68440.91
2025-08-25,COM_NUTRICIONISTA,616.0,70994.35
2025-09-01,COM_NUTRICIONISTA,597.0,75246.24
2025-09-08,COM_NUTRICIONISTA,750.0,92469.52
2025-09-15,COM_NUTRICIONISTA,657.0,78182.16
2025-09-22,COM_NUTRICIONISTA,602.0,72230.2
2025-09-29,COM_NUTRICIONISTA,756.0,89555.17
2025-10-06,COM_NUTRICIONISTA,732.0,87603.42
2025-10-13,COM_NUTRICIONISTA,698.0,84632.26
2025-10-20,COM_NUTRICIONISTA,581.0,70578.65
2025-10-27,COM_NUTRICIONISTA,656.0,78735.36
2025-11-03,COM_NUTRICIONISTA,625.0,74761.02
2025-11-10,COM_NUTRICIONISTA,638.0,76480.55
2025-11-17,COM_NUTRICIONISTA,584.0,64371.02
2025-11-24,COM_NUTRICIONISTA,694.0,69520.51
2025-12-01,COM_NUTRICIONISTA,498.0,58723.34
2025-12-08,COM_NUTRICIONISTA,548.0,61229.67
2025-12-15,COM_NUTRICIONISTA,420.0,50710.95
2025-12-22,COM_NUTRICIONISTA,246.0,29610.1
2025-12-29,COM_NUTRICIONISTA,358.0,44179.95
2026-01-05,COM_NUTRICIONISTA,611.0,67828.58
2026-01-12,COM_NUTRICIONISTA,726.0,88293.04
2026-01-19,COM_NUTRICIONISTA,609.0,71782.23
2026-01-26,COM_NUTRICIONISTA,732.0,88298.25
2026-02-02,COM_NUTRICIONISTA,608.0,75088.06
2026-02-09,COM_NUTRICIONISTA,531.0,62358.75
2026-02-16,COM_NUTRICIONISTA,445.0,55413.15
2026-02-23,COM_NUTRICIONISTA,788.0,91262.86
2026-03-02,COM_NUTRICIONISTA,778.0,93075.92
2026-03-09,COM_NUTRICIONISTA,618.0,71955.86
2026-03-16,COM_NUTRICIONISTA,635.0,72593.32
2026-03-23,COM_NUTRICIONISTA,700.0,85718.5
2026-03-30,COM_NUTRICIONISTA,694.0,88210.36
2026-04-06,COM_NUTRICIONISTA,705.0,87328.04
2026-04-13,COM_NUTRICIONISTA,786.0,89510.92
2026-04-20,COM_NUTRICIONISTA,660.0,75451.21
2026-04-27,COM_NUTRICIONISTA,775.0,90012.62
2026-05-04,COM_NUTRICIONISTA,708.0,86794.24
2026-05-11,COM_NUTRICIONISTA,778.0,92275.92
2026-05-18,COM_NUTRICIONISTA,761.0,87208.9
2026-05-25,COM_NUTRICIONISTA,672.0,78891.41
2026-06-01,COM_NUTRICIONISTA,566.0,67805.46
2026-06-08,COM_NUTRICIONISTA,541.0,66687.59
2026-06-15,COM_NUTRICIONISTA,447.0,58405.38
2026-06-22,COM_NUTRICIONISTA,504.0,60188.75
2026-06-29,COM_NUTRICIONISTA,575.0,73714.98
2026-07-06,COM_NUTRICIONISTA,470.0,61731.69
2026-07-13,COM_NUTRICIONISTA,755.0,81009.14
2026-07-20,COM_NUTRICIONISTA,582.0,66145.86
2026-07-27,COM_NUTRICIONISTA,730.0,85019.46
2026-08-03,COM_NUTRICIONISTA,718.0,85642.29
2026-08-10,COM_NUTRICIONISTA,661.0,75768.87
2026-08-17,COM_NUTRICIONISTA,432.0,59097.8
2026-08-24,COM_NUTRICIONISTA,656.0,80052.01
2026-08-31,COM_NUTRICIONISTA,575.0,69655.79
2026-08-31,SEM_NUTRICIONISTA,14.0,203.41
2026-09-07,COM_NUTRICIONISTA,552.0,68520.53
2026-09-14,COM_NUTRICIONISTA,548.0,66757.59
2026-09-21,COM_NUTRICIONISTA,440.0,53531.08
2026-09-21,SEM_NUTRICIONISTA,93.0,6547.49
2026-09-28,COM_NUTRICIONISTA,582.0,74857.42
2026-09-28,SEM_NUTRICIONISTA,302.0,28279.65
2026-10-05,COM_NUTRICIONISTA,94.0,11570.02
2026-10-05,SEM_NUTRICIONISTA,19.0,2420.72
