semana,regiao,unidades,faturamento
2024-03-11,Sudeste,10.0,1234.86
2024-03-18,Sudeste,3.0,465.28
2024-03-25,Sudeste,2.0,318.01
2024-04-01,Sudeste,27.0,3196.35
2024-04-08,Sudeste,23.0,2947.3
2024-04-15,Sudeste,20.0,2078.74
2024-04-22,Sudeste,47.0,4538.04
2024-04-29,Sudeste,52.0,5508.21
2024-05-06,Sudeste,85.0,8533.7
2024-05-13,Sudeste,122.0,11779.5
2024-05-20,Sudeste,98.0,10295.81
2024-05-27,Sudeste,65.0,6221.23
2024-06-03,Sudeste,127.0,12435.08
2024-06-10,Sudeste,120.0,12223.5
2024-06-17,Sudeste,139.0,14366.63
2024-06-24,Sudeste,195.0,19187.45
2024-07-01,Sudeste,187.0,17538.42
2024-07-08,Sudeste,205.0,19306.32
2024-07-15,Sudeste,241.0,22473.81
2024-07-22,Sudeste,181.0,17236.9
2024-07-29,Sudeste,182.0,17495.05
2024-08-05,Sudeste,226.0,21964.38
2024-08-12,Sudeste,172.0,16270.6
2024-08-19,Sudeste,175.0,16913.14
2024-08-26,Sudeste,260.0,24304.97
2024-09-02,Sudeste,257.0,27856.86
2024-09-09,Sudeste,319.0,30649.13
2024-09-16,Sudeste,289.0,25995.62
2024-09-23,Sudeste,274.0,27900.26
2024-09-30,Sudeste,306.0,28639.91
2024-10-07,Sudeste,326.0,33379.58
2024-10-14,Sudeste,341.0,34679.33
2024-10-21,Sudeste,329.0,30574.99
2024-10-28,Sudeste,351.0,35217.07
2024-11-04,Sudeste,401.0,36893.34
2024-11-11,Sudeste,328.0,31394.33
2024-11-18,Sudeste,367.0,36931.75
2024-11-25,Sudeste,459.0,44338.2
2024-12-02,Sudeste,297.0,31328.7
2024-12-09,Sudeste,341.0,32215.54
2024-12-16,Sudeste,273.0,25525.13
2024-12-23,Sudeste,117.0,11279.86
2024-12-30,Sudeste,143.0,13509.03
2025-01-06,Sudeste,348.0,34139.36
2025-01-13,Sudeste,429.0,44082.38
2025-01-20,Sudeste,414.0,40990.05
2025-01-27,Sudeste,498.0,48506.85
2025-02-03,Sudeste,506.0,47786.98
2025-02-10,Sudeste,608.0,60262.54
2025-02-17,Sudeste,594.0,60908.13
2025-02-24,Sudeste,546.0,56625.61
2025-03-03,Sudeste,650.0,65774.92
2025-03-10,Sudeste,641.0,63739.36
2025-03-17,Sudeste,581.0,58821.13
2025-03-24,Sudeste,670.0,60170.0
2025-03-31,Sudeste,696.0,71529.75
2025-04-07,Sudeste,599.0,63614.19
2025-04-14,Sudeste,523.0,56885.74
2025-04-21,Sudeste,576.0,54327.64
2025-04-28,Sudeste,528.0,57400.13
2025-05-05,Sudeste,674.0,69794.46
2025-05-12,Sudeste,628.0,66315.71
2025-05-19,Sudeste,736.0,77131.02
2025-05-26,Sudeste,653.0,67886.45
2025-06-02,Sudeste,712.0,74336.53
2025-06-09,Sudeste,605.0,67756.51
2025-06-16,Sudeste,499.0,52483.54
2025-06-23,Sudeste,573.0,61349.31
2025-06-30,Sudeste,681.0,75409.92
2025-07-07,Sudeste,522.0,58469.96
2025-07-14,Sudeste,515.0,57445.67
2025-07-21,Sudeste,414.0,45542.29
2025-07-28,Sudeste,589.0,67926.24
2025-08-04,Sudeste,646.0,75153.23
2025-08-11,Sudeste,544.0,66784.23
2025-08-18,Sudeste,598.0,68440.91
2025-08-25,Sudeste,616.0,70994.35
2025-09-01,Sudeste,597.0,75246.24
2025-09-08,Sudeste,750.0,92469.52
2025-09-15,Sudeste,657.0,78182.16
2025-09-22,Sudeste,602.0,72230.2
2025-09-29,Sudeste,756.0,89555.17
2025-10-06,Sudeste,732.0,87603.42
2025-10-13,Sudeste,698.0,84632.26
2025-10-20,Sudeste,581.0,70578.65
2025-10-27,Sudeste,656.0,78735.36
2025-11-03,Sudeste,625.0,74761.02
2025-11-10,Sudeste,638.0,76480.55
2025-11-17,Sudeste,584.0,64371.02
2025-11-24,Sudeste,694.0,69520.51
2025-12-01,Sudeste,498.0,58723.34
2025-12-08,Sudeste,548.0,61229.67
2025-12-15,Sudeste,420.0,50710.95
2025-12-22,Sudeste,246.0,29610.1
2025-12-29,Sudeste,358.0,44179.95
2026-01-05,Sudeste,611.0,67828.58
2026-01-12,Sudeste,726.0,88293.04
2026-01-19,Sudeste,609.0,71782.23
2026-01-26,Sudeste,732.0,88298.25
2026-02-02,Sudeste,608.0,75088.06
2026-02-09,Sudeste,531.0,62358.75
2026-02-16,Sudeste,445.0,55413.15
2026-02-23,Sudeste,788.0,91262.86
2026-03-02,Sudeste,778.0,93075.92
2026-03-09,Sudeste,618.0,71955.86
2026-03-16,Sudeste,635.0,72593.32
2026-03-23,Sudeste,700.0,85718.5
2026-03-30,Sudeste,694.0,88210.36
2026-04-06,Sudeste,705.0,87328.04
2026-04-13,Sudeste,786.0,89510.92
2026-04-20,Sudeste,660.0,75451.21
2026-04-27,Sudeste,775.0,90012.62
2026-05-04,Sudeste,708.0,86794.24
2026-05-11,Sudeste,778.0,92275.92
2026-05-18,Sudeste,761.0,87208.9
2026-05-25,Sudeste,672.0,78891.41
2026-06-01,Sudeste,566.0,67805.46
2026-06-08,Sudeste,541.0,66687.59
2026-06-15,Sudeste,447.0,58405.38
2026-06-22,Sudeste,504.0,60188.75
2026-06-29,Sudeste,575.0,73714.98
2026-07-06,Sudeste,470.0,61731.69
2026-07-13,Sudeste,752.0,80770.26
2026-07-13,Sul,3.0,238.88
2026-07-20,Sudeste,582.0,66145.86
2026-07-27,Sudeste,730.0,85019.46
2026-08-03,Sudeste,718.0,85642.29
2026-08-10,Sudeste,661.0,75768.87
2026-08-17,Sudeste,432.0,59097.8
2026-08-24,Sudeste,656.0,80052.01
2026-08-31,Sudeste,589.0,69859.2
2026-09-07,Sudeste,552.0,68520.53
2026-09-14,Sudeste,548.0,66757.59
2026-09-21,Sudeste,533.0,60078.57
2026-09-28,Sudeste,884.0,103137.07
2026-10-05,Sudeste,113.0,13990.74
