ds,canal,pedidos,faturamento,ticket_medio,pedidos_extremos
2024-03-01,COM_NUTRICIONISTA,10.0,2018.15,201.82,0.0
2024-04-01,COM_NUTRICIONISTA,89.0,15135.85,170.07,0.0
2024-05-01,COM_NUTRICIONISTA,236.0,39022.51,165.35,0.0
2024-06-01,COM_NUTRICIONISTA,332.0,59153.18,178.17,0.0
2024-07-01,COM_NUTRICIONISTA,482.0,84808.54,175.95,0.0
2024-08-01,COM_NUTRICIONISTA,476.0,85474.94,179.57,0.0
2024-09-01,COM_NUTRICIONISTA,653.0,121325.49,185.8,0.0
2024-10-01,COM_NUTRICIONISTA,815.0,146166.33,179.35,0.0
2024-11-01,COM_NUTRICIONISTA,789.0,156311.23,198.11,0.0
2024-12-01,COM_NUTRICIONISTA,578.0,106177.59,183.7,0.0
2025-01-01,COM_NUTRICIONISTA,911.0,168195.95,184.63,0.0
2025-02-01,COM_NUTRICIONISTA,1148.0,225355.97,196.3,0.0
2025-03-01,COM_NUTRICIONISTA,1389.0,271113.83,195.19,0.0
2025-04-01,COM_NUTRICIONISTA,1274.0,264157.38,207.34,0.0
2025-05-01,COM_NUTRICIONISTA,1500.0,300625.84,200.42,0.0
2025-06-01,COM_NUTRICIONISTA,1333.0,276459.73,207.4,0.0
2025-07-01,COM_NUTRICIONISTA,1212.0,266581.19,219.95,0.0
2025-08-01,COM_NUTRICIONISTA,1408.0,307843.3,218.64,0.0
2025-09-01,COM_NUTRICIONISTA,1463.0,351511.76,240.27,0.0
2025-10-01,COM_NUTRICIONISTA,1476.0,358726.28,243.04,0.0
2025-11-01,COM_NUTRICIONISTA,1275.0,304128.04,238.53,0.0
2025-12-01,COM_NUTRICIONISTA,846.0,212053.42,250.65,0.0
2026-01-01,COM_NUTRICIONISTA,1160.0,338696.03,291.98,0.0
2026-02-01,COM_NUTRICIONISTA,1056.0,283220.83,268.2,0.0
2026-03-01,COM_NUTRICIONISTA,1420.0,367581.96,258.86,0.0
2026-04-01,COM_NUTRICIONISTA,1375.0,373068.5,271.32,0.0
2026-05-01,COM_NUTRICIONISTA,1328.0,369185.41,278.0,0.0
2026-06-01,COM_NUTRICIONISTA,973.0,277431.06,285.13,0.0
2026-07-01,COM_NUTRICIONISTA,1185.0,328863.42,277.52,0.0
2026-08-01,COM_NUTRICIONISTA,1221.0,332801.77,272.56,0.0
2026-08-01,SEM_NUTRICIONISTA,1.0,61.49,61.49,0.0
2026-09-01,COM_NUTRICIONISTA,1035.0,279689.73,270.23,0.0
2026-09-01,SEM_NUTRICIONISTA,91.0,20565.06,225.99,0.0
2026-10-01,COM_NUTRICIONISTA,223.0,62090.62,278.43,0.0
2026-10-01,SEM_NUTRICIONISTA,69.0,21319.92,308.98,0.0
