produto_a,produto_b,pedidos_juntos,pedidos_a,pedidos_b,total_pedidos
31,399,2.0,102.0,148.0,14440.0
31,448,4.0,102.0,193.0,14440.0
399,448,7.0,148.0,193.0,14440.0
402,68,10.0,167.0,625.0,14440.0
1827,41,1.0,82.0,53.0,14440.0
1874,2020,1.0,36.0,13.0,14440.0
433,71,9.0,251.0,339.0,14440.0
397,68,35.0,246.0,625.0,14440.0
861,935,1.0,144.0,143.0,14440.0
634,73,1.0,129.0,44.0,14440.0
486,860,7.0,747.0,58.0,14440.0
486,942,4.0,747.0,54.0,14440.0
534,692,1.0,108.0,103.0,14440.0
938,940,18.0,338.0,373.0,14440.0
399,54,3.0,148.0,170.0,14440.0
30,399,3.0,78.0,148.0,14440.0
681,711,9.0,62.0,173.0,14440.0
1671,375,1.0,24.0,173.0,14440.0
936,937,6.0,419.0,93.0,14440.0
704,72,2.0,134.0,239.0,14440.0
375,68,2.0,173.0,625.0,14440.0
375,402,5.0,173.0,167.0,14440.0
334,704,1.0,46.0,134.0,14440.0
1671,71,4.0,24.0,339.0,14440.0
1205,35,1.0,48.0,20.0,14440.0
1205,394,1.0,48.0,78.0,14440.0
1384,455,7.0,235.0,67.0,14440.0
1214,397,11.0,85.0,246.0,14440.0
448,54,2.0,193.0,170.0,14440.0
681,685,5.0,62.0,316.0,14440.0
394,68,4.0,78.0,625.0,14440.0
360,373,3.0,152.0,113.0,14440.0
360,68,9.0,152.0,625.0,14440.0
373,68,17.0,113.0,625.0,14440.0
685,711,17.0,316.0,173.0,14440.0
1159,486,3.0,47.0,747.0,14440.0
2029,3,1.0,31.0,94.0,14440.0
486,69,8.0,747.0,154.0,14440.0
396,448,9.0,113.0,193.0,14440.0
439,939,4.0,117.0,191.0,14440.0
54,939,1.0,170.0,191.0,14440.0
360,433,4.0,152.0,251.0,14440.0
1063,486,2.0,34.0,747.0,14440.0
1781,399,3.0,43.0,148.0,14440.0
397,72,10.0,246.0,239.0,14440.0
214,68,1.0,34.0,625.0,14440.0
685,77,5.0,316.0,213.0,14440.0
68,711,11.0,625.0,173.0,14440.0
433,613,3.0,251.0,58.0,14440.0
433,72,4.0,251.0,239.0,14440.0
68,681,1.0,625.0,62.0,14440.0
448,711,7.0,193.0,173.0,14440.0
363,44,1.0,92.0,101.0,14440.0
6,943,4.0,45.0,142.0,14440.0
373,407,1.0,113.0,100.0,14440.0
685,72,8.0,316.0,239.0,14440.0
451,68,4.0,69.0,625.0,14440.0
486,938,37.0,747.0,338.0,14440.0
434,79,1.0,318.0,39.0,14440.0
421,71,11.0,116.0,339.0,14440.0
1060,486,1.0,28.0,747.0,14440.0
208,991,1.0,54.0,54.0,14440.0
396,54,2.0,113.0,170.0,14440.0
486,534,4.0,747.0,108.0,14440.0
44,941,3.0,101.0,243.0,14440.0
71,938,8.0,339.0,338.0,14440.0
60,935,5.0,35.0,143.0,14440.0
60,68,6.0,35.0,625.0,14440.0
44,534,2.0,101.0,108.0,14440.0
1384,474,1.0,235.0,84.0,14440.0
681,692,5.0,62.0,103.0,14440.0
166,54,1.0,76.0,170.0,14440.0
1781,402,6.0,43.0,167.0,14440.0
448,860,1.0,193.0,58.0,14440.0
2029,860,1.0,31.0,58.0,14440.0
2029,448,1.0,31.0,193.0,14440.0
402,54,5.0,167.0,170.0,14440.0
399,936,6.0,148.0,419.0,14440.0
1827,455,1.0,82.0,67.0,14440.0
1292,1384,2.0,44.0,235.0,14440.0
141,397,1.0,213.0,246.0,14440.0
141,30,1.0,213.0,78.0,14440.0
388,685,1.0,78.0,316.0,14440.0
396,402,10.0,113.0,167.0,14440.0
376,421,1.0,46.0,116.0,14440.0
31,40,1.0,102.0,52.0,14440.0
31,633,5.0,102.0,28.0,14440.0
692,71,3.0,103.0,339.0,14440.0
54,711,4.0,170.0,173.0,14440.0
54,685,4.0,170.0,316.0,14440.0
486,935,15.0,747.0,143.0,14440.0
2029,54,2.0,31.0,170.0,14440.0
434,68,30.0,318.0,625.0,14440.0
396,397,4.0,113.0,246.0,14440.0
396,68,9.0,113.0,625.0,14440.0
388,534,1.0,78.0,108.0,14440.0
486,987,2.0,747.0,86.0,14440.0
1670,1827,6.0,56.0,82.0,14440.0
54,657,3.0,170.0,67.0,14440.0
1212,1341,1.0,71.0,111.0,14440.0
210,424,1.0,56.0,67.0,14440.0
72,987,2.0,239.0,86.0,14440.0
399,68,8.0,148.0,625.0,14440.0
1956,39,1.0,19.0,20.0,14440.0
474,486,12.0,84.0,747.0,14440.0
486,558,6.0,747.0,85.0,14440.0
486,941,23.0,747.0,243.0,14440.0
421,652,2.0,116.0,40.0,14440.0
1452,1872,1.0,40.0,50.0,14440.0
1049,1872,1.0,25.0,50.0,14440.0
486,523,6.0,747.0,69.0,14440.0
434,987,1.0,318.0,86.0,14440.0
388,71,1.0,78.0,339.0,14440.0
357,68,6.0,67.0,625.0,14440.0
457,68,1.0,100.0,625.0,14440.0
433,692,6.0,251.0,103.0,14440.0
433,77,10.0,251.0,213.0,14440.0
433,937,1.0,251.0,93.0,14440.0
397,54,4.0,246.0,170.0,14440.0
360,388,3.0,152.0,78.0,14440.0
936,938,14.0,419.0,338.0,14440.0
439,685,2.0,117.0,316.0,14440.0
382,936,2.0,87.0,419.0,14440.0
382,486,3.0,87.0,747.0,14440.0
2,363,1.0,173.0,92.0,14440.0
1212,523,1.0,71.0,69.0,14440.0
373,388,7.0,113.0,78.0,14440.0
396,433,10.0,113.0,251.0,14440.0
613,692,3.0,58.0,103.0,14440.0
685,860,3.0,316.0,58.0,14440.0
402,486,7.0,167.0,747.0,14440.0
1660,402,2.0,48.0,167.0,14440.0
1660,486,3.0,48.0,747.0,14440.0
1781,692,1.0,43.0,103.0,14440.0
214,465,1.0,34.0,61.0,14440.0
334,486,3.0,46.0,747.0,14440.0
433,936,1.0,251.0,419.0,14440.0
433,635,5.0,251.0,155.0,14440.0
935,939,4.0,143.0,191.0,14440.0
1383,635,1.0,68.0,155.0,14440.0
434,558,5.0,318.0,85.0,14440.0
450,68,11.0,88.0,625.0,14440.0
450,76,2.0,88.0,61.0,14440.0
334,71,5.0,46.0,339.0,14440.0
4,60,1.0,55.0,35.0,14440.0
360,54,4.0,152.0,170.0,14440.0
456,685,3.0,79.0,316.0,14440.0
68,74,4.0,625.0,47.0,14440.0
44,860,1.0,101.0,58.0,14440.0
44,74,1.0,101.0,47.0,14440.0
375,704,2.0,173.0,134.0,14440.0
375,71,6.0,173.0,339.0,14440.0
71,935,1.0,339.0,143.0,14440.0
433,448,21.0,251.0,193.0,14440.0
68,71,20.0,625.0,339.0,14440.0
1129,991,2.0,27.0,54.0,14440.0
1129,363,4.0,27.0,92.0,14440.0
1129,424,1.0,27.0,67.0,14440.0
33,74,1.0,50.0,47.0,14440.0
1956,2,1.0,19.0,173.0,14440.0
486,939,13.0,747.0,191.0,14440.0
375,44,2.0,173.0,101.0,14440.0
486,940,50.0,747.0,373.0,14440.0
69,940,1.0,154.0,373.0,14440.0
397,711,8.0,246.0,173.0,14440.0
2,68,8.0,173.0,625.0,14440.0
68,935,8.0,625.0,143.0,14440.0
2,3,3.0,173.0,94.0,14440.0
373,433,12.0,113.0,251.0,14440.0
486,936,36.0,747.0,419.0,14440.0
486,944,8.0,747.0,81.0,14440.0
68,704,2.0,625.0,134.0,14440.0
402,434,2.0,167.0,318.0,14440.0
1383,685,4.0,68.0,316.0,14440.0
1383,711,2.0,68.0,173.0,14440.0
4,941,2.0,55.0,243.0,14440.0
4,44,2.0,55.0,101.0,14440.0
360,685,1.0,152.0,316.0,14440.0
1341,938,3.0,111.0,338.0,14440.0
1341,465,5.0,111.0,61.0,14440.0
86,87,2.0,30.0,30.0,14440.0
450,519,2.0,88.0,45.0,14440.0
68,936,6.0,625.0,419.0,14440.0
1341,397,1.0,111.0,246.0,14440.0
1341,704,2.0,111.0,134.0,14440.0
434,5,1.0,318.0,48.0,14440.0
71,936,6.0,339.0,419.0,14440.0
375,448,3.0,173.0,193.0,14440.0
72,935,2.0,239.0,143.0,14440.0
1384,520,4.0,235.0,61.0,14440.0
634,72,2.0,129.0,239.0,14440.0
399,5,1.0,148.0,48.0,14440.0
399,86,1.0,148.0,30.0,14440.0
434,938,3.0,318.0,338.0,14440.0
1384,935,2.0,235.0,143.0,14440.0
71,940,3.0,339.0,373.0,14440.0
1384,450,1.0,235.0,88.0,14440.0
396,711,4.0,113.0,173.0,14440.0
448,68,22.0,193.0,625.0,14440.0
68,69,2.0,625.0,154.0,14440.0
486,589,7.0,747.0,61.0,14440.0
635,657,7.0,155.0,67.0,14440.0
634,68,3.0,129.0,625.0,14440.0
486,84,2.0,747.0,39.0,14440.0
635,936,5.0,155.0,419.0,14440.0
399,635,3.0,148.0,155.0,14440.0
394,991,3.0,78.0,54.0,14440.0
519,685,1.0,45.0,316.0,14440.0
394,433,11.0,78.0,251.0,14440.0
1671,1872,1.0,24.0,50.0,14440.0
6,685,1.0,45.0,316.0,14440.0
44,943,3.0,101.0,142.0,14440.0
937,940,1.0,93.0,373.0,14440.0
937,938,6.0,93.0,338.0,14440.0
3,635,1.0,94.0,155.0,14440.0
1112,434,4.0,18.0,318.0,14440.0
3,861,2.0,94.0,144.0,14440.0
421,942,1.0,116.0,54.0,14440.0
1215,373,1.0,103.0,113.0,14440.0
1215,433,11.0,103.0,251.0,14440.0
396,451,4.0,113.0,69.0,14440.0
1252,521,1.0,32.0,70.0,14440.0
390,486,5.0,66.0,747.0,14440.0
30,363,2.0,78.0,92.0,14440.0
376,685,1.0,46.0,316.0,14440.0
1725,486,3.0,55.0,747.0,14440.0
1725,860,1.0,55.0,58.0,14440.0
521,71,4.0,70.0,339.0,14440.0
35,71,1.0,20.0,339.0,14440.0
35,421,2.0,20.0,116.0,14440.0
1214,402,1.0,85.0,167.0,14440.0
1214,434,1.0,85.0,318.0,14440.0
1214,399,1.0,85.0,148.0,14440.0
1214,1384,4.0,85.0,235.0,14440.0
1205,486,2.0,48.0,747.0,14440.0
388,68,9.0,78.0,625.0,14440.0
388,486,2.0,78.0,747.0,14440.0
1670,634,1.0,56.0,129.0,14440.0
1670,486,3.0,56.0,747.0,14440.0
521,72,1.0,70.0,239.0,14440.0
1212,941,1.0,71.0,243.0,14440.0
1212,4,1.0,71.0,55.0,14440.0
1212,44,1.0,71.0,101.0,14440.0
167,360,1.0,54.0,152.0,14440.0
167,685,2.0,54.0,316.0,14440.0
1451,421,5.0,29.0,116.0,14440.0
421,69,2.0,116.0,154.0,14440.0
210,685,1.0,56.0,316.0,14440.0
363,685,1.0,92.0,316.0,14440.0
209,681,1.0,48.0,62.0,14440.0
941,942,1.0,243.0,54.0,14440.0
1342,72,1.0,27.0,239.0,14440.0
1342,30,1.0,27.0,78.0,14440.0
704,711,3.0,134.0,173.0,14440.0
711,72,5.0,173.0,239.0,14440.0
421,486,2.0,116.0,747.0,14440.0
421,77,3.0,116.0,213.0,14440.0
421,861,1.0,116.0,144.0,14440.0
421,68,7.0,116.0,625.0,14440.0
68,861,3.0,625.0,144.0,14440.0
1452,439,3.0,40.0,117.0,14440.0
1049,1384,1.0,25.0,235.0,14440.0
1049,1052,3.0,25.0,28.0,14440.0
1725,434,2.0,55.0,318.0,14440.0
1725,5,1.0,55.0,48.0,14440.0
681,72,2.0,62.0,239.0,14440.0
681,935,1.0,62.0,143.0,14440.0
30,433,1.0,78.0,251.0,14440.0
486,613,3.0,747.0,58.0,14440.0
396,634,2.0,113.0,129.0,14440.0
396,72,3.0,113.0,239.0,14440.0
1212,399,7.0,71.0,148.0,14440.0
1212,5,1.0,71.0,48.0,14440.0
1212,86,1.0,71.0,30.0,14440.0
5,86,1.0,48.0,30.0,14440.0
1781,433,4.0,43.0,251.0,14440.0
1781,68,5.0,43.0,625.0,14440.0
3,68,2.0,94.0,625.0,14440.0
407,711,4.0,100.0,173.0,14440.0
407,681,1.0,100.0,62.0,14440.0
521,943,1.0,70.0,142.0,14440.0
44,521,2.0,101.0,70.0,14440.0
1214,486,6.0,85.0,747.0,14440.0
1214,433,4.0,85.0,251.0,14440.0
486,68,35.0,747.0,625.0,14440.0
402,519,2.0,167.0,45.0,14440.0
373,69,1.0,113.0,154.0,14440.0
1214,685,4.0,85.0,316.0,14440.0
402,433,6.0,167.0,251.0,14440.0
1060,334,1.0,28.0,46.0,14440.0
1060,166,1.0,28.0,76.0,14440.0
861,937,1.0,144.0,93.0,14440.0
356,434,3.0,57.0,318.0,14440.0
1956,356,3.0,19.0,57.0,14440.0
1956,434,1.0,19.0,318.0,14440.0
455,486,1.0,67.0,747.0,14440.0
455,84,1.0,67.0,39.0,14440.0
1105,1384,1.0,26.0,235.0,14440.0
390,76,1.0,66.0,61.0,14440.0
390,711,1.0,66.0,173.0,14440.0
390,434,1.0,66.0,318.0,14440.0
1452,72,1.0,40.0,239.0,14440.0
1097,72,1.0,79.0,239.0,14440.0
474,86,4.0,84.0,30.0,14440.0
396,69,6.0,113.0,154.0,14440.0
659,68,1.0,39.0,625.0,14440.0
44,54,2.0,101.0,170.0,14440.0
433,54,2.0,251.0,170.0,14440.0
433,69,5.0,251.0,154.0,14440.0
1705,486,8.0,29.0,747.0,14440.0
1705,711,1.0,29.0,173.0,14440.0
486,943,8.0,747.0,142.0,14440.0
486,72,13.0,747.0,239.0,14440.0
860,861,3.0,58.0,144.0,14440.0
941,943,7.0,243.0,142.0,14440.0
685,938,5.0,316.0,338.0,14440.0
1049,1249,1.0,25.0,25.0,14440.0
1383,861,2.0,68.0,144.0,14440.0
1383,486,4.0,68.0,747.0,14440.0
1383,402,1.0,68.0,167.0,14440.0
937,939,2.0,93.0,191.0,14440.0
2,657,1.0,173.0,67.0,14440.0
940,944,1.0,373.0,81.0,14440.0
1874,659,2.0,36.0,39.0,14440.0
1956,455,3.0,19.0,67.0,14440.0
397,76,3.0,246.0,61.0,14440.0
397,67,1.0,246.0,39.0,14440.0
397,936,5.0,246.0,419.0,14440.0
373,375,4.0,113.0,173.0,14440.0
936,939,10.0,419.0,191.0,14440.0
450,941,1.0,88.0,243.0,14440.0
1872,474,1.0,50.0,84.0,14440.0
1872,546,1.0,50.0,41.0,14440.0
214,457,1.0,34.0,100.0,14440.0
450,657,5.0,88.0,67.0,14440.0
1660,448,1.0,48.0,193.0,14440.0
523,558,1.0,69.0,85.0,14440.0
402,936,3.0,167.0,419.0,14440.0
1827,211,2.0,82.0,58.0,14440.0
33,44,2.0,50.0,101.0,14440.0
388,396,5.0,78.0,113.0,14440.0
388,72,3.0,78.0,239.0,14440.0
453,486,5.0,126.0,747.0,14440.0
1052,635,1.0,28.0,155.0,14440.0
375,486,5.0,173.0,747.0,14440.0
167,71,5.0,54.0,339.0,14440.0
2,54,4.0,173.0,170.0,14440.0
357,54,2.0,67.0,170.0,14440.0
356,634,2.0,57.0,129.0,14440.0
1671,1781,1.0,24.0,43.0,14440.0
546,659,1.0,41.0,39.0,14440.0
546,71,1.0,41.0,339.0,14440.0
546,943,1.0,41.0,142.0,14440.0
486,54,8.0,747.0,170.0,14440.0
434,76,5.0,318.0,61.0,14440.0
434,519,1.0,318.0,45.0,14440.0
376,450,2.0,46.0,88.0,14440.0
1827,456,4.0,82.0,79.0,14440.0
71,79,5.0,339.0,39.0,14440.0
685,936,4.0,316.0,419.0,14440.0
434,456,2.0,318.0,79.0,14440.0
1341,486,9.0,111.0,747.0,14440.0
376,613,1.0,46.0,58.0,14440.0
486,6,2.0,747.0,45.0,14440.0
208,211,5.0,54.0,58.0,14440.0
860,936,4.0,58.0,419.0,14440.0
3,33,1.0,94.0,50.0,14440.0
2,634,1.0,173.0,129.0,14440.0
1687,520,1.0,75.0,61.0,14440.0
1660,71,1.0,48.0,339.0,14440.0
1687,68,4.0,75.0,625.0,14440.0
1687,373,2.0,75.0,113.0,14440.0
1687,939,3.0,75.0,191.0,14440.0
1687,474,6.0,75.0,84.0,14440.0
1660,474,2.0,48.0,84.0,14440.0
1660,211,2.0,48.0,58.0,14440.0
1687,30,1.0,75.0,78.0,14440.0
424,486,2.0,67.0,747.0,14440.0
1097,453,1.0,79.0,126.0,14440.0
1097,635,7.0,79.0,155.0,14440.0
421,434,8.0,116.0,318.0,14440.0
166,434,3.0,76.0,318.0,14440.0
166,71,7.0,76.0,339.0,14440.0
652,659,2.0,40.0,39.0,14440.0
2,925,1.0,173.0,57.0,14440.0
2,453,1.0,173.0,126.0,14440.0
659,71,3.0,39.0,339.0,14440.0
434,939,7.0,318.0,191.0,14440.0
935,940,3.0,143.0,373.0,14440.0
652,704,1.0,40.0,134.0,14440.0
938,939,10.0,338.0,191.0,14440.0
939,940,7.0,191.0,373.0,14440.0
434,860,3.0,318.0,58.0,14440.0
434,465,7.0,318.0,61.0,14440.0
167,68,3.0,54.0,625.0,14440.0
434,86,1.0,318.0,30.0,14440.0
434,455,3.0,318.0,67.0,14440.0
434,453,2.0,318.0,126.0,14440.0
1097,41,2.0,79.0,53.0,14440.0
534,711,3.0,108.0,173.0,14440.0
1063,448,1.0,34.0,193.0,14440.0
486,71,1.0,747.0,339.0,14440.0
486,521,3.0,747.0,70.0,14440.0
486,546,3.0,747.0,41.0,14440.0
486,77,7.0,747.0,213.0,14440.0
451,486,5.0,69.0,747.0,14440.0
451,635,1.0,69.0,155.0,14440.0
486,635,6.0,747.0,155.0,14440.0
486,519,1.0,747.0,45.0,14440.0
1384,439,1.0,235.0,117.0,14440.0
1384,72,1.0,235.0,239.0,14440.0
1384,41,1.0,235.0,53.0,14440.0
634,84,1.0,129.0,39.0,14440.0
634,87,2.0,129.0,30.0,14440.0
1384,69,1.0,235.0,154.0,14440.0
1384,943,2.0,235.0,142.0,14440.0
1384,685,1.0,235.0,316.0,14440.0
1384,940,5.0,235.0,373.0,14440.0
1384,388,1.0,235.0,78.0,14440.0
634,987,2.0,129.0,86.0,14440.0
1252,71,2.0,32.0,339.0,14440.0
77,940,3.0,213.0,373.0,14440.0
704,940,4.0,134.0,373.0,14440.0
1341,141,1.0,111.0,213.0,14440.0
1341,1342,2.0,111.0,27.0,14440.0
1342,486,2.0,27.0,747.0,14440.0
41,74,1.0,53.0,47.0,14440.0
474,987,2.0,84.0,86.0,14440.0
141,938,3.0,213.0,338.0,14440.0
141,69,5.0,213.0,154.0,14440.0
141,940,9.0,213.0,373.0,14440.0
1827,375,3.0,82.0,173.0,14440.0
1827,450,3.0,82.0,88.0,14440.0
433,704,3.0,251.0,134.0,14440.0
433,68,19.0,251.0,625.0,14440.0
558,704,1.0,85.0,134.0,14440.0
558,940,3.0,85.0,373.0,14440.0
558,657,1.0,85.0,67.0,14440.0
433,76,1.0,251.0,61.0,14440.0
685,942,2.0,316.0,54.0,14440.0
433,439,3.0,251.0,117.0,14440.0
40,534,2.0,52.0,108.0,14440.0
40,634,1.0,52.0,129.0,14440.0
1214,360,1.0,85.0,152.0,14440.0
68,940,8.0,625.0,373.0,14440.0
31,450,2.0,102.0,88.0,14440.0
399,69,3.0,148.0,154.0,14440.0
208,209,3.0,54.0,48.0,14440.0
211,357,1.0,58.0,67.0,14440.0
1781,613,1.0,43.0,58.0,14440.0
375,421,2.0,173.0,116.0,14440.0
375,434,11.0,173.0,318.0,14440.0
375,450,12.0,173.0,88.0,14440.0
375,399,2.0,173.0,148.0,14440.0
453,71,4.0,126.0,339.0,14440.0
453,54,1.0,126.0,170.0,14440.0
453,68,2.0,126.0,625.0,14440.0
1200,69,2.0,62.0,154.0,14440.0
534,634,1.0,108.0,129.0,14440.0
453,77,10.0,126.0,213.0,14440.0
30,33,1.0,78.0,50.0,14440.0
635,692,3.0,155.0,103.0,14440.0
4,486,4.0,55.0,747.0,14440.0
4,546,1.0,55.0,41.0,14440.0
6,72,1.0,45.0,239.0,14440.0
1725,71,1.0,55.0,339.0,14440.0
77,935,1.0,213.0,143.0,14440.0
613,68,4.0,58.0,625.0,14440.0
613,685,1.0,58.0,316.0,14440.0
433,451,5.0,251.0,69.0,14440.0
520,521,3.0,61.0,70.0,14440.0
31,521,1.0,102.0,70.0,14440.0
521,69,2.0,70.0,154.0,14440.0
31,991,2.0,102.0,54.0,14440.0
448,940,3.0,193.0,373.0,14440.0
448,613,2.0,193.0,58.0,14440.0
1383,634,1.0,68.0,129.0,14440.0
448,72,8.0,193.0,239.0,14440.0
1215,41,1.0,103.0,53.0,14440.0
356,71,2.0,57.0,339.0,14440.0
356,69,2.0,57.0,154.0,14440.0
357,987,1.0,67.0,86.0,14440.0
407,938,2.0,100.0,338.0,14440.0
407,451,2.0,100.0,69.0,14440.0
407,68,3.0,100.0,625.0,14440.0
1874,455,1.0,36.0,67.0,14440.0
376,433,3.0,46.0,251.0,14440.0
373,692,3.0,113.0,103.0,14440.0
397,433,10.0,246.0,251.0,14440.0
397,486,12.0,246.0,747.0,14440.0
394,71,2.0,78.0,339.0,14440.0
394,450,2.0,78.0,88.0,14440.0
1332,1384,1.0,21.0,235.0,14440.0
394,72,1.0,78.0,239.0,14440.0
388,69,3.0,78.0,154.0,14440.0
388,399,6.0,78.0,148.0,14440.0
214,521,1.0,34.0,70.0,14440.0
214,486,2.0,34.0,747.0,14440.0
1687,861,2.0,75.0,144.0,14440.0
692,936,1.0,103.0,419.0,14440.0
692,704,3.0,103.0,134.0,14440.0
396,937,1.0,113.0,93.0,14440.0
71,86,1.0,339.0,30.0,14440.0
421,925,1.0,116.0,57.0,14440.0
935,936,6.0,143.0,419.0,14440.0
659,87,2.0,39.0,30.0,14440.0
3,486,10.0,94.0,747.0,14440.0
434,77,1.0,318.0,213.0,14440.0
434,486,1.0,318.0,747.0,14440.0
1452,685,1.0,40.0,316.0,14440.0
659,941,1.0,39.0,243.0,14440.0
3,421,3.0,94.0,116.0,14440.0
2,936,9.0,173.0,419.0,14440.0
633,68,2.0,28.0,625.0,14440.0
1384,486,7.0,235.0,747.0,14440.0
1384,1874,1.0,235.0,36.0,14440.0
1384,434,4.0,235.0,318.0,14440.0
1384,939,1.0,235.0,191.0,14440.0
1384,360,2.0,235.0,152.0,14440.0
1384,77,2.0,235.0,213.0,14440.0
1384,456,5.0,235.0,79.0,14440.0
439,659,1.0,117.0,39.0,14440.0
1341,71,2.0,111.0,339.0,14440.0
41,861,1.0,53.0,144.0,14440.0
382,433,7.0,87.0,251.0,14440.0
382,68,8.0,87.0,625.0,14440.0
474,71,1.0,84.0,339.0,14440.0
382,397,6.0,87.0,246.0,14440.0
141,3,4.0,213.0,94.0,14440.0
141,421,5.0,213.0,116.0,14440.0
474,558,1.0,84.0,85.0,14440.0
1292,433,2.0,44.0,251.0,14440.0
1827,692,1.0,82.0,103.0,14440.0
1827,936,2.0,82.0,419.0,14440.0
465,938,5.0,61.0,338.0,14440.0
465,939,1.0,61.0,191.0,14440.0
54,71,4.0,170.0,339.0,14440.0
54,86,1.0,170.0,30.0,14440.0
685,861,4.0,316.0,144.0,14440.0
37,434,3.0,30.0,318.0,14440.0
399,72,6.0,148.0,239.0,14440.0
375,407,3.0,173.0,100.0,14440.0
375,941,3.0,173.0,243.0,14440.0
453,685,2.0,126.0,316.0,14440.0
6,68,2.0,45.0,625.0,14440.0
4,474,2.0,55.0,84.0,14440.0
77,938,4.0,213.0,338.0,14440.0
613,72,2.0,58.0,239.0,14440.0
450,72,2.0,88.0,239.0,14440.0
1639,68,1.0,35.0,625.0,14440.0
1383,5,1.0,68.0,48.0,14440.0
448,635,3.0,193.0,155.0,14440.0
407,692,2.0,100.0,103.0,14440.0
407,704,3.0,100.0,134.0,14440.0
72,938,3.0,239.0,338.0,14440.0
72,936,3.0,239.0,419.0,14440.0
1129,397,1.0,27.0,246.0,14440.0
397,925,4.0,246.0,57.0,14440.0
394,940,2.0,78.0,373.0,14440.0
455,457,3.0,67.0,100.0,14440.0
214,711,1.0,34.0,173.0,14440.0
214,382,1.0,34.0,87.0,14440.0
214,455,2.0,34.0,67.0,14440.0
31,396,1.0,102.0,113.0,14440.0
1060,73,2.0,28.0,44.0,14440.0
167,76,1.0,54.0,61.0,14440.0
1687,936,4.0,75.0,419.0,14440.0
1097,2,3.0,79.0,173.0,14440.0
1097,1215,1.0,79.0,103.0,14440.0
474,68,2.0,84.0,625.0,14440.0
424,68,1.0,67.0,625.0,14440.0
652,84,1.0,40.0,39.0,14440.0
434,448,7.0,318.0,193.0,14440.0
166,68,3.0,76.0,625.0,14440.0
396,71,4.0,113.0,339.0,14440.0
396,940,1.0,113.0,373.0,14440.0
396,399,1.0,113.0,148.0,14440.0
2,940,3.0,173.0,373.0,14440.0
2,486,13.0,173.0,747.0,14440.0
2,407,3.0,173.0,100.0,14440.0
421,448,6.0,116.0,193.0,14440.0
421,521,2.0,116.0,70.0,14440.0
634,944,1.0,129.0,81.0,14440.0
634,860,1.0,129.0,58.0,14440.0
1342,434,2.0,27.0,318.0,14440.0
1342,448,1.0,27.0,193.0,14440.0
1341,1725,1.0,111.0,55.0,14440.0
704,938,2.0,134.0,338.0,14440.0
433,534,3.0,251.0,108.0,14440.0
141,925,1.0,213.0,57.0,14440.0
1215,2,1.0,103.0,173.0,14440.0
1215,939,1.0,103.0,191.0,14440.0
1215,938,2.0,103.0,338.0,14440.0
141,453,23.0,213.0,126.0,14440.0
1215,685,5.0,103.0,316.0,14440.0
1451,534,1.0,29.0,108.0,14440.0
1451,433,1.0,29.0,251.0,14440.0
1451,397,2.0,29.0,246.0,14440.0
390,991,1.0,66.0,54.0,14440.0
1384,71,4.0,235.0,339.0,14440.0
1384,208,2.0,235.0,54.0,14440.0
1384,1671,1.0,235.0,24.0,14440.0
1384,334,1.0,235.0,46.0,14440.0
1384,211,1.0,235.0,58.0,14440.0
1384,375,2.0,235.0,173.0,14440.0
360,634,4.0,152.0,129.0,14440.0
30,991,1.0,78.0,54.0,14440.0
465,940,2.0,61.0,373.0,14440.0
457,944,1.0,100.0,81.0,14440.0
1220,659,1.0,18.0,39.0,14440.0
1220,457,1.0,18.0,100.0,14440.0
558,77,3.0,85.0,213.0,14440.0
407,465,1.0,100.0,61.0,14440.0
399,76,1.0,148.0,61.0,14440.0
399,546,1.0,148.0,41.0,14440.0
399,711,7.0,148.0,173.0,14440.0
1214,634,1.0,85.0,129.0,14440.0
1214,421,3.0,85.0,116.0,14440.0
1214,938,1.0,85.0,338.0,14440.0
399,861,2.0,148.0,144.0,14440.0
54,940,2.0,170.0,373.0,14440.0
210,448,1.0,56.0,193.0,14440.0
210,77,1.0,56.0,213.0,14440.0
1212,455,2.0,71.0,67.0,14440.0
211,860,1.0,58.0,58.0,14440.0
208,704,2.0,54.0,134.0,14440.0
208,635,2.0,54.0,155.0,14440.0
208,520,1.0,54.0,61.0,14440.0
210,652,1.0,56.0,40.0,14440.0
210,659,1.0,56.0,39.0,14440.0
1212,1671,1.0,71.0,24.0,14440.0
208,71,3.0,54.0,339.0,14440.0
208,334,1.0,54.0,46.0,14440.0
1249,523,1.0,25.0,69.0,14440.0
1249,521,1.0,25.0,70.0,14440.0
711,925,1.0,173.0,57.0,14440.0
474,659,1.0,84.0,39.0,14440.0
474,520,1.0,84.0,61.0,14440.0
635,704,3.0,155.0,134.0,14440.0
1200,77,2.0,62.0,213.0,14440.0
534,68,2.0,108.0,625.0,14440.0
5,941,1.0,48.0,243.0,14440.0
451,925,1.0,69.0,57.0,14440.0
546,711,1.0,41.0,173.0,14440.0
1205,1215,1.0,48.0,103.0,14440.0
1205,2,1.0,48.0,173.0,14440.0
685,692,10.0,316.0,103.0,14440.0
1252,399,2.0,32.0,148.0,14440.0
1252,450,2.0,32.0,88.0,14440.0
519,523,2.0,45.0,69.0,14440.0
68,944,2.0,625.0,81.0,14440.0
68,938,5.0,625.0,338.0,14440.0
448,77,7.0,193.0,213.0,14440.0
448,69,3.0,193.0,154.0,14440.0
448,521,3.0,193.0,70.0,14440.0
448,71,4.0,193.0,339.0,14440.0
1383,54,3.0,68.0,170.0,14440.0
402,925,1.0,167.0,57.0,14440.0
402,69,4.0,167.0,154.0,14440.0
399,521,1.0,148.0,70.0,14440.0
1105,141,1.0,26.0,213.0,14440.0
356,68,3.0,57.0,625.0,14440.0
397,44,2.0,246.0,101.0,14440.0
397,69,6.0,246.0,154.0,14440.0
397,439,1.0,246.0,117.0,14440.0
397,704,6.0,246.0,134.0,14440.0
397,692,3.0,246.0,103.0,14440.0
397,448,7.0,246.0,193.0,14440.0
397,685,6.0,246.0,316.0,14440.0
925,938,1.0,57.0,338.0,14440.0
1251,356,1.0,31.0,57.0,14440.0
30,397,3.0,78.0,246.0,14440.0
360,77,4.0,152.0,213.0,14440.0
434,940,4.0,318.0,373.0,14440.0
1097,938,1.0,79.0,338.0,14440.0
657,940,3.0,67.0,373.0,14440.0
433,711,7.0,251.0,173.0,14440.0
402,450,1.0,167.0,88.0,14440.0
211,520,1.0,58.0,61.0,14440.0
433,450,4.0,251.0,88.0,14440.0
68,77,3.0,625.0,213.0,14440.0
402,6,1.0,167.0,45.0,14440.0
1097,84,1.0,79.0,39.0,14440.0
360,421,3.0,152.0,116.0,14440.0
360,448,2.0,152.0,193.0,14440.0
434,87,3.0,318.0,30.0,14440.0
465,87,3.0,61.0,30.0,14440.0
1097,211,1.0,79.0,58.0,14440.0
1097,940,3.0,79.0,373.0,14440.0
375,613,1.0,173.0,58.0,14440.0
486,711,6.0,747.0,173.0,14440.0
448,534,1.0,193.0,108.0,14440.0
360,424,5.0,152.0,67.0,14440.0
685,704,5.0,316.0,134.0,14440.0
685,925,3.0,316.0,57.0,14440.0
457,486,1.0,100.0,747.0,14440.0
433,86,1.0,251.0,30.0,14440.0
1725,356,2.0,55.0,57.0,14440.0
1725,634,2.0,55.0,129.0,14440.0
685,935,5.0,316.0,143.0,14440.0
439,474,1.0,117.0,84.0,14440.0
486,925,2.0,747.0,57.0,14440.0
634,711,1.0,129.0,173.0,14440.0
402,861,1.0,167.0,144.0,14440.0
1384,987,2.0,235.0,86.0,14440.0
373,434,1.0,113.0,318.0,14440.0
376,448,2.0,46.0,193.0,14440.0
534,940,3.0,108.0,373.0,14440.0
209,30,2.0,48.0,78.0,14440.0
141,68,6.0,213.0,625.0,14440.0
141,402,1.0,213.0,167.0,14440.0
451,60,1.0,69.0,35.0,14440.0
1214,936,1.0,85.0,419.0,14440.0
940,941,2.0,373.0,243.0,14440.0
1292,84,1.0,44.0,39.0,14440.0
141,433,4.0,213.0,251.0,14440.0
141,450,1.0,213.0,88.0,14440.0
141,1872,1.0,213.0,50.0,14440.0
935,938,5.0,143.0,338.0,14440.0
141,939,3.0,213.0,191.0,14440.0
363,68,3.0,92.0,625.0,14440.0
1687,486,1.0,75.0,747.0,14440.0
1781,1827,2.0,43.0,82.0,14440.0
1687,941,7.0,75.0,243.0,14440.0
1200,657,2.0,62.0,67.0,14440.0
558,936,1.0,85.0,419.0,14440.0
5,71,1.0,48.0,339.0,14440.0
376,936,4.0,46.0,419.0,14440.0
30,943,1.0,78.0,142.0,14440.0
30,486,4.0,78.0,747.0,14440.0
704,925,2.0,134.0,57.0,14440.0
397,407,3.0,246.0,100.0,14440.0
1097,935,1.0,79.0,143.0,14440.0
1214,613,2.0,85.0,58.0,14440.0
523,987,1.0,69.0,86.0,14440.0
523,943,1.0,69.0,142.0,14440.0
451,69,1.0,69.0,154.0,14440.0
1205,685,1.0,48.0,316.0,14440.0
455,940,2.0,67.0,373.0,14440.0
925,944,1.0,57.0,81.0,14440.0
356,448,1.0,57.0,193.0,14440.0
357,634,2.0,67.0,129.0,14440.0
357,373,1.0,67.0,113.0,14440.0
357,711,1.0,67.0,173.0,14440.0
1292,1956,1.0,44.0,19.0,14440.0
1292,455,9.0,44.0,67.0,14440.0
424,72,2.0,67.0,239.0,14440.0
1097,390,1.0,79.0,66.0,14440.0
1097,860,2.0,79.0,58.0,14440.0
1097,1212,1.0,79.0,71.0,14440.0
1097,1383,1.0,79.0,68.0,14440.0
421,704,3.0,116.0,134.0,14440.0
421,73,2.0,116.0,44.0,14440.0
657,71,2.0,67.0,339.0,14440.0
657,936,1.0,67.0,419.0,14440.0
657,77,1.0,67.0,213.0,14440.0
434,941,9.0,318.0,243.0,14440.0
434,74,6.0,318.0,47.0,14440.0
434,704,1.0,318.0,134.0,14440.0
434,73,4.0,318.0,44.0,14440.0
332,434,4.0,34.0,318.0,14440.0
1451,1452,1.0,29.0,40.0,14440.0
390,860,1.0,66.0,58.0,14440.0
434,451,3.0,318.0,69.0,14440.0
434,635,3.0,318.0,155.0,14440.0
652,68,1.0,40.0,625.0,14440.0
434,652,1.0,318.0,40.0,14440.0
1451,394,2.0,29.0,78.0,14440.0
453,704,1.0,126.0,134.0,14440.0
451,72,3.0,69.0,239.0,14440.0
451,692,3.0,69.0,103.0,14440.0
451,941,1.0,69.0,243.0,14440.0
1384,402,3.0,235.0,167.0,14440.0
1384,448,1.0,235.0,193.0,14440.0
1384,1639,3.0,235.0,35.0,14440.0
31,5,2.0,102.0,48.0,14440.0
31,74,1.0,102.0,47.0,14440.0
474,941,5.0,84.0,243.0,14440.0
860,935,1.0,58.0,143.0,14440.0
486,704,5.0,747.0,134.0,14440.0
486,861,9.0,747.0,144.0,14440.0
1827,453,1.0,82.0,126.0,14440.0
1827,681,3.0,82.0,62.0,14440.0
1827,465,1.0,82.0,61.0,14440.0
1827,520,1.0,82.0,61.0,14440.0
1827,519,1.0,82.0,45.0,14440.0
360,76,2.0,152.0,61.0,14440.0
360,397,4.0,152.0,246.0,14440.0
433,486,13.0,251.0,747.0,14440.0
1212,363,1.0,71.0,92.0,14440.0
30,357,1.0,78.0,67.0,14440.0
30,84,1.0,78.0,39.0,14440.0
30,71,1.0,78.0,339.0,14440.0
33,40,1.0,50.0,52.0,14440.0
363,453,1.0,92.0,126.0,14440.0
399,433,12.0,148.0,251.0,14440.0
399,453,1.0,148.0,126.0,14440.0
399,439,2.0,148.0,117.0,14440.0
208,376,1.0,54.0,46.0,14440.0
210,943,1.0,56.0,142.0,14440.0
375,394,1.0,173.0,78.0,14440.0
1049,652,1.0,25.0,40.0,14440.0
1049,1251,1.0,25.0,31.0,14440.0
1049,68,2.0,25.0,625.0,14440.0
1219,60,3.0,24.0,35.0,14440.0
453,534,3.0,126.0,108.0,14440.0
1205,635,2.0,48.0,155.0,14440.0
1063,1383,1.0,34.0,68.0,14440.0
635,938,3.0,155.0,338.0,14440.0
1252,589,2.0,32.0,61.0,14440.0
1105,1129,1.0,26.0,27.0,14440.0
1670,40,1.0,56.0,52.0,14440.0
546,940,1.0,41.0,373.0,14440.0
546,704,3.0,41.0,134.0,14440.0
1639,421,1.0,35.0,116.0,14440.0
450,520,1.0,88.0,61.0,14440.0
519,69,1.0,45.0,154.0,14440.0
448,74,3.0,193.0,47.0,14440.0
1215,397,2.0,103.0,246.0,14440.0
1215,681,1.0,103.0,62.0,14440.0
402,71,3.0,167.0,339.0,14440.0
402,421,3.0,167.0,116.0,14440.0
2,861,3.0,173.0,144.0,14440.0
357,69,1.0,67.0,154.0,14440.0
2,71,2.0,173.0,339.0,14440.0
2,421,1.0,173.0,116.0,14440.0
1215,141,1.0,103.0,213.0,14440.0
397,652,1.0,246.0,40.0,14440.0
373,399,5.0,113.0,148.0,14440.0
373,448,3.0,113.0,193.0,14440.0
373,652,1.0,113.0,40.0,14440.0
72,941,1.0,239.0,243.0,14440.0
1251,1383,1.0,31.0,68.0,14440.0
397,77,7.0,246.0,213.0,14440.0
397,71,6.0,246.0,339.0,14440.0
1341,1660,1.0,111.0,48.0,14440.0
1341,68,3.0,111.0,625.0,14440.0
41,434,3.0,53.0,318.0,14440.0
448,451,1.0,193.0,69.0,14440.0
448,692,3.0,193.0,103.0,14440.0
448,486,7.0,193.0,747.0,14440.0
448,652,2.0,193.0,40.0,14440.0
1872,486,2.0,50.0,747.0,14440.0
1874,486,1.0,36.0,747.0,14440.0
1874,942,1.0,36.0,54.0,14440.0
1063,1384,1.0,34.0,235.0,14440.0
704,71,2.0,134.0,339.0,14440.0
704,73,1.0,134.0,44.0,14440.0
424,635,1.0,67.0,155.0,14440.0
71,73,7.0,339.0,44.0,14440.0
1956,448,1.0,19.0,193.0,14440.0
1956,72,1.0,19.0,239.0,14440.0
1660,399,1.0,48.0,148.0,14440.0
1827,685,2.0,82.0,316.0,14440.0
1671,424,1.0,24.0,67.0,14440.0
1671,685,1.0,24.0,316.0,14440.0
1671,936,1.0,24.0,419.0,14440.0
1097,704,1.0,79.0,134.0,14440.0
421,424,3.0,116.0,67.0,14440.0
434,692,1.0,318.0,103.0,14440.0
434,67,1.0,318.0,39.0,14440.0
1451,685,1.0,29.0,316.0,14440.0
1451,211,2.0,29.0,58.0,14440.0
1159,433,1.0,47.0,251.0,14440.0
451,71,3.0,69.0,339.0,14440.0
1384,861,2.0,235.0,144.0,14440.0
31,657,1.0,102.0,67.0,14440.0
31,486,2.0,102.0,747.0,14440.0
31,433,1.0,102.0,251.0,14440.0
31,861,2.0,102.0,144.0,14440.0
31,356,1.0,102.0,57.0,14440.0
31,85,1.0,102.0,32.0,14440.0
860,941,1.0,58.0,243.0,14440.0
141,77,15.0,213.0,213.0,14440.0
486,5,2.0,747.0,48.0,14440.0
486,651,1.0,747.0,32.0,14440.0
434,936,4.0,318.0,419.0,14440.0
456,465,5.0,79.0,61.0,14440.0
465,85,2.0,61.0,32.0,14440.0
39,634,1.0,20.0,129.0,14440.0
433,634,1.0,251.0,129.0,14440.0
360,704,2.0,152.0,134.0,14440.0
360,474,1.0,152.0,84.0,14440.0
433,73,1.0,251.0,44.0,14440.0
30,44,2.0,78.0,101.0,14440.0
1220,71,7.0,18.0,339.0,14440.0
33,356,1.0,50.0,57.0,14440.0
1060,209,1.0,28.0,48.0,14440.0
1219,1874,1.0,24.0,36.0,14440.0
35,434,2.0,20.0,318.0,14440.0
4,73,1.0,55.0,44.0,14440.0
1214,407,1.0,85.0,100.0,14440.0
1214,937,1.0,85.0,93.0,14440.0
41,456,2.0,53.0,79.0,14440.0
68,991,3.0,625.0,54.0,14440.0
375,657,1.0,173.0,67.0,14440.0
1052,1251,1.0,28.0,31.0,14440.0
534,936,2.0,108.0,419.0,14440.0
1159,685,9.0,47.0,316.0,14440.0
1159,72,4.0,47.0,239.0,14440.0
1205,68,1.0,48.0,625.0,14440.0
1205,44,1.0,48.0,101.0,14440.0
1252,79,1.0,32.0,39.0,14440.0
60,652,1.0,35.0,40.0,14440.0
1670,685,3.0,56.0,316.0,14440.0
1670,635,1.0,56.0,155.0,14440.0
1670,68,1.0,56.0,625.0,14440.0
1670,2029,1.0,56.0,31.0,14440.0
1872,71,1.0,50.0,339.0,14440.0
450,634,1.0,88.0,129.0,14440.0
520,941,1.0,61.0,243.0,14440.0
520,937,1.0,61.0,93.0,14440.0
450,465,1.0,88.0,61.0,14440.0
450,456,1.0,88.0,79.0,14440.0
523,68,2.0,69.0,625.0,14440.0
67,71,4.0,39.0,339.0,14440.0
1383,1384,1.0,68.0,235.0,14440.0
1383,940,2.0,68.0,373.0,14440.0
1105,943,1.0,26.0,142.0,14440.0
3,69,2.0,94.0,154.0,14440.0
3,433,1.0,94.0,251.0,14440.0
936,940,5.0,419.0,373.0,14440.0
356,85,1.0,57.0,32.0,14440.0
356,523,1.0,57.0,69.0,14440.0
3,936,2.0,94.0,419.0,14440.0
407,942,1.0,100.0,54.0,14440.0
1874,214,1.0,36.0,34.0,14440.0
1215,935,2.0,103.0,143.0,14440.0
1384,936,3.0,235.0,419.0,14440.0
376,54,1.0,46.0,170.0,14440.0
397,635,3.0,246.0,155.0,14440.0
397,434,3.0,246.0,318.0,14440.0
388,402,5.0,78.0,167.0,14440.0
1332,486,2.0,21.0,747.0,14440.0
1342,457,1.0,27.0,100.0,14440.0
1342,54,1.0,27.0,170.0,14440.0
1342,210,1.0,27.0,56.0,14440.0
1342,71,2.0,27.0,339.0,14440.0
394,397,1.0,78.0,246.0,14440.0
54,60,1.0,170.0,35.0,14440.0
54,652,1.0,170.0,40.0,14440.0
424,54,2.0,67.0,170.0,14440.0
424,520,1.0,67.0,61.0,14440.0
1862,486,2.0,16.0,747.0,14440.0
2029,68,2.0,31.0,625.0,14440.0
2029,360,3.0,31.0,152.0,14440.0
2029,71,2.0,31.0,339.0,14440.0
2029,534,1.0,31.0,108.0,14440.0
363,692,1.0,92.0,103.0,14440.0
1687,635,1.0,75.0,155.0,14440.0
1097,1205,1.0,79.0,48.0,14440.0
388,711,3.0,78.0,173.0,14440.0
486,937,6.0,747.0,93.0,14440.0
434,861,2.0,318.0,144.0,14440.0
434,634,5.0,318.0,129.0,14440.0
634,935,1.0,129.0,143.0,14440.0
1781,448,4.0,43.0,193.0,14440.0
1341,363,1.0,111.0,92.0,14440.0
141,589,3.0,213.0,61.0,14440.0
382,451,5.0,87.0,69.0,14440.0
382,453,1.0,87.0,126.0,14440.0
657,72,1.0,67.0,239.0,14440.0
382,77,6.0,87.0,213.0,14440.0
1452,523,1.0,40.0,69.0,14440.0
439,936,1.0,117.0,419.0,14440.0
1063,1112,1.0,34.0,18.0,14440.0
382,402,2.0,87.0,167.0,14440.0
54,941,2.0,170.0,243.0,14440.0
54,692,1.0,170.0,103.0,14440.0
30,421,2.0,78.0,116.0,14440.0
1827,940,1.0,82.0,373.0,14440.0
1827,935,1.0,82.0,143.0,14440.0
1827,457,1.0,82.0,100.0,14440.0
1827,68,1.0,82.0,625.0,14440.0
1827,523,1.0,82.0,69.0,14440.0
456,943,1.0,79.0,142.0,14440.0
37,534,2.0,30.0,108.0,14440.0
1060,704,1.0,28.0,134.0,14440.0
1219,31,1.0,24.0,102.0,14440.0
1219,2,3.0,24.0,173.0,14440.0
35,860,1.0,20.0,58.0,14440.0
558,861,1.0,85.0,144.0,14440.0
1220,31,3.0,18.0,102.0,14440.0
1220,5,2.0,18.0,48.0,14440.0
1220,67,1.0,18.0,39.0,14440.0
407,456,1.0,100.0,79.0,14440.0
407,73,2.0,100.0,44.0,14440.0
407,60,2.0,100.0,35.0,14440.0
208,399,2.0,54.0,148.0,14440.0
210,635,5.0,56.0,155.0,14440.0
210,486,3.0,56.0,747.0,14440.0
208,659,1.0,54.0,39.0,14440.0
209,659,1.0,48.0,39.0,14440.0
209,54,1.0,48.0,170.0,14440.0
209,71,1.0,48.0,339.0,14440.0
363,54,2.0,92.0,170.0,14440.0
1252,659,1.0,32.0,39.0,14440.0
5,940,1.0,48.0,373.0,14440.0
613,711,1.0,58.0,173.0,14440.0
520,692,1.0,61.0,103.0,14440.0
520,704,2.0,61.0,134.0,14440.0
519,71,1.0,45.0,339.0,14440.0
521,534,1.0,70.0,108.0,14440.0
523,71,1.0,69.0,339.0,14440.0
521,692,1.0,70.0,103.0,14440.0
373,474,2.0,113.0,84.0,14440.0
373,635,1.0,113.0,155.0,14440.0
1215,448,3.0,103.0,193.0,14440.0
1129,388,1.0,27.0,78.0,14440.0
1129,692,1.0,27.0,103.0,14440.0
439,486,3.0,117.0,747.0,14440.0
439,519,1.0,117.0,45.0,14440.0
439,71,8.0,117.0,339.0,14440.0
439,991,1.0,117.0,54.0,14440.0
439,72,4.0,117.0,239.0,14440.0
448,685,2.0,193.0,316.0,14440.0
402,72,2.0,167.0,239.0,14440.0
402,474,2.0,167.0,84.0,14440.0
31,60,1.0,102.0,35.0,14440.0
31,941,1.0,102.0,243.0,14440.0
31,67,1.0,102.0,39.0,14440.0
71,72,11.0,339.0,239.0,14440.0
357,521,1.0,67.0,70.0,14440.0
357,520,1.0,67.0,61.0,14440.0
44,938,1.0,101.0,338.0,14440.0
44,940,1.0,101.0,373.0,14440.0
1251,439,1.0,31.0,117.0,14440.0
1251,214,2.0,31.0,34.0,14440.0
375,634,1.0,173.0,129.0,14440.0
375,935,1.0,173.0,143.0,14440.0
1956,633,1.0,19.0,28.0,14440.0
692,711,2.0,103.0,173.0,14440.0
692,77,2.0,103.0,213.0,14440.0
657,69,1.0,67.0,154.0,14440.0
2,935,3.0,173.0,143.0,14440.0
2,938,5.0,173.0,338.0,14440.0
2,434,2.0,173.0,318.0,14440.0
434,474,1.0,318.0,84.0,14440.0
390,84,1.0,66.0,39.0,14440.0
474,940,3.0,84.0,373.0,14440.0
396,434,4.0,113.0,318.0,14440.0
141,936,4.0,213.0,419.0,14440.0
141,360,1.0,213.0,152.0,14440.0
141,711,1.0,213.0,173.0,14440.0
141,534,4.0,213.0,108.0,14440.0
465,71,1.0,61.0,339.0,14440.0
456,71,2.0,79.0,339.0,14440.0
457,685,4.0,100.0,316.0,14440.0
1292,41,2.0,44.0,53.0,14440.0
456,84,1.0,79.0,39.0,14440.0
433,457,2.0,251.0,100.0,14440.0
433,546,1.0,251.0,41.0,14440.0
433,453,2.0,251.0,126.0,14440.0
54,861,2.0,170.0,144.0,14440.0
433,935,2.0,251.0,143.0,14440.0
433,940,2.0,251.0,373.0,14440.0
711,73,1.0,173.0,44.0,14440.0
711,939,2.0,173.0,191.0,14440.0
363,455,1.0,92.0,67.0,14440.0
363,72,3.0,92.0,239.0,14440.0
399,73,2.0,148.0,44.0,14440.0
208,465,1.0,54.0,61.0,14440.0
208,456,1.0,54.0,79.0,14440.0
210,434,2.0,56.0,318.0,14440.0
210,357,1.0,56.0,67.0,14440.0
375,936,1.0,173.0,419.0,14440.0
1049,634,2.0,25.0,129.0,14440.0
1049,940,1.0,25.0,373.0,14440.0
534,685,1.0,108.0,316.0,14440.0
1063,397,2.0,34.0,246.0,14440.0
1063,399,1.0,34.0,148.0,14440.0
1060,71,1.0,28.0,339.0,14440.0
1060,360,1.0,28.0,152.0,14440.0
4,71,1.0,55.0,339.0,14440.0
77,937,3.0,213.0,93.0,14440.0
520,87,1.0,61.0,30.0,14440.0
633,634,1.0,28.0,129.0,14440.0
1215,453,1.0,103.0,126.0,14440.0
373,456,1.0,113.0,79.0,14440.0
72,991,1.0,239.0,54.0,14440.0
397,399,1.0,246.0,148.0,14440.0
1342,68,1.0,27.0,625.0,14440.0
455,69,2.0,67.0,154.0,14440.0
388,448,3.0,78.0,193.0,14440.0
388,41,1.0,78.0,53.0,14440.0
394,448,6.0,78.0,193.0,14440.0
1670,474,2.0,56.0,84.0,14440.0
44,72,1.0,101.0,239.0,14440.0
681,940,1.0,62.0,373.0,14440.0
1872,356,1.0,50.0,57.0,14440.0
1872,455,1.0,50.0,67.0,14440.0
1872,457,1.0,50.0,100.0,14440.0
141,935,3.0,213.0,143.0,14440.0
68,939,2.0,625.0,191.0,14440.0
397,450,3.0,246.0,88.0,14440.0
397,657,2.0,246.0,67.0,14440.0
397,451,3.0,246.0,69.0,14440.0
397,634,1.0,246.0,129.0,14440.0
474,77,1.0,84.0,213.0,14440.0
360,71,3.0,152.0,339.0,14440.0
360,363,1.0,152.0,92.0,14440.0
360,711,5.0,152.0,173.0,14440.0
2029,363,1.0,31.0,92.0,14440.0
2029,373,2.0,31.0,113.0,14440.0
2029,711,1.0,31.0,173.0,14440.0
71,711,6.0,339.0,173.0,14440.0
363,71,2.0,92.0,339.0,14440.0
363,373,2.0,92.0,113.0,14440.0
363,711,2.0,92.0,173.0,14440.0
373,71,2.0,113.0,339.0,14440.0
373,711,3.0,113.0,173.0,14440.0
360,69,7.0,152.0,154.0,14440.0
1205,208,2.0,48.0,54.0,14440.0
363,448,1.0,92.0,193.0,14440.0
1292,685,1.0,44.0,316.0,14440.0
3,456,1.0,94.0,79.0,14440.0
1097,360,2.0,79.0,152.0,14440.0
1251,5,1.0,31.0,48.0,14440.0
399,450,3.0,148.0,88.0,14440.0
1097,937,1.0,79.0,93.0,14440.0
1687,943,3.0,75.0,142.0,14440.0
1383,434,1.0,68.0,318.0,14440.0
1383,936,3.0,68.0,419.0,14440.0
433,657,2.0,251.0,67.0,14440.0
44,635,5.0,101.0,155.0,14440.0
69,711,5.0,154.0,173.0,14440.0
363,450,1.0,92.0,88.0,14440.0
439,450,4.0,117.0,88.0,14440.0
373,77,3.0,113.0,213.0,14440.0
457,651,1.0,100.0,32.0,14440.0
1159,424,1.0,47.0,67.0,14440.0
1220,1383,1.0,18.0,68.0,14440.0
210,455,1.0,56.0,67.0,14440.0
141,558,2.0,213.0,85.0,14440.0
1252,685,1.0,32.0,316.0,14440.0
1252,936,1.0,32.0,419.0,14440.0
433,685,3.0,251.0,316.0,14440.0
1097,68,2.0,79.0,625.0,14440.0
1671,74,1.0,24.0,47.0,14440.0
1862,375,1.0,16.0,173.0,14440.0
1249,448,1.0,25.0,193.0,14440.0
373,396,2.0,113.0,113.0,14440.0
382,448,4.0,87.0,193.0,14440.0
448,657,2.0,193.0,67.0,14440.0
363,987,3.0,92.0,86.0,14440.0
382,704,3.0,87.0,134.0,14440.0
382,635,1.0,87.0,155.0,14440.0
210,942,1.0,56.0,54.0,14440.0
210,936,1.0,56.0,419.0,14440.0
208,941,1.0,54.0,243.0,14440.0
1200,987,1.0,62.0,86.0,14440.0
1052,681,1.0,28.0,62.0,14440.0
1052,634,2.0,28.0,129.0,14440.0
1215,486,4.0,103.0,747.0,14440.0
1052,402,1.0,28.0,167.0,14440.0
486,681,4.0,747.0,62.0,14440.0
486,692,4.0,747.0,103.0,14440.0
390,523,2.0,66.0,69.0,14440.0
211,44,3.0,58.0,101.0,14440.0
407,685,4.0,100.0,316.0,14440.0
434,943,4.0,318.0,142.0,14440.0
1097,210,1.0,79.0,56.0,14440.0
1097,363,2.0,79.0,92.0,14440.0
1097,356,1.0,79.0,57.0,14440.0
941,987,1.0,243.0,86.0,14440.0
376,938,1.0,46.0,338.0,14440.0
376,85,1.0,46.0,32.0,14440.0
67,68,2.0,39.0,625.0,14440.0
1215,711,3.0,103.0,173.0,14440.0
375,451,4.0,173.0,69.0,14440.0
1956,634,1.0,19.0,129.0,14440.0
1205,1214,1.0,48.0,85.0,14440.0
4,54,1.0,55.0,170.0,14440.0
407,71,5.0,100.0,339.0,14440.0
1451,634,1.0,29.0,129.0,14440.0
1451,73,1.0,29.0,44.0,14440.0
1097,465,1.0,79.0,61.0,14440.0
1097,77,1.0,79.0,213.0,14440.0
166,613,1.0,76.0,58.0,14440.0
35,394,1.0,20.0,78.0,14440.0
860,938,1.0,58.0,338.0,14440.0
1214,363,1.0,85.0,92.0,14440.0
40,402,1.0,52.0,167.0,14440.0
388,450,1.0,78.0,88.0,14440.0
54,987,2.0,170.0,86.0,14440.0
4,6,1.0,55.0,45.0,14440.0
1159,77,2.0,47.0,213.0,14440.0
1205,657,1.0,48.0,67.0,14440.0
1956,991,1.0,19.0,54.0,14440.0
2,456,1.0,173.0,79.0,14440.0
407,455,1.0,100.0,67.0,14440.0
1874,941,1.0,36.0,243.0,14440.0
457,54,2.0,100.0,170.0,14440.0
421,534,2.0,116.0,108.0,14440.0
1205,546,1.0,48.0,41.0,14440.0
2029,434,1.0,31.0,318.0,14440.0
2029,79,1.0,31.0,39.0,14440.0
214,31,1.0,34.0,102.0,14440.0
433,681,1.0,251.0,62.0,14440.0
375,692,3.0,173.0,103.0,14440.0
433,455,3.0,251.0,67.0,14440.0
1660,1781,1.0,48.0,43.0,14440.0
1384,465,3.0,235.0,61.0,14440.0
363,85,1.0,92.0,32.0,14440.0
519,521,1.0,45.0,70.0,14440.0
1670,76,1.0,56.0,61.0,14440.0
657,861,1.0,67.0,144.0,14440.0
434,942,1.0,318.0,54.0,14440.0
44,68,2.0,101.0,625.0,14440.0
44,455,2.0,101.0,67.0,14440.0
40,633,2.0,52.0,28.0,14440.0
692,937,1.0,103.0,93.0,14440.0
69,71,3.0,154.0,339.0,14440.0
1200,71,2.0,62.0,339.0,14440.0
1451,987,1.0,29.0,86.0,14440.0
711,85,1.0,173.0,32.0,14440.0
373,72,4.0,113.0,239.0,14440.0
421,54,1.0,116.0,170.0,14440.0
397,421,3.0,246.0,116.0,14440.0
407,486,5.0,100.0,747.0,14440.0
1205,474,1.0,48.0,84.0,14440.0
486,657,2.0,747.0,67.0,14440.0
69,943,2.0,154.0,142.0,14440.0
373,451,2.0,113.0,69.0,14440.0
2029,356,1.0,31.0,57.0,14440.0
448,85,1.0,193.0,32.0,14440.0
1249,942,3.0,25.0,54.0,14440.0
711,861,1.0,173.0,144.0,14440.0
711,77,3.0,173.0,213.0,14440.0
1872,861,1.0,50.0,144.0,14440.0
1872,711,1.0,50.0,173.0,14440.0
1872,77,1.0,50.0,213.0,14440.0
1200,534,1.0,62.0,108.0,14440.0
1200,30,2.0,62.0,78.0,14440.0
1200,44,1.0,62.0,101.0,14440.0
30,534,2.0,78.0,108.0,14440.0
388,433,4.0,78.0,251.0,14440.0
520,523,1.0,61.0,69.0,14440.0
363,434,2.0,92.0,318.0,14440.0
375,987,1.0,173.0,86.0,14440.0
396,457,1.0,113.0,100.0,14440.0
30,945,1.0,78.0,26.0,14440.0
399,402,3.0,148.0,167.0,14440.0
1687,987,1.0,75.0,86.0,14440.0
1200,651,3.0,62.0,32.0,14440.0
457,692,2.0,100.0,103.0,14440.0
457,71,2.0,100.0,339.0,14440.0
54,938,2.0,170.0,338.0,14440.0
399,589,1.0,148.0,61.0,14440.0
2,402,2.0,173.0,167.0,14440.0
3,5,4.0,94.0,48.0,14440.0
474,85,1.0,84.0,32.0,14440.0
41,448,2.0,53.0,193.0,14440.0
1200,685,1.0,62.0,316.0,14440.0
68,76,3.0,625.0,61.0,14440.0
434,439,2.0,318.0,117.0,14440.0
363,390,1.0,92.0,66.0,14440.0
71,991,3.0,339.0,54.0,14440.0
711,942,1.0,173.0,54.0,14440.0
1205,71,2.0,48.0,339.0,14440.0
1872,448,1.0,50.0,193.0,14440.0
1129,390,1.0,27.0,66.0,14440.0
424,69,1.0,67.0,154.0,14440.0
519,54,1.0,45.0,170.0,14440.0
1341,434,3.0,111.0,318.0,14440.0
465,534,2.0,61.0,108.0,14440.0
1384,5,2.0,235.0,48.0,14440.0
486,74,1.0,747.0,47.0,14440.0
1384,635,1.0,235.0,155.0,14440.0
943,944,1.0,142.0,81.0,14440.0
2,939,4.0,173.0,191.0,14440.0
1384,141,2.0,235.0,213.0,14440.0
44,6,1.0,101.0,45.0,14440.0
1384,1670,2.0,235.0,56.0,14440.0
402,448,5.0,167.0,193.0,14440.0
402,711,3.0,167.0,173.0,14440.0
399,534,2.0,148.0,108.0,14440.0
635,935,1.0,155.0,143.0,14440.0
1383,657,1.0,68.0,67.0,14440.0
486,634,3.0,747.0,129.0,14440.0
356,421,1.0,57.0,116.0,14440.0
1214,681,2.0,85.0,62.0,14440.0
376,382,1.0,46.0,87.0,14440.0
407,448,3.0,100.0,193.0,14440.0
635,711,1.0,155.0,173.0,14440.0
521,941,1.0,70.0,243.0,14440.0
1705,332,1.0,29.0,34.0,14440.0
1687,77,1.0,75.0,213.0,14440.0
31,363,2.0,102.0,92.0,14440.0
474,5,2.0,84.0,48.0,14440.0
1214,211,1.0,85.0,58.0,14440.0
209,634,1.0,48.0,129.0,14440.0
363,77,1.0,92.0,213.0,14440.0
1872,634,1.0,50.0,129.0,14440.0
3,439,1.0,94.0,117.0,14440.0
334,77,1.0,46.0,213.0,14440.0
334,360,1.0,46.0,152.0,14440.0
1212,521,2.0,71.0,70.0,14440.0
397,861,1.0,246.0,144.0,14440.0
685,940,4.0,316.0,373.0,14440.0
396,407,3.0,113.0,100.0,14440.0
407,940,1.0,100.0,373.0,14440.0
448,634,1.0,193.0,129.0,14440.0
166,334,2.0,76.0,46.0,14440.0
363,76,1.0,92.0,61.0,14440.0
1129,519,1.0,27.0,45.0,14440.0
1129,68,3.0,27.0,625.0,14440.0
519,68,1.0,45.0,625.0,14440.0
1862,44,1.0,16.0,101.0,14440.0
1097,486,1.0,79.0,747.0,14440.0
396,450,1.0,113.0,88.0,14440.0
474,936,2.0,84.0,419.0,14440.0
1781,937,2.0,43.0,93.0,14440.0
1781,939,1.0,43.0,191.0,14440.0
44,85,1.0,101.0,32.0,14440.0
44,558,1.0,101.0,85.0,14440.0
211,685,4.0,58.0,316.0,14440.0
4,421,2.0,55.0,116.0,14440.0
1725,44,1.0,55.0,101.0,14440.0
1725,54,1.0,55.0,170.0,14440.0
711,76,1.0,173.0,61.0,14440.0
360,394,2.0,152.0,78.0,14440.0
399,940,3.0,148.0,373.0,14440.0
534,938,1.0,108.0,338.0,14440.0
373,76,3.0,113.0,61.0,14440.0
1205,166,1.0,48.0,76.0,14440.0
166,85,1.0,76.0,32.0,14440.0
1049,943,1.0,25.0,142.0,14440.0
434,450,2.0,318.0,88.0,14440.0
448,76,2.0,193.0,61.0,14440.0
448,704,1.0,193.0,134.0,14440.0
2,72,2.0,173.0,239.0,14440.0
3,360,1.0,94.0,152.0,14440.0
357,939,1.0,67.0,191.0,14440.0
633,659,3.0,28.0,39.0,14440.0
1874,633,1.0,36.0,28.0,14440.0
67,76,1.0,39.0,61.0,14440.0
397,402,1.0,246.0,167.0,14440.0
373,486,2.0,113.0,747.0,14440.0
373,424,1.0,113.0,67.0,14440.0
521,76,1.0,70.0,61.0,14440.0
1872,925,1.0,50.0,57.0,14440.0
1660,434,2.0,48.0,318.0,14440.0
2020,31,1.0,13.0,102.0,14440.0
402,635,1.0,167.0,155.0,14440.0
1341,936,5.0,111.0,419.0,14440.0
1341,390,1.0,111.0,66.0,14440.0
33,71,1.0,50.0,339.0,14440.0
434,937,1.0,318.0,93.0,14440.0
1383,363,1.0,68.0,92.0,14440.0
357,474,1.0,67.0,84.0,14440.0
434,72,4.0,318.0,239.0,14440.0
1687,3,2.0,75.0,94.0,14440.0
465,861,1.0,61.0,144.0,14440.0
1827,402,1.0,82.0,167.0,14440.0
1827,486,2.0,82.0,747.0,14440.0
77,936,3.0,213.0,419.0,14440.0
376,711,1.0,46.0,173.0,14440.0
861,940,1.0,144.0,373.0,14440.0
861,936,5.0,144.0,419.0,14440.0
209,210,4.0,48.0,56.0,14440.0
424,453,1.0,67.0,126.0,14440.0
424,448,1.0,67.0,193.0,14440.0
424,704,1.0,67.0,134.0,14440.0
69,938,1.0,154.0,338.0,14440.0
1687,407,1.0,75.0,100.0,14440.0
1687,451,1.0,75.0,69.0,14440.0
1660,1827,1.0,48.0,82.0,14440.0
1687,4,1.0,75.0,55.0,14440.0
1660,860,1.0,48.0,58.0,14440.0
1660,519,1.0,48.0,45.0,14440.0
1687,613,1.0,75.0,58.0,14440.0
1097,457,2.0,79.0,100.0,14440.0
1097,692,1.0,79.0,103.0,14440.0
1660,657,2.0,48.0,67.0,14440.0
71,939,1.0,339.0,191.0,14440.0
71,77,7.0,339.0,213.0,14440.0
421,634,2.0,116.0,129.0,14440.0
421,546,1.0,116.0,41.0,14440.0
2,4,3.0,173.0,55.0,14440.0
434,613,1.0,318.0,58.0,14440.0
439,448,2.0,117.0,193.0,14440.0
439,68,4.0,117.0,625.0,14440.0
166,375,1.0,76.0,173.0,14440.0
2,41,2.0,173.0,53.0,14440.0
1452,991,1.0,40.0,54.0,14440.0
1451,208,1.0,29.0,54.0,14440.0
1063,407,4.0,34.0,100.0,14440.0
1063,1687,1.0,34.0,75.0,14440.0
1063,451,1.0,34.0,69.0,14440.0
451,659,1.0,69.0,39.0,14440.0
486,73,2.0,747.0,44.0,14440.0
1384,85,1.0,235.0,32.0,14440.0
634,941,1.0,129.0,243.0,14440.0
1384,73,1.0,235.0,44.0,14440.0
1384,407,1.0,235.0,100.0,14440.0
1384,397,5.0,235.0,246.0,14440.0
1384,1827,2.0,235.0,82.0,14440.0
1341,69,2.0,111.0,154.0,14440.0
1341,939,3.0,111.0,191.0,14440.0
1341,1687,1.0,111.0,75.0,14440.0
141,72,4.0,213.0,239.0,14440.0
141,407,2.0,213.0,100.0,14440.0
382,421,1.0,87.0,116.0,14440.0
382,399,5.0,87.0,148.0,14440.0
382,71,5.0,87.0,339.0,14440.0
141,6,1.0,213.0,45.0,14440.0
141,1781,1.0,213.0,43.0,14440.0
141,613,2.0,213.0,58.0,14440.0
474,939,1.0,84.0,191.0,14440.0
1292,1874,1.0,44.0,36.0,14440.0
456,860,1.0,79.0,58.0,14440.0
1827,634,1.0,82.0,129.0,14440.0
40,465,2.0,52.0,61.0,14440.0
399,860,1.0,148.0,58.0,14440.0
399,657,2.0,148.0,67.0,14440.0
1781,634,1.0,43.0,129.0,14440.0
210,402,2.0,56.0,167.0,14440.0
375,424,2.0,173.0,67.0,14440.0
375,521,2.0,173.0,70.0,14440.0
375,433,4.0,173.0,251.0,14440.0
534,71,4.0,108.0,339.0,14440.0
635,685,4.0,155.0,316.0,14440.0
635,71,2.0,155.0,339.0,14440.0
1063,457,1.0,34.0,100.0,14440.0
1063,1097,1.0,34.0,79.0,14440.0
635,860,1.0,155.0,58.0,14440.0
534,73,1.0,108.0,44.0,14440.0
1219,41,1.0,24.0,53.0,14440.0
1219,407,1.0,24.0,100.0,14440.0
6,938,1.0,45.0,338.0,14440.0
5,942,1.0,48.0,54.0,14440.0
5,861,1.0,48.0,144.0,14440.0
5,943,2.0,48.0,142.0,14440.0
77,939,3.0,213.0,191.0,14440.0
1639,519,2.0,35.0,45.0,14440.0
1639,455,2.0,35.0,67.0,14440.0
520,72,1.0,61.0,239.0,14440.0
450,534,1.0,88.0,108.0,14440.0
84,87,1.0,39.0,30.0,14440.0
1383,455,1.0,68.0,67.0,14440.0
1215,424,2.0,103.0,67.0,14440.0
711,935,1.0,173.0,143.0,14440.0
1105,1687,1.0,26.0,75.0,14440.0
1105,30,1.0,26.0,78.0,14440.0
407,72,1.0,100.0,239.0,14440.0
1874,692,1.0,36.0,103.0,14440.0
72,85,1.0,239.0,32.0,14440.0
455,519,1.0,67.0,45.0,14440.0
1332,474,1.0,21.0,84.0,14440.0
394,936,1.0,78.0,419.0,14440.0
394,434,2.0,78.0,318.0,14440.0
388,940,1.0,78.0,373.0,14440.0
455,945,1.0,67.0,26.0,14440.0
214,363,1.0,34.0,92.0,14440.0
424,935,1.0,67.0,143.0,14440.0
1687,6,1.0,75.0,45.0,14440.0
1687,938,1.0,75.0,338.0,14440.0
434,54,2.0,318.0,170.0,14440.0
651,659,1.0,32.0,39.0,14440.0
332,940,1.0,34.0,373.0,14440.0
936,987,1.0,419.0,86.0,14440.0
332,71,3.0,34.0,339.0,14440.0
3,938,3.0,94.0,338.0,14440.0
1097,659,1.0,79.0,39.0,14440.0
451,704,1.0,69.0,134.0,14440.0
1341,987,3.0,111.0,86.0,14440.0
1341,659,2.0,111.0,39.0,14440.0
141,376,1.0,213.0,46.0,14440.0
382,72,2.0,87.0,239.0,14440.0
1451,68,3.0,29.0,625.0,14440.0
360,939,1.0,152.0,191.0,14440.0
360,940,2.0,152.0,373.0,14440.0
360,681,2.0,152.0,62.0,14440.0
33,633,1.0,50.0,28.0,14440.0
33,68,1.0,50.0,625.0,14440.0
68,86,1.0,625.0,30.0,14440.0
363,375,1.0,92.0,173.0,14440.0
1249,44,2.0,25.0,101.0,14440.0
399,71,4.0,148.0,339.0,14440.0
209,486,1.0,48.0,747.0,14440.0
211,4,1.0,58.0,55.0,14440.0
375,396,1.0,173.0,113.0,14440.0
375,388,3.0,173.0,78.0,14440.0
1112,1129,1.0,18.0,27.0,14440.0
1112,397,1.0,18.0,246.0,14440.0
31,421,1.0,102.0,116.0,14440.0
31,71,1.0,102.0,339.0,14440.0
30,711,1.0,78.0,173.0,14440.0
30,685,2.0,78.0,316.0,14440.0
60,659,1.0,35.0,39.0,14440.0
450,71,4.0,88.0,339.0,14440.0
521,523,3.0,70.0,69.0,14440.0
31,520,1.0,102.0,61.0,14440.0
448,938,1.0,193.0,338.0,14440.0
448,936,1.0,193.0,419.0,14440.0
402,987,1.0,167.0,86.0,14440.0
1214,704,1.0,85.0,134.0,14440.0
1105,1215,1.0,26.0,103.0,14440.0
397,86,1.0,246.0,30.0,14440.0
397,938,1.0,246.0,338.0,14440.0
455,520,1.0,67.0,61.0,14440.0
44,79,2.0,101.0,39.0,14440.0
1097,944,1.0,79.0,81.0,14440.0
1097,394,1.0,79.0,78.0,14440.0
71,76,2.0,339.0,61.0,14440.0
434,534,4.0,318.0,108.0,14440.0
1660,940,1.0,48.0,373.0,14440.0
1670,938,1.0,56.0,338.0,14440.0
1670,434,2.0,56.0,318.0,14440.0
434,457,2.0,318.0,100.0,14440.0
434,944,1.0,318.0,81.0,14440.0
434,520,1.0,318.0,61.0,14440.0
166,167,1.0,76.0,54.0,14440.0
2,397,3.0,173.0,246.0,14440.0
166,685,1.0,76.0,316.0,14440.0
1671,208,1.0,24.0,54.0,14440.0
1671,334,1.0,24.0,46.0,14440.0
1671,211,1.0,24.0,58.0,14440.0
938,945,1.0,338.0,26.0,14440.0
1384,938,3.0,235.0,338.0,14440.0
421,433,4.0,116.0,251.0,14440.0
1781,71,3.0,43.0,339.0,14440.0
1781,434,1.0,43.0,318.0,14440.0
634,936,2.0,129.0,419.0,14440.0
1063,71,1.0,34.0,339.0,14440.0
1452,388,1.0,40.0,78.0,14440.0
1452,68,3.0,40.0,625.0,14440.0
1452,711,1.0,40.0,173.0,14440.0
1063,938,1.0,34.0,338.0,14440.0
439,704,1.0,117.0,134.0,14440.0
390,439,3.0,66.0,117.0,14440.0
439,940,1.0,117.0,373.0,14440.0
1341,1384,2.0,111.0,235.0,14440.0
382,54,2.0,87.0,170.0,14440.0
382,534,1.0,87.0,108.0,14440.0
360,375,1.0,152.0,173.0,14440.0
382,925,1.0,87.0,57.0,14440.0
382,44,1.0,87.0,101.0,14440.0
382,558,1.0,87.0,85.0,14440.0
1060,534,1.0,28.0,108.0,14440.0
1060,1219,2.0,28.0,24.0,14440.0
40,456,1.0,52.0,79.0,14440.0
558,991,1.0,85.0,54.0,14440.0
558,635,1.0,85.0,155.0,14440.0
68,692,3.0,625.0,103.0,14440.0
399,451,4.0,148.0,69.0,14440.0
208,68,1.0,54.0,625.0,14440.0
208,397,1.0,54.0,246.0,14440.0
1212,439,1.0,71.0,117.0,14440.0
1212,390,2.0,71.0,66.0,14440.0
1249,375,1.0,25.0,173.0,14440.0
37,633,1.0,30.0,28.0,14440.0
474,685,1.0,84.0,316.0,14440.0
453,589,1.0,126.0,61.0,14440.0
1052,1060,1.0,28.0,28.0,14440.0
77,991,1.0,213.0,54.0,14440.0
451,76,1.0,69.0,61.0,14440.0
1205,711,1.0,48.0,173.0,14440.0
1205,925,1.0,48.0,57.0,14440.0
521,68,1.0,70.0,625.0,14440.0
1383,943,1.0,68.0,142.0,14440.0
1383,72,1.0,68.0,239.0,14440.0
1383,407,1.0,68.0,100.0,14440.0
520,635,1.0,61.0,155.0,14440.0
1639,208,1.0,35.0,54.0,14440.0
1639,704,1.0,35.0,134.0,14440.0
1639,635,1.0,35.0,155.0,14440.0
1639,520,2.0,35.0,61.0,14440.0
1383,397,1.0,68.0,246.0,14440.0
1383,439,2.0,68.0,117.0,14440.0
1383,704,1.0,68.0,134.0,14440.0
925,937,1.0,57.0,93.0,14440.0
72,943,1.0,239.0,142.0,14440.0
397,521,1.0,246.0,70.0,14440.0
394,402,1.0,78.0,167.0,14440.0
1670,1687,1.0,56.0,75.0,14440.0
44,651,1.0,101.0,32.0,14440.0
332,375,2.0,34.0,173.0,14440.0
397,940,1.0,246.0,373.0,14440.0
2,448,2.0,173.0,193.0,14440.0
211,399,1.0,58.0,148.0,14440.0
211,711,1.0,58.0,173.0,14440.0
635,84,1.0,155.0,39.0,14440.0
375,397,4.0,173.0,246.0,14440.0
943,987,1.0,142.0,86.0,14440.0
376,486,2.0,46.0,747.0,14440.0
388,421,1.0,78.0,116.0,14440.0
1383,925,1.0,68.0,57.0,14440.0
373,634,1.0,113.0,129.0,14440.0
457,659,2.0,100.0,39.0,14440.0
1872,860,1.0,50.0,58.0,14440.0
402,407,3.0,167.0,100.0,14440.0
1384,3,1.0,235.0,94.0,14440.0
30,940,1.0,78.0,373.0,14440.0
1781,76,1.0,43.0,61.0,14440.0
1781,450,2.0,43.0,88.0,14440.0
356,450,1.0,57.0,88.0,14440.0
69,936,2.0,154.0,419.0,14440.0
519,558,2.0,45.0,85.0,14440.0
474,84,1.0,84.0,39.0,14440.0
421,613,1.0,116.0,58.0,14440.0
31,523,1.0,102.0,69.0,14440.0
31,987,1.0,102.0,86.0,14440.0
31,943,2.0,102.0,142.0,14440.0
357,71,1.0,67.0,339.0,14440.0
421,941,2.0,116.0,243.0,14440.0
534,704,1.0,108.0,134.0,14440.0
1341,861,1.0,111.0,144.0,14440.0
1052,652,2.0,28.0,40.0,14440.0
332,486,1.0,34.0,747.0,14440.0
424,71,3.0,67.0,339.0,14440.0
71,74,2.0,339.0,47.0,14440.0
71,84,1.0,339.0,39.0,14440.0
1660,433,1.0,48.0,251.0,14440.0
166,33,1.0,76.0,50.0,14440.0
1781,79,1.0,43.0,39.0,14440.0
1781,375,2.0,43.0,173.0,14440.0
167,558,1.0,54.0,85.0,14440.0
589,86,1.0,61.0,30.0,14440.0
1384,704,1.0,235.0,134.0,14440.0
1384,652,1.0,235.0,40.0,14440.0
704,941,2.0,134.0,243.0,14440.0
486,76,1.0,747.0,61.0,14440.0
141,2,2.0,213.0,173.0,14440.0
1827,363,1.0,82.0,92.0,14440.0
456,534,1.0,79.0,108.0,14440.0
558,943,3.0,85.0,142.0,14440.0
1212,860,1.0,71.0,58.0,14440.0
1212,1383,1.0,71.0,68.0,14440.0
363,546,1.0,92.0,41.0,14440.0
68,85,1.0,625.0,32.0,14440.0
399,613,2.0,148.0,58.0,14440.0
375,465,2.0,173.0,61.0,14440.0
375,456,2.0,173.0,79.0,14440.0
375,455,1.0,173.0,67.0,14440.0
375,534,1.0,173.0,108.0,14440.0
1220,74,1.0,18.0,47.0,14440.0
453,681,1.0,126.0,62.0,14440.0
453,939,1.0,126.0,191.0,14440.0
1200,402,1.0,62.0,167.0,14440.0
1687,1872,2.0,75.0,50.0,14440.0
1252,44,1.0,32.0,101.0,14440.0
4,68,2.0,55.0,625.0,14440.0
5,74,1.0,48.0,47.0,14440.0
1292,373,1.0,44.0,113.0,14440.0
1292,704,1.0,44.0,134.0,14440.0
1063,85,1.0,34.0,32.0,14440.0
450,936,1.0,88.0,419.0,14440.0
1639,860,1.0,35.0,58.0,14440.0
519,520,1.0,45.0,61.0,14440.0
448,474,2.0,193.0,84.0,14440.0
1383,84,2.0,68.0,39.0,14440.0
1383,390,1.0,68.0,66.0,14440.0
1383,860,2.0,68.0,58.0,14440.0
357,72,1.0,67.0,239.0,14440.0
407,945,1.0,100.0,26.0,14440.0
407,534,1.0,100.0,108.0,14440.0
407,433,2.0,100.0,251.0,14440.0
373,376,1.0,113.0,46.0,14440.0
373,704,2.0,113.0,134.0,14440.0
1341,30,1.0,111.0,78.0,14440.0
394,455,1.0,78.0,67.0,14440.0
33,448,1.0,50.0,193.0,14440.0
41,944,1.0,53.0,81.0,14440.0
141,448,1.0,213.0,193.0,14440.0
711,936,1.0,173.0,419.0,14440.0
4,5,2.0,55.0,48.0,14440.0
2020,407,1.0,13.0,100.0,14440.0
1827,71,1.0,82.0,339.0,14440.0
1097,936,1.0,79.0,419.0,14440.0
1097,397,1.0,79.0,246.0,14440.0
76,939,1.0,61.0,191.0,14440.0
1451,711,1.0,29.0,173.0,14440.0
167,1687,1.0,54.0,75.0,14440.0
167,54,1.0,54.0,170.0,14440.0
1781,2029,1.0,43.0,31.0,14440.0
1781,704,1.0,43.0,134.0,14440.0
651,69,1.0,32.0,154.0,14440.0
634,635,2.0,129.0,155.0,14440.0
634,71,2.0,129.0,339.0,14440.0
634,79,1.0,129.0,39.0,14440.0
31,84,1.0,102.0,39.0,14440.0
141,657,2.0,213.0,67.0,14440.0
141,375,2.0,213.0,173.0,14440.0
39,486,1.0,20.0,747.0,14440.0
39,407,1.0,20.0,100.0,14440.0
685,944,1.0,316.0,81.0,14440.0
360,4,1.0,152.0,55.0,14440.0
360,635,1.0,152.0,155.0,14440.0
37,692,1.0,30.0,103.0,14440.0
1219,2020,1.0,24.0,13.0,14440.0
1060,141,1.0,28.0,213.0,14440.0
1214,451,1.0,85.0,69.0,14440.0
1214,692,2.0,85.0,103.0,14440.0
1214,1332,1.0,85.0,21.0,14440.0
1249,534,2.0,25.0,108.0,14440.0
211,375,1.0,58.0,173.0,14440.0
1200,692,1.0,62.0,103.0,14440.0
2029,397,1.0,31.0,246.0,14440.0
1383,214,1.0,68.0,34.0,14440.0
1383,30,1.0,68.0,78.0,14440.0
1687,54,1.0,75.0,170.0,14440.0
1252,692,1.0,32.0,103.0,14440.0
1670,861,1.0,56.0,144.0,14440.0
520,54,1.0,61.0,170.0,14440.0
73,77,1.0,44.0,213.0,14440.0
1383,167,1.0,68.0,54.0,14440.0
1383,450,1.0,68.0,88.0,14440.0
1215,657,2.0,103.0,67.0,14440.0
1215,692,4.0,103.0,103.0,14440.0
1215,396,1.0,103.0,113.0,14440.0
1215,1342,1.0,103.0,27.0,14440.0
1215,457,1.0,103.0,100.0,14440.0
1215,54,1.0,103.0,170.0,14440.0
1215,210,1.0,103.0,56.0,14440.0
1341,31,2.0,111.0,102.0,14440.0
1341,657,2.0,111.0,67.0,14440.0
1341,433,2.0,111.0,251.0,14440.0
373,685,2.0,113.0,316.0,14440.0
72,77,1.0,239.0,213.0,14440.0
394,935,1.0,78.0,143.0,14440.0
376,534,1.0,46.0,108.0,14440.0
1129,613,1.0,27.0,58.0,14440.0
1384,634,1.0,235.0,129.0,14440.0
376,397,1.0,46.0,246.0,14440.0
376,451,1.0,46.0,69.0,14440.0
397,935,3.0,246.0,143.0,14440.0
397,455,1.0,246.0,67.0,14440.0
394,44,1.0,78.0,101.0,14440.0
44,67,1.0,101.0,39.0,14440.0
214,30,1.0,34.0,78.0,14440.0
692,72,4.0,103.0,239.0,14440.0
424,685,1.0,67.0,316.0,14440.0
424,433,1.0,67.0,251.0,14440.0
424,77,2.0,67.0,213.0,14440.0
424,73,1.0,67.0,44.0,14440.0
424,451,1.0,67.0,69.0,14440.0
2029,937,1.0,31.0,93.0,14440.0
2029,704,1.0,31.0,134.0,14440.0
2029,375,1.0,31.0,173.0,14440.0
1212,692,1.0,71.0,103.0,14440.0
1687,86,1.0,75.0,30.0,14440.0
1660,210,1.0,48.0,56.0,14440.0
388,692,2.0,78.0,103.0,14440.0
2,451,1.0,173.0,69.0,14440.0
685,76,1.0,316.0,61.0,14440.0
434,85,1.0,318.0,32.0,14440.0
434,523,1.0,318.0,69.0,14440.0
651,71,1.0,32.0,339.0,14440.0
2,558,2.0,173.0,85.0,14440.0
2,399,1.0,173.0,148.0,14440.0
2,685,1.0,173.0,316.0,14440.0
692,925,1.0,103.0,57.0,14440.0
451,77,4.0,69.0,213.0,14440.0
451,453,1.0,69.0,126.0,14440.0
1052,448,1.0,28.0,193.0,14440.0
141,166,1.0,213.0,76.0,14440.0
141,451,1.0,213.0,69.0,14440.0
141,943,1.0,213.0,142.0,14440.0
390,68,4.0,66.0,625.0,14440.0
456,73,1.0,79.0,44.0,14440.0
456,60,1.0,79.0,35.0,14440.0
30,448,1.0,78.0,193.0,14440.0
33,534,2.0,50.0,108.0,14440.0
37,375,1.0,30.0,173.0,14440.0
558,925,1.0,85.0,57.0,14440.0
558,685,1.0,85.0,316.0,14440.0
1220,35,1.0,18.0,20.0,14440.0
1220,860,1.0,18.0,58.0,14440.0
54,681,1.0,170.0,62.0,14440.0
399,558,1.0,148.0,85.0,14440.0
399,685,2.0,148.0,316.0,14440.0
211,448,1.0,58.0,193.0,14440.0
1212,1781,2.0,71.0,43.0,14440.0
208,938,1.0,54.0,338.0,14440.0
211,382,1.0,58.0,87.0,14440.0
211,71,2.0,58.0,339.0,14440.0
211,68,2.0,58.0,625.0,14440.0
375,69,1.0,173.0,154.0,14440.0
474,692,1.0,84.0,103.0,14440.0
474,635,1.0,84.0,155.0,14440.0
363,520,1.0,92.0,61.0,14440.0
1200,486,1.0,62.0,747.0,14440.0
1200,421,1.0,62.0,116.0,14440.0
1159,54,1.0,47.0,170.0,14440.0
1200,72,2.0,62.0,239.0,14440.0
861,991,1.0,144.0,54.0,14440.0
1159,71,1.0,47.0,339.0,14440.0
68,73,1.0,625.0,44.0,14440.0
1639,523,1.0,35.0,69.0,14440.0
520,940,1.0,61.0,373.0,14440.0
519,704,1.0,45.0,134.0,14440.0
1639,375,1.0,35.0,173.0,14440.0
1639,72,1.0,35.0,239.0,14440.0
1874,382,1.0,36.0,87.0,14440.0
1874,211,1.0,36.0,58.0,14440.0
1874,71,1.0,36.0,339.0,14440.0
1874,68,1.0,36.0,625.0,14440.0
40,711,1.0,52.0,173.0,14440.0
1215,1874,1.0,103.0,36.0,14440.0
1060,31,2.0,28.0,102.0,14440.0
373,457,1.0,113.0,100.0,14440.0
402,439,1.0,167.0,117.0,14440.0
71,861,1.0,339.0,144.0,14440.0
357,421,1.0,67.0,116.0,14440.0
397,534,1.0,246.0,108.0,14440.0
44,925,1.0,101.0,57.0,14440.0
465,685,1.0,61.0,316.0,14440.0
1251,486,1.0,31.0,747.0,14440.0
424,987,1.0,67.0,86.0,14440.0
657,711,1.0,67.0,173.0,14440.0
935,942,1.0,143.0,54.0,14440.0
935,937,1.0,143.0,93.0,14440.0
3,685,2.0,94.0,316.0,14440.0
1451,363,1.0,29.0,92.0,14440.0
1451,439,1.0,29.0,117.0,14440.0
451,474,1.0,69.0,84.0,14440.0
1384,68,3.0,235.0,625.0,14440.0
474,938,1.0,84.0,338.0,14440.0
474,861,1.0,84.0,144.0,14440.0
457,940,3.0,100.0,373.0,14440.0
456,457,4.0,79.0,100.0,14440.0
360,396,1.0,152.0,113.0,14440.0
360,402,3.0,152.0,167.0,14440.0
433,434,1.0,251.0,318.0,14440.0
363,394,1.0,92.0,78.0,14440.0
399,486,2.0,148.0,747.0,14440.0
399,935,1.0,148.0,143.0,14440.0
399,938,1.0,148.0,338.0,14440.0
208,448,2.0,54.0,193.0,14440.0
208,388,1.0,54.0,78.0,14440.0
208,41,1.0,54.0,53.0,14440.0
1781,360,2.0,43.0,152.0,14440.0
1220,434,1.0,18.0,318.0,14440.0
453,940,1.0,126.0,373.0,14440.0
1205,30,1.0,48.0,78.0,14440.0
382,394,1.0,87.0,78.0,14440.0
4,41,1.0,55.0,53.0,14440.0
457,465,2.0,100.0,61.0,14440.0
407,76,1.0,100.0,61.0,14440.0
31,534,3.0,102.0,108.0,14440.0
31,360,1.0,102.0,152.0,14440.0
450,523,1.0,88.0,69.0,14440.0
519,634,1.0,45.0,129.0,14440.0
519,633,1.0,45.0,28.0,14440.0
402,704,1.0,167.0,134.0,14440.0
2,208,1.0,173.0,54.0,14440.0
1105,634,1.0,26.0,129.0,14440.0
1105,633,1.0,26.0,28.0,14440.0
1105,519,1.0,26.0,45.0,14440.0
1874,651,1.0,36.0,32.0,14440.0
1215,44,1.0,103.0,101.0,14440.0
397,681,2.0,246.0,62.0,14440.0
1129,1214,1.0,27.0,85.0,14440.0
397,523,1.0,246.0,69.0,14440.0
1342,521,2.0,27.0,70.0,14440.0
141,37,1.0,213.0,30.0,14440.0
141,399,2.0,213.0,148.0,14440.0
141,73,1.0,213.0,44.0,14440.0
141,40,1.0,213.0,52.0,14440.0
704,77,1.0,134.0,213.0,14440.0
2,44,1.0,173.0,101.0,14440.0
451,634,1.0,69.0,129.0,14440.0
2029,72,1.0,31.0,239.0,14440.0
1060,652,1.0,28.0,40.0,14440.0
1214,1219,1.0,85.0,24.0,14440.0
1670,375,2.0,56.0,173.0,14440.0
1670,450,2.0,56.0,88.0,14440.0
41,685,2.0,53.0,316.0,14440.0
44,519,1.0,101.0,45.0,14440.0
2,937,1.0,173.0,93.0,14440.0
1827,434,1.0,82.0,318.0,14440.0
456,486,2.0,79.0,747.0,14440.0
1097,44,1.0,79.0,101.0,14440.0
450,991,1.0,88.0,54.0,14440.0
30,942,1.0,78.0,54.0,14440.0
167,439,1.0,54.0,117.0,14440.0
167,450,1.0,54.0,88.0,14440.0
167,375,2.0,54.0,173.0,14440.0
396,77,2.0,113.0,213.0,14440.0
1383,1872,3.0,68.0,50.0,14440.0
450,944,1.0,88.0,81.0,14440.0
1205,939,1.0,48.0,191.0,14440.0
1205,3,1.0,48.0,94.0,14440.0
3,939,1.0,94.0,191.0,14440.0
1212,861,1.0,71.0,144.0,14440.0
1292,457,2.0,44.0,100.0,14440.0
1781,486,1.0,43.0,747.0,14440.0
35,37,1.0,20.0,30.0,14440.0
1862,434,1.0,16.0,318.0,14440.0
860,943,1.0,58.0,142.0,14440.0
210,363,1.0,56.0,92.0,14440.0
210,356,1.0,56.0,57.0,14440.0
1383,388,1.0,68.0,78.0,14440.0
1862,936,1.0,16.0,419.0,14440.0
30,861,1.0,78.0,144.0,14440.0
685,69,1.0,316.0,154.0,14440.0
455,76,1.0,67.0,61.0,14440.0
613,987,1.0,58.0,86.0,14440.0
657,987,1.0,67.0,86.0,14440.0
407,861,1.0,100.0,144.0,14440.0
1112,39,1.0,18.0,20.0,14440.0
77,860,1.0,213.0,58.0,14440.0
1105,558,1.0,26.0,85.0,14440.0
67,74,2.0,39.0,47.0,14440.0
31,935,1.0,102.0,143.0,14440.0
72,937,1.0,239.0,93.0,14440.0
397,937,2.0,246.0,93.0,14440.0
465,486,2.0,61.0,747.0,14440.0
360,72,2.0,152.0,239.0,14440.0
360,486,1.0,152.0,747.0,14440.0
360,399,2.0,152.0,148.0,14440.0
208,210,2.0,54.0,56.0,14440.0
1384,633,2.0,235.0,28.0,14440.0
360,519,1.0,152.0,45.0,14440.0
1251,44,1.0,31.0,101.0,14440.0
1251,534,1.0,31.0,108.0,14440.0
399,77,3.0,148.0,213.0,14440.0
1671,433,1.0,24.0,251.0,14440.0
942,944,1.0,54.0,81.0,14440.0
4,944,1.0,55.0,81.0,14440.0
4,942,1.0,55.0,54.0,14440.0
1956,84,1.0,19.0,39.0,14440.0
1052,534,1.0,28.0,108.0,14440.0
455,68,1.0,67.0,625.0,14440.0
3,657,1.0,94.0,67.0,14440.0
33,938,1.0,50.0,338.0,14440.0
1670,936,3.0,56.0,419.0,14440.0
357,363,1.0,67.0,92.0,14440.0
1862,356,1.0,16.0,57.0,14440.0
1862,1956,1.0,16.0,19.0,14440.0
141,474,1.0,213.0,84.0,14440.0
486,652,1.0,747.0,40.0,14440.0
363,60,2.0,92.0,35.0,14440.0
208,474,1.0,54.0,84.0,14440.0
450,457,1.0,88.0,100.0,14440.0
394,534,1.0,78.0,108.0,14440.0
1639,685,1.0,35.0,316.0,14440.0
44,76,1.0,101.0,61.0,14440.0
1383,77,1.0,68.0,213.0,14440.0
77,861,1.0,213.0,144.0,14440.0
1249,1956,1.0,25.0,19.0,14440.0
1249,39,1.0,25.0,20.0,14440.0
558,941,1.0,85.0,243.0,14440.0
382,457,1.0,87.0,100.0,14440.0
382,396,1.0,87.0,113.0,14440.0
334,685,2.0,46.0,316.0,14440.0
334,72,1.0,46.0,239.0,14440.0
457,558,1.0,100.0,85.0,14440.0
382,685,1.0,87.0,316.0,14440.0
399,692,2.0,148.0,103.0,14440.0
1687,85,1.0,75.0,32.0,14440.0
166,486,2.0,76.0,747.0,14440.0
1725,943,2.0,55.0,142.0,14440.0
86,936,1.0,30.0,419.0,14440.0
448,67,1.0,193.0,39.0,14440.0
363,991,1.0,92.0,54.0,14440.0
363,424,2.0,92.0,67.0,14440.0
1383,44,1.0,68.0,101.0,14440.0
1383,74,1.0,68.0,47.0,14440.0
1725,942,1.0,55.0,54.0,14440.0
1725,711,1.0,55.0,173.0,14440.0
60,67,1.0,35.0,39.0,14440.0
67,69,1.0,39.0,154.0,14440.0
424,991,1.0,67.0,54.0,14440.0
1105,523,1.0,26.0,69.0,14440.0
1341,44,1.0,111.0,101.0,14440.0
1341,860,1.0,111.0,58.0,14440.0
1341,1383,1.0,111.0,68.0,14440.0
1341,74,1.0,111.0,47.0,14440.0
74,860,1.0,47.0,58.0,14440.0
1341,940,1.0,111.0,373.0,14440.0
373,402,1.0,113.0,167.0,14440.0
2,944,1.0,173.0,81.0,14440.0
399,434,1.0,148.0,318.0,14440.0
1384,399,1.0,235.0,148.0,14440.0
1384,31,1.0,235.0,102.0,14440.0
211,486,1.0,58.0,747.0,14440.0
1384,424,1.0,235.0,67.0,14440.0
211,373,1.0,58.0,113.0,14440.0
634,685,1.0,129.0,316.0,14440.0
394,486,2.0,78.0,747.0,14440.0
634,940,2.0,129.0,373.0,14440.0
31,44,1.0,102.0,101.0,14440.0
167,334,3.0,54.0,46.0,14440.0
1212,936,1.0,71.0,419.0,14440.0
1060,1874,1.0,28.0,36.0,14440.0
1725,2,1.0,55.0,173.0,14440.0
1660,363,1.0,48.0,92.0,14440.0
1660,685,1.0,48.0,316.0,14440.0
1105,71,1.0,26.0,339.0,14440.0
1105,521,1.0,26.0,70.0,14440.0
1214,523,1.0,85.0,69.0,14440.0
30,72,1.0,78.0,239.0,14440.0
390,421,2.0,66.0,116.0,14440.0
1052,1384,1.0,28.0,235.0,14440.0
141,635,1.0,213.0,155.0,14440.0
407,634,1.0,100.0,129.0,14440.0
685,74,1.0,316.0,47.0,14440.0
1781,396,1.0,43.0,113.0,14440.0
1781,711,2.0,43.0,173.0,14440.0
166,397,1.0,76.0,246.0,14440.0
71,937,1.0,339.0,93.0,14440.0
424,450,1.0,67.0,88.0,14440.0
439,76,1.0,117.0,61.0,14440.0
439,523,2.0,117.0,69.0,14440.0
1097,209,1.0,79.0,48.0,14440.0
657,68,4.0,67.0,625.0,14440.0
704,939,1.0,134.0,191.0,14440.0
1781,424,1.0,43.0,67.0,14440.0
451,711,1.0,69.0,173.0,14440.0
451,54,1.0,69.0,170.0,14440.0
860,939,1.0,58.0,191.0,14440.0
1725,861,1.0,55.0,144.0,14440.0
4,704,2.0,55.0,134.0,14440.0
1332,74,1.0,21.0,47.0,14440.0
1671,402,1.0,24.0,167.0,14440.0
211,396,2.0,58.0,113.0,14440.0
613,634,2.0,58.0,129.0,14440.0
3,935,2.0,94.0,143.0,14440.0
1129,30,1.0,27.0,78.0,14440.0
1660,456,1.0,48.0,79.0,14440.0
1251,474,1.0,31.0,84.0,14440.0
1341,937,1.0,111.0,93.0,14440.0
1341,1781,1.0,111.0,43.0,14440.0
31,434,1.0,102.0,318.0,14440.0
434,711,2.0,318.0,173.0,14440.0
54,936,1.0,170.0,419.0,14440.0
166,421,1.0,76.0,116.0,14440.0
546,685,2.0,41.0,316.0,14440.0
79,938,1.0,39.0,338.0,14440.0
210,69,1.0,56.0,154.0,14440.0
210,360,1.0,56.0,152.0,14440.0
1660,987,1.0,48.0,86.0,14440.0
433,943,1.0,251.0,142.0,14440.0
433,941,2.0,251.0,243.0,14440.0
421,451,1.0,116.0,69.0,14440.0
657,704,1.0,67.0,134.0,14440.0
396,935,1.0,113.0,143.0,14440.0
2,376,1.0,173.0,46.0,14440.0
434,69,2.0,318.0,154.0,14440.0
2,457,1.0,173.0,100.0,14440.0
439,635,1.0,117.0,155.0,14440.0
166,72,1.0,76.0,239.0,14440.0
1384,39,1.0,235.0,20.0,14440.0
1341,534,1.0,111.0,108.0,14440.0
382,711,2.0,87.0,173.0,14440.0
382,434,1.0,87.0,318.0,14440.0
457,860,1.0,100.0,58.0,14440.0
457,938,2.0,100.0,338.0,14440.0
360,692,1.0,152.0,103.0,14440.0
360,652,2.0,152.0,40.0,14440.0
1212,141,1.0,71.0,213.0,14440.0
1212,613,1.0,71.0,58.0,14440.0
40,71,1.0,52.0,339.0,14440.0
1214,424,1.0,85.0,67.0,14440.0
363,635,2.0,92.0,155.0,14440.0
399,421,1.0,148.0,116.0,14440.0
210,68,2.0,56.0,625.0,14440.0
210,31,1.0,56.0,102.0,14440.0
211,434,1.0,58.0,318.0,14440.0
209,991,1.0,48.0,54.0,14440.0
209,31,1.0,48.0,102.0,14440.0
211,30,1.0,58.0,78.0,14440.0
211,72,1.0,58.0,239.0,14440.0
211,474,1.0,58.0,84.0,14440.0
375,659,1.0,173.0,39.0,14440.0
1052,69,1.0,28.0,154.0,14440.0
1052,521,1.0,28.0,70.0,14440.0
1200,1383,1.0,62.0,68.0,14440.0
30,31,1.0,78.0,102.0,14440.0
30,521,1.0,78.0,70.0,14440.0
1159,945,1.0,47.0,26.0,14440.0
141,390,1.0,213.0,66.0,14440.0
1219,4,1.0,24.0,55.0,14440.0
1219,486,1.0,24.0,747.0,14440.0
1252,1872,1.0,32.0,50.0,14440.0
402,77,1.0,167.0,213.0,14440.0
1725,1827,1.0,55.0,82.0,14440.0
1725,935,1.0,55.0,143.0,14440.0
546,634,2.0,41.0,129.0,14440.0
31,704,1.0,102.0,134.0,14440.0
31,940,1.0,102.0,373.0,14440.0
519,860,1.0,45.0,58.0,14440.0
1383,938,1.0,68.0,338.0,14440.0
448,453,1.0,193.0,126.0,14440.0
448,935,1.0,193.0,143.0,14440.0
1105,941,1.0,26.0,243.0,14440.0
357,402,1.0,67.0,167.0,14440.0
407,41,1.0,100.0,53.0,14440.0
407,434,2.0,100.0,318.0,14440.0
214,434,1.0,34.0,318.0,14440.0
71,87,1.0,339.0,30.0,14440.0
396,633,1.0,113.0,28.0,14440.0
76,86,1.0,61.0,30.0,14440.0
2,439,1.0,173.0,117.0,14440.0
659,987,1.0,39.0,86.0,14440.0
2,941,1.0,173.0,243.0,14440.0
439,520,1.0,117.0,61.0,14440.0
439,455,1.0,117.0,67.0,14440.0
451,521,1.0,69.0,70.0,14440.0
41,659,1.0,53.0,39.0,14440.0
457,941,1.0,100.0,243.0,14440.0
465,987,1.0,61.0,86.0,14440.0
465,659,1.0,61.0,39.0,14440.0
54,68,1.0,170.0,625.0,14440.0
558,987,1.0,85.0,86.0,14440.0
1212,519,1.0,71.0,45.0,14440.0
211,421,1.0,58.0,116.0,14440.0
211,925,1.0,58.0,57.0,14440.0
1063,68,1.0,34.0,625.0,14440.0
1063,76,1.0,34.0,61.0,14440.0
1063,86,1.0,34.0,30.0,14440.0
1060,465,1.0,28.0,61.0,14440.0
5,79,1.0,48.0,39.0,14440.0
613,71,1.0,58.0,339.0,14440.0
448,941,2.0,193.0,243.0,14440.0
357,558,1.0,67.0,85.0,14440.0
72,861,2.0,239.0,144.0,14440.0
214,37,1.0,34.0,30.0,14440.0
455,71,1.0,67.0,339.0,14440.0
69,861,1.0,154.0,144.0,14440.0
1687,991,1.0,75.0,54.0,14440.0
938,944,1.0,338.0,81.0,14440.0
3,925,1.0,94.0,57.0,14440.0
651,652,2.0,32.0,40.0,14440.0
651,936,1.0,32.0,419.0,14440.0
652,936,1.0,40.0,419.0,14440.0
1341,685,1.0,111.0,316.0,14440.0
396,635,2.0,113.0,155.0,14440.0
704,936,1.0,134.0,419.0,14440.0
141,861,1.0,213.0,144.0,14440.0
141,941,1.0,213.0,243.0,14440.0
1451,69,1.0,29.0,154.0,14440.0
1451,448,1.0,29.0,193.0,14440.0
1451,521,1.0,29.0,70.0,14440.0
39,704,1.0,20.0,134.0,14440.0
1292,1342,1.0,44.0,27.0,14440.0
1827,589,1.0,82.0,61.0,14440.0
41,633,1.0,53.0,28.0,14440.0
54,943,1.0,170.0,142.0,14440.0
399,651,1.0,148.0,32.0,14440.0
399,44,1.0,148.0,101.0,14440.0
209,397,1.0,48.0,246.0,14440.0
209,44,1.0,48.0,101.0,14440.0
210,681,1.0,56.0,62.0,14440.0
210,54,2.0,56.0,170.0,14440.0
211,334,1.0,58.0,46.0,14440.0
208,375,1.0,54.0,173.0,14440.0
210,373,1.0,56.0,113.0,14440.0
534,54,1.0,108.0,170.0,14440.0
861,943,2.0,144.0,142.0,14440.0
1052,360,1.0,28.0,152.0,14440.0
1049,360,1.0,25.0,152.0,14440.0
1052,439,1.0,28.0,117.0,14440.0
1052,390,1.0,28.0,66.0,14440.0
1052,1212,1.0,28.0,71.0,14440.0
1725,211,1.0,55.0,58.0,14440.0
520,68,1.0,61.0,625.0,14440.0
373,390,1.0,113.0,66.0,14440.0
448,659,1.0,193.0,39.0,14440.0
402,558,1.0,167.0,85.0,14440.0
402,940,1.0,167.0,373.0,14440.0
397,558,1.0,246.0,85.0,14440.0
394,944,1.0,78.0,81.0,14440.0
4,434,1.0,55.0,318.0,14440.0
1097,657,1.0,79.0,67.0,14440.0
1383,141,1.0,68.0,213.0,14440.0
68,941,1.0,625.0,243.0,14440.0
394,77,1.0,78.0,213.0,14440.0
394,421,1.0,78.0,116.0,14440.0
375,711,1.0,173.0,173.0,14440.0
402,634,1.0,167.0,129.0,14440.0
68,925,1.0,625.0,57.0,14440.0
72,940,1.0,239.0,373.0,14440.0
634,938,1.0,129.0,338.0,14440.0
71,943,1.0,339.0,142.0,14440.0
363,439,1.0,92.0,117.0,14440.0
711,944,1.0,173.0,81.0,14440.0
1251,433,1.0,31.0,251.0,14440.0
1251,141,1.0,31.0,213.0,14440.0
1251,450,1.0,31.0,88.0,14440.0
1251,1872,1.0,31.0,50.0,14440.0
1872,433,1.0,50.0,251.0,14440.0
1872,450,1.0,50.0,88.0,14440.0
1252,486,1.0,32.0,747.0,14440.0
1827,635,1.0,82.0,155.0,14440.0
214,40,1.0,34.0,52.0,14440.0
30,523,2.0,78.0,69.0,14440.0
657,925,1.0,67.0,57.0,14440.0
40,68,1.0,52.0,625.0,14440.0
357,486,1.0,67.0,747.0,14440.0
334,450,1.0,46.0,88.0,14440.0
334,439,1.0,46.0,117.0,14440.0
407,925,1.0,100.0,57.0,14440.0
421,657,1.0,116.0,67.0,14440.0
5,935,1.0,48.0,143.0,14440.0
925,936,1.0,57.0,419.0,14440.0
30,424,1.0,78.0,67.0,14440.0
421,711,1.0,116.0,173.0,14440.0
1452,486,1.0,40.0,747.0,14440.0
166,1705,1.0,76.0,29.0,14440.0
652,77,1.0,40.0,213.0,14440.0
167,72,1.0,54.0,239.0,14440.0
1781,407,1.0,43.0,100.0,14440.0
451,456,1.0,69.0,79.0,14440.0
451,455,1.0,69.0,67.0,14440.0
451,534,1.0,69.0,108.0,14440.0
1384,558,1.0,235.0,85.0,14440.0
1384,451,1.0,235.0,69.0,14440.0
1384,433,1.0,235.0,251.0,14440.0
1384,534,4.0,235.0,108.0,14440.0
860,937,1.0,58.0,93.0,14440.0
141,704,2.0,213.0,134.0,14440.0
1292,486,2.0,44.0,747.0,14440.0
433,456,1.0,251.0,79.0,14440.0
35,76,1.0,20.0,61.0,14440.0
210,388,1.0,56.0,78.0,14440.0
1200,455,1.0,62.0,67.0,14440.0
1205,396,1.0,48.0,113.0,14440.0
1159,589,1.0,47.0,61.0,14440.0
1159,86,1.0,47.0,30.0,14440.0
520,651,1.0,61.0,32.0,14440.0
407,558,1.0,100.0,85.0,14440.0
373,937,1.0,113.0,93.0,14440.0
373,450,1.0,113.0,88.0,14440.0
373,941,1.0,113.0,243.0,14440.0
376,704,1.0,46.0,134.0,14440.0
1342,520,2.0,27.0,61.0,14440.0
388,635,1.0,78.0,155.0,14440.0
455,456,1.0,67.0,79.0,14440.0
455,534,1.0,67.0,108.0,14440.0
375,79,1.0,173.0,39.0,14440.0
37,67,1.0,30.0,39.0,14440.0
33,486,1.0,50.0,747.0,14440.0
33,397,1.0,50.0,246.0,14440.0
448,991,2.0,193.0,54.0,14440.0
141,373,1.0,213.0,113.0,14440.0
141,439,1.0,213.0,117.0,14440.0
30,439,1.0,78.0,117.0,14440.0
30,657,1.0,78.0,67.0,14440.0
6,936,1.0,45.0,419.0,14440.0
456,938,1.0,79.0,338.0,14440.0
1097,1671,1.0,79.0,24.0,14440.0
1097,424,1.0,79.0,67.0,14440.0
396,692,1.0,113.0,103.0,14440.0
396,486,1.0,113.0,747.0,14440.0
1781,439,1.0,43.0,117.0,14440.0
451,73,1.0,69.0,44.0,14440.0
31,938,1.0,102.0,338.0,14440.0
704,937,1.0,134.0,93.0,14440.0
474,634,1.0,84.0,129.0,14440.0
141,945,1.0,213.0,26.0,14440.0
1292,456,1.0,44.0,79.0,14440.0
1292,465,1.0,44.0,61.0,14440.0
456,635,2.0,79.0,155.0,14440.0
360,79,1.0,152.0,39.0,14440.0
433,939,1.0,251.0,191.0,14440.0
558,937,1.0,85.0,93.0,14440.0
30,456,1.0,78.0,79.0,14440.0
30,938,1.0,78.0,338.0,14440.0
30,356,1.0,78.0,57.0,14440.0
40,54,1.0,52.0,170.0,14440.0
40,936,1.0,52.0,419.0,14440.0
68,685,3.0,625.0,316.0,14440.0
399,941,1.0,148.0,243.0,14440.0
399,424,1.0,148.0,67.0,14440.0
399,652,1.0,148.0,40.0,14440.0
211,692,1.0,58.0,103.0,14440.0
208,434,2.0,54.0,318.0,14440.0
208,37,1.0,54.0,30.0,14440.0
208,692,1.0,54.0,103.0,14440.0
209,214,1.0,48.0,34.0,14440.0
210,457,1.0,56.0,100.0,14440.0
210,72,1.0,56.0,239.0,14440.0
209,72,1.0,48.0,239.0,14440.0
209,635,1.0,48.0,155.0,14440.0
209,356,1.0,48.0,57.0,14440.0
209,523,1.0,48.0,69.0,14440.0
375,73,1.0,173.0,44.0,14440.0
1670,72,1.0,56.0,239.0,14440.0
1872,943,1.0,50.0,142.0,14440.0
79,84,1.0,39.0,39.0,14440.0
85,87,1.0,32.0,30.0,14440.0
2,77,1.0,173.0,213.0,14440.0
937,941,1.0,93.0,243.0,14440.0
3,520,1.0,94.0,61.0,14440.0
3,941,1.0,94.0,243.0,14440.0
3,937,1.0,94.0,93.0,14440.0
357,424,1.0,67.0,67.0,14440.0
1215,2029,1.0,103.0,31.0,14440.0
1215,399,1.0,103.0,148.0,14440.0
373,54,1.0,113.0,170.0,14440.0
1384,457,1.0,235.0,100.0,14440.0
397,424,1.0,246.0,67.0,14440.0
394,987,1.0,78.0,86.0,14440.0
44,84,1.0,101.0,39.0,14440.0
214,433,1.0,34.0,251.0,14440.0
214,439,1.0,34.0,117.0,14440.0
2029,433,1.0,31.0,251.0,14440.0
1212,211,1.0,71.0,58.0,14440.0
363,613,1.0,92.0,58.0,14440.0
1687,31,1.0,75.0,102.0,14440.0
1097,941,1.0,79.0,243.0,14440.0
388,925,1.0,78.0,57.0,14440.0
334,382,1.0,46.0,87.0,14440.0
433,861,1.0,251.0,144.0,14440.0
382,935,1.0,87.0,143.0,14440.0
704,987,1.0,134.0,86.0,14440.0
2,31,1.0,173.0,102.0,14440.0
2,60,1.0,173.0,35.0,14440.0
382,861,1.0,87.0,144.0,14440.0
433,44,1.0,251.0,101.0,14440.0
456,940,1.0,79.0,373.0,14440.0
456,935,1.0,79.0,143.0,14440.0
457,935,1.0,100.0,143.0,14440.0
1827,474,2.0,82.0,84.0,14440.0
1292,474,1.0,44.0,84.0,14440.0
33,685,1.0,50.0,316.0,14440.0
33,41,1.0,50.0,53.0,14440.0
399,457,1.0,148.0,100.0,14440.0
211,87,1.0,58.0,30.0,14440.0
208,67,1.0,54.0,39.0,14440.0
208,439,1.0,54.0,117.0,14440.0
208,72,2.0,54.0,239.0,14440.0
60,73,1.0,35.0,44.0,14440.0
5,67,1.0,48.0,39.0,14440.0
74,77,1.0,47.0,213.0,14440.0
448,861,1.0,193.0,144.0,14440.0
1874,407,1.0,36.0,100.0,14440.0
1874,534,1.0,36.0,108.0,14440.0
1874,424,1.0,36.0,67.0,14440.0
448,558,1.0,193.0,85.0,14440.0
40,434,1.0,52.0,318.0,14440.0
71,941,2.0,339.0,243.0,14440.0
357,938,1.0,67.0,338.0,14440.0
357,434,1.0,67.0,318.0,14440.0
434,935,1.0,318.0,143.0,14440.0
375,520,1.0,173.0,61.0,14440.0
1660,936,1.0,48.0,419.0,14440.0
937,942,1.0,93.0,54.0,14440.0
76,944,1.0,61.0,81.0,14440.0
167,332,1.0,54.0,34.0,14440.0
141,208,1.0,213.0,54.0,14440.0
208,939,1.0,54.0,191.0,14440.0
589,936,1.0,61.0,419.0,14440.0
453,711,1.0,126.0,173.0,14440.0
1200,861,1.0,62.0,144.0,14440.0
450,704,1.0,88.0,134.0,14440.0
450,67,1.0,88.0,39.0,14440.0
402,681,1.0,167.0,62.0,14440.0
356,486,1.0,57.0,747.0,14440.0
1215,936,1.0,103.0,419.0,14440.0
1215,704,1.0,103.0,134.0,14440.0
72,939,1.0,239.0,191.0,14440.0
376,941,1.0,46.0,243.0,14440.0
141,486,1.0,213.0,747.0,14440.0
141,33,1.0,213.0,50.0,14440.0
141,692,1.0,213.0,103.0,14440.0
634,77,1.0,129.0,213.0,14440.0
634,681,1.0,129.0,62.0,14440.0
85,938,1.0,32.0,338.0,14440.0
390,69,1.0,66.0,154.0,14440.0
37,60,1.0,30.0,35.0,14440.0
356,382,1.0,57.0,87.0,14440.0
356,360,1.0,57.0,152.0,14440.0
356,397,1.0,57.0,246.0,14440.0
356,711,1.0,57.0,173.0,14440.0
30,936,1.0,78.0,419.0,14440.0
399,987,1.0,148.0,86.0,14440.0
1292,1827,1.0,44.0,82.0,14440.0
1112,1251,1.0,18.0,31.0,14440.0
523,991,1.0,69.0,54.0,14440.0
1215,861,1.0,103.0,144.0,14440.0
375,439,1.0,173.0,117.0,14440.0
521,77,1.0,70.0,213.0,14440.0
613,939,1.0,58.0,191.0,14440.0
1687,940,1.0,75.0,373.0,14440.0
390,397,1.0,66.0,246.0,14440.0
936,942,1.0,419.0,54.0,14440.0
1063,685,1.0,34.0,316.0,14440.0
356,635,1.0,57.0,155.0,14440.0
356,363,1.0,57.0,92.0,14440.0
1159,704,1.0,47.0,134.0,14440.0
