semana,canal,origem,uf,regiao,eh_extremo,pedidos,unidades,faturamento,faturamento_preco_cheio
2025-03-03,COM_NUTRICIONISTA,SEM_INFO,RJ,Sudeste,False,24.0,44.0,4132.47,4132.47
2025-03-17,COM_NUTRICIONISTA,SEM_INFO,RJ,Sudeste,False,24.0,47.0,5092.35,5092.35
2025-03-24,COM_NUTRICIONISTA,SEM_INFO,RJ,Sudeste,False,27.0,68.0,6295.6,6295.6
2025-03-31,COM_NUTRICIONISTA,SEM_INFO,SP,Sudeste,False,314.0,625.0,63592.92,63592.92
2025-02-24,COM_NUTRICIONISTA,SEM_INFO,RJ,Sudeste,False,20.0,32.0,2937.67,2937.67
2025-03-17,COM_NUTRICIONISTA,SEM_INFO,SP,Sudeste,False,283.0,534.0,53728.78,53728.78
2025-03-03,COM_NUTRICIONISTA,SEM_INFO,SP,Sudeste,False,287.0,606.0,61642.45,61642.45
2025-03-10,COM_NUTRICIONISTA,SEM_INFO,SP,Sudeste,False,309.0,596.0,59517.71,59517.71
2025-03-24,COM_NUTRICIONISTA,SEM_INFO,SP,Sudeste,False,302.0,602.0,53874.4,53874.4
2025-02-24,COM_NUTRICIONISTA,SEM_INFO,SP,Sudeste,False,259.0,514.0,53687.94,53687.94
2025-03-10,COM_NUTRICIONISTA,SEM_INFO,RJ,Sudeste,False,26.0,45.0,4221.65,4221.65
2025-03-31,COM_NUTRICIONISTA,SEM_INFO,RJ,Sudeste,False,34.0,71.0,7936.83,7936.83
2024-03-11,COM_NUTRICIONISTA,SEM_INFO,SP,Sudeste,False,5.0,10.0,1234.86,1234.86
2024-03-18,COM_NUTRICIONISTA,SEM_INFO,SP,Sudeste,False,3.0,3.0,465.28,465.28
2024-03-25,COM_NUTRICIONISTA,SEM_INFO,SP,Sudeste,False,2.0,2.0,318.01,318.01
2026-10-05,SEM_NUTRICIONISTA,SEM_INFO,RJ,Sudeste,False,1.0,10.0,339.7,430.0
2026-09-28,SEM_NUTRICIONISTA,1P,SP,Sudeste,False,64.0,116.0,13635.25,14796.4
2026-09-28,COM_NUTRICIONISTA,1P,SP,Sudeste,False,186.0,318.0,46774.25,49859.47
2026-10-05,SEM_NUTRICIONISTA,1P,SP,Sudeste,False,7.0,11.0,1324.26,1407.9
2026-10-05,SEM_NUTRICIONISTA,1P,RJ,Sudeste,False,1.0,1.0,175.99,194.9
2026-09-28,SEM_NUTRICIONISTA,3P,SP,Sudeste,False,48.0,119.0,8745.41,8840.96
2026-09-28,SEM_NUTRICIONISTA,SEM_INFO,RJ,Sudeste,False,1.0,13.0,306.16,344.7
2026-10-05,COM_NUTRICIONISTA,SEM_INFO,SP,Sudeste,False,38.0,89.0,10667.89,11269.1
2026-10-05,SEM_NUTRICIONISTA,SEM_INFO,SP,Sudeste,False,12.0,36.0,2817.11,2957.4
2026-10-05,COM_NUTRICIONISTA,1P,SP,Sudeste,False,36.0,59.0,7569.71,8114.1
2026-10-05,COM_NUTRICIONISTA,1P,RJ,Sudeste,False,6.0,10.0,1523.45,1649.0
2026-09-28,SEM_NUTRICIONISTA,3P,RJ,Sudeste,False,12.0,29.0,2598.44,2644.07
2026-09-28,COM_NUTRICIONISTA,3P,SP,Sudeste,False,118.0,235.0,24524.54,24817.94
2026-09-28,COM_NUTRICIONISTA,3P,RJ,Sudeste,False,8.0,14.0,1194.59,1194.59
2026-10-05,COM_NUTRICIONISTA,3P,SP,Sudeste,False,24.0,44.0,4441.41,4457.6
2026-10-05,SEM_NUTRICIONISTA,3P,SP,Sudeste,False,5.0,7.0,920.47,980.29
2026-10-05,COM_NUTRICIONISTA,3P,RJ,Sudeste,False,4.0,6.0,584.4,584.4
2024-08-12,COM_NUTRICIONISTA,SEM_INFO,SP,Sudeste,False,97.0,172.0,16270.6,16270.6
2024-07-29,COM_NUTRICIONISTA,SEM_INFO,SP,Sudeste,False,97.0,182.0,17495.05,17495.05
2024-08-05,COM_NUTRICIONISTA,SEM_INFO,SP,Sudeste,False,128.0,226.0,21964.38,21964.38
2024-08-19,COM_NUTRICIONISTA,SEM_INFO,SP,Sudeste,False,93.0,175.0,16913.14,16913.14
2024-08-26,COM_NUTRICIONISTA,SEM_INFO,SP,Sudeste,False,128.0,260.0,24304.97,24304.97
2025-05-26,COM_NUTRICIONISTA,SEM_INFO,SP,Sudeste,False,316.0,616.0,64260.42,64260.42
2025-04-28,COM_NUTRICIONISTA,SEM_INFO,RJ,Sudeste,False,30.0,61.0,6916.03,6916.03
2025-05-12,COM_NUTRICIONISTA,SEM_INFO,RJ,Sudeste,False,16.0,33.0,2785.48,2785.48
2025-05-05,COM_NUTRICIONISTA,SEM_INFO,SP,Sudeste,False,322.0,626.0,64351.21,64351.21
2025-05-12,COM_NUTRICIONISTA,SEM_INFO,SP,Sudeste,False,326.0,595.0,63530.23,63530.23
2025-05-19,COM_NUTRICIONISTA,SEM_INFO,SP,Sudeste,False,334.0,673.0,69859.37,69859.37
2025-04-28,COM_NUTRICIONISTA,SEM_INFO,SP,Sudeste,False,256.0,467.0,50484.1,50484.1
2025-05-05,COM_NUTRICIONISTA,SEM_INFO,RJ,Sudeste,False,29.0,48.0,5443.25,5443.25
2025-05-19,COM_NUTRICIONISTA,SEM_INFO,RJ,Sudeste,False,37.0,63.0,7271.65,7271.65
2025-05-26,COM_NUTRICIONISTA,SEM_INFO,RJ,Sudeste,False,24.0,37.0,3626.03,3626.03
2026-06-29,COM_NUTRICIONISTA,SEM_INFO,SP,Sudeste,False,1.0,2.0,273.98,273.98
2026-06-29,COM_NUTRICIONISTA,1P,RJ,Sudeste,False,4.0,5.0,995.77,995.77
2026-07-06,COM_NUTRICIONISTA,1P,SP,Sudeste,False,83.0,106.0,16398.19,16398.19
2026-07-13,COM_NUTRICIONISTA,1P,SP,Sudeste,False,104.0,134.0,20734.91,20734.91
2026-07-13,COM_NUTRICIONISTA,1P,RJ,Sudeste,False,16.0,21.0,3458.8,3458.8
2026-07-20,COM_NUTRICIONISTA,1P,SP,Sudeste,False,68.0,78.0,12024.81,12024.81
2026-06-29,COM_NUTRICIONISTA,3P,SP,Sudeste,False,193.0,390.0,43545.63,43545.63
2026-06-29,COM_NUTRICIONISTA,1P,SP,Sudeste,False,103.0,132.0,22488.48,22488.48
2026-07-06,COM_NUTRICIONISTA,1P,RJ,Sudeste,False,7.0,8.0,1222.56,1222.56
2026-07-20,COM_NUTRICIONISTA,1P,RJ,Sudeste,False,2.0,2.0,219.98,219.98
2026-07-27,COM_NUTRICIONISTA,1P,SP,Sudeste,False,106.0,149.0,20864.38,20864.38
2026-07-27,COM_NUTRICIONISTA,1P,RJ,Sudeste,False,10.0,16.0,2109.57,2109.57
2026-07-20,COM_NUTRICIONISTA,3P,SP,Sudeste,False,198.0,445.0,49097.41,49097.41
2026-06-29,COM_NUTRICIONISTA,3P,RJ,Sudeste,False,22.0,46.0,6411.12,6411.12
2026-07-06,COM_NUTRICIONISTA,3P,SP,Sudeste,False,168.0,329.0,41071.38,41071.38
2026-07-06,COM_NUTRICIONISTA,3P,RJ,Sudeste,False,16.0,27.0,3039.56,3039.56
2026-07-13,COM_NUTRICIONISTA,3P,SP,Sudeste,False,205.0,555.0,50942.22,50942.22
2026-07-13,COM_NUTRICIONISTA,3P,RJ,Sudeste,False,23.0,42.0,5634.33,5634.33
2026-07-20,COM_NUTRICIONISTA,3P,RJ,Sudeste,False,20.0,57.0,4803.66,4803.66
2026-07-27,COM_NUTRICIONISTA,3P,SP,Sudeste,False,238.0,525.0,56311.07,56311.07
2026-07-27,COM_NUTRICIONISTA,3P,RJ,Sudeste,False,25.0,40.0,5734.44,5734.44
2024-10-28,COM_NUTRICIONISTA,SEM_INFO,SP,Sudeste,False,168.0,345.0,34802.07,34802.07
2024-11-04,COM_NUTRICIONISTA,SEM_INFO,SP,Sudeste,False,196.0,387.0,35160.28,35160.28
2024-11-25,COM_NUTRICIONISTA,SEM_INFO,SP,Sudeste,False,194.0,425.0,41595.76,41595.76
2024-11-04,COM_NUTRICIONISTA,SEM_INFO,RJ,Sudeste,False,5.0,14.0,1733.06,1733.06
2024-11-25,COM_NUTRICIONISTA,SEM_INFO,RJ,Sudeste,False,15.0,34.0,2742.44,2742.44
2024-11-18,COM_NUTRICIONISTA,SEM_INFO,SP,Sudeste,False,166.0,352.0,35474.34,35474.34
2024-11-11,COM_NUTRICIONISTA,SEM_INFO,SP,Sudeste,False,174.0,320.0,30411.16,30411.16
2024-11-11,COM_NUTRICIONISTA,SEM_INFO,RJ,Sudeste,False,5.0,8.0,983.17,983.17
2024-11-18,COM_NUTRICIONISTA,SEM_INFO,RJ,Sudeste,False,7.0,15.0,1457.41,1457.41
2026-08-03,COM_NUTRICIONISTA,SEM_INFO,RJ,Sudeste,False,1.0,1.0,64.99,64.99
2026-08-24,COM_NUTRICIONISTA,SEM_INFO,SP,Sudeste,False,1.0,1.0,315.99,315.99
2026-08-03,COM_NUTRICIONISTA,1P,SP,Sudeste,False,140.0,203.0,26051.7,26051.7
2026-08-03,COM_NUTRICIONISTA,SEM_INFO,SP,Sudeste,False,2.0,2.0,279.98,279.98
2026-08-10,COM_NUTRICIONISTA,SEM_INFO,SP,Sudeste,False,1.0,2.0,299.8,299.8
2026-08-17,COM_NUTRICIONISTA,SEM_INFO,SP,Sudeste,False,6.0,14.0,2524.69,2524.69
2026-08-03,COM_NUTRICIONISTA,1P,RJ,Sudeste,False,13.0,22.0,2904.61,2904.61
2026-08-10,COM_NUTRICIONISTA,1P,RJ,Sudeste,False,11.0,16.0,2293.67,2293.67
2026-08-10,COM_NUTRICIONISTA,1P,SP,Sudeste,False,92.0,118.0,17367.82,17367.82
2026-08-31,COM_NUTRICIONISTA,1P,SP,Sudeste,False,157.0,249.0,36582.42,39762.1
2026-08-03,COM_NUTRICIONISTA,3P,SP,Sudeste,False,231.0,438.0,52443.29,52443.29
2026-08-10,COM_NUTRICIONISTA,3P,SP,Sudeste,False,213.0,436.0,49911.22,49911.22
2026-08-17,COM_NUTRICIONISTA,1P,SP,Sudeste,False,102.0,133.0,23917.02,23917.02
2026-08-17,COM_NUTRICIONISTA,1P,RJ,Sudeste,False,9.0,13.0,1935.88,1935.88
2026-08-24,COM_NUTRICIONISTA,1P,SP,Sudeste,False,153.0,231.0,35519.1,37746.17
2026-08-24,COM_NUTRICIONISTA,1P,RJ,Sudeste,False,13.0,18.0,2144.65,2305.2
2026-08-31,COM_NUTRICIONISTA,1P,RJ,Sudeste,False,13.0,20.0,2649.17,2998.0
2026-08-03,COM_NUTRICIONISTA,3P,RJ,Sudeste,False,17.0,52.0,3897.72,3897.72
2026-08-10,COM_NUTRICIONISTA,3P,RJ,Sudeste,False,21.0,89.0,5896.36,5896.36
2026-08-31,COM_NUTRICIONISTA,3P,SP,Sudeste,False,143.0,268.0,26636.35,26745.73
2026-08-31,SEM_NUTRICIONISTA,3P,SP,Sudeste,False,2.0,12.0,91.43,98.8
2026-08-17,COM_NUTRICIONISTA,3P,SP,Sudeste,False,145.0,244.0,27192.85,27192.85
2026-08-17,COM_NUTRICIONISTA,3P,RJ,Sudeste,False,14.0,28.0,3527.36,3527.36
2026-08-24,COM_NUTRICIONISTA,3P,SP,Sudeste,False,178.0,382.0,38648.22,39389.1
2026-08-24,COM_NUTRICIONISTA,3P,RJ,Sudeste,False,15.0,24.0,3424.05,3471.69
2025-12-08,COM_NUTRICIONISTA,SEM_INFO,SP,Sudeste,False,222.0,499.0,55270.62,55270.62
2025-12-15,COM_NUTRICIONISTA,SEM_INFO,RJ,Sudeste,False,12.0,26.0,3094.4,3094.4
2025-12-08,COM_NUTRICIONISTA,SEM_INFO,RJ,Sudeste,False,22.0,49.0,5959.05,5959.05
2025-12-01,COM_NUTRICIONISTA,SEM_INFO,SP,Sudeste,False,218.0,457.0,53575.75,53575.75
2025-12-15,COM_NUTRICIONISTA,SEM_INFO,SP,Sudeste,False,190.0,394.0,47616.55,47616.55
2025-12-01,COM_NUTRICIONISTA,SEM_INFO,RJ,Sudeste,False,24.0,41.0,5147.59,5147.59
2025-12-29,COM_NUTRICIONISTA,SEM_INFO,SP,Sudeste,False,129.0,302.0,39109.39,39109.39
2025-12-22,COM_NUTRICIONISTA,SEM_INFO,SP,Sudeste,False,96.0,213.0,25157.3,25157.3
2025-12-22,COM_NUTRICIONISTA,SEM_INFO,RJ,Sudeste,False,13.0,33.0,4452.8,4452.8
2025-12-29,COM_NUTRICIONISTA,SEM_INFO,RJ,Sudeste,False,20.0,56.0,5070.56,5070.56
2024-12-30,COM_NUTRICIONISTA,SEM_INFO,RJ,Sudeste,False,5.0,10.0,886.93,886.93
2025-01-20,COM_NUTRICIONISTA,SEM_INFO,SP,Sudeste,False,213.0,384.0,38588.08,38588.08
2024-12-30,COM_NUTRICIONISTA,SEM_INFO,SP,Sudeste,False,76.0,133.0,12622.1,12622.1
2025-01-06,COM_NUTRICIONISTA,SEM_INFO,SP,Sudeste,False,169.0,332.0,32356.35,32356.35
2025-01-06,COM_NUTRICIONISTA,SEM_INFO,RJ,Sudeste,False,11.0,16.0,1783.01,1783.01
2025-01-13,COM_NUTRICIONISTA,SEM_INFO,SP,Sudeste,False,211.0,391.0,39890.57,39890.57
2025-01-13,COM_NUTRICIONISTA,SEM_INFO,RJ,Sudeste,False,18.0,38.0,4191.81,4191.81
2025-01-20,COM_NUTRICIONISTA,SEM_INFO,RJ,Sudeste,False,15.0,30.0,2401.97,2401.97
2025-01-27,COM_NUTRICIONISTA,SEM_INFO,SP,Sudeste,False,237.0,470.0,45504.69,45504.69
2025-01-27,COM_NUTRICIONISTA,SEM_INFO,RJ,Sudeste,False,17.0,28.0,3002.16,3002.16
2026-06-08,COM_NUTRICIONISTA,1P,RJ,Sudeste,False,2.0,2.0,399.8,399.8
2026-06-22,COM_NUTRICIONISTA,1P,RJ,Sudeste,False,5.0,5.0,732.59,732.59
2026-06-08,COM_NUTRICIONISTA,SEM_INFO,SP,Sudeste,False,17.0,30.0,4168.19,4168.19
2026-06-15,COM_NUTRICIONISTA,SEM_INFO,SP,Sudeste,False,2.0,4.0,261.69,261.69
2026-06-01,COM_NUTRICIONISTA,1P,SP,Sudeste,False,21.0,24.0,2944.41,2944.41
2026-06-08,COM_NUTRICIONISTA,1P,SP,Sudeste,False,15.0,15.0,1518.5,1518.5
2026-06-15,COM_NUTRICIONISTA,1P,SP,Sudeste,False,6.0,8.0,1245.56,1245.56
2026-06-15,COM_NUTRICIONISTA,1P,RJ,Sudeste,False,2.0,2.0,142.89,142.89
2026-06-22,COM_NUTRICIONISTA,1P,SP,Sudeste,False,35.0,43.0,5607.23,5607.23
2026-06-01,COM_NUTRICIONISTA,3P,SP,Sudeste,False,206.0,494.0,57864.32,57864.32
2026-06-01,COM_NUTRICIONISTA,3P,RJ,Sudeste,False,24.0,48.0,6996.73,6996.73
2026-06-08,COM_NUTRICIONISTA,3P,RJ,Sudeste,False,18.0,35.0,4353.74,4353.74
2026-06-15,COM_NUTRICIONISTA,3P,SP,Sudeste,False,182.0,392.0,52277.07,52277.07
2026-06-22,COM_NUTRICIONISTA,3P,SP,Sudeste,False,183.0,401.0,48189.07,48189.07
2026-06-08,COM_NUTRICIONISTA,3P,SP,Sudeste,False,196.0,459.0,56247.36,56247.36
2026-06-15,COM_NUTRICIONISTA,3P,RJ,Sudeste,False,17.0,41.0,4478.17,4478.17
2026-06-22,COM_NUTRICIONISTA,3P,RJ,Sudeste,False,19.0,55.0,5659.86,5659.86
2024-09-23,COM_NUTRICIONISTA,SEM_INFO,SP,Sudeste,False,137.0,268.0,27338.41,27338.41
2024-09-30,COM_NUTRICIONISTA,SEM_INFO,SP,Sudeste,False,172.0,298.0,27983.03,27983.03
2024-09-30,COM_NUTRICIONISTA,SEM_INFO,RJ,Sudeste,False,5.0,8.0,656.88,656.88
2024-09-02,COM_NUTRICIONISTA,SEM_INFO,SP,Sudeste,False,135.0,257.0,27856.86,27856.86
2024-09-09,COM_NUTRICIONISTA,SEM_INFO,SP,Sudeste,False,168.0,319.0,30649.13,30649.13
2024-09-16,COM_NUTRICIONISTA,SEM_INFO,SP,Sudeste,False,155.0,289.0,25995.62,25995.62
2024-09-23,COM_NUTRICIONISTA,SEM_INFO,RJ,Sudeste,False,4.0,6.0,561.85,561.85
2025-09-29,COM_NUTRICIONISTA,SEM_INFO,SP,Sudeste,False,344.0,710.0,84665.09,84665.09
2025-10-06,COM_NUTRICIONISTA,SEM_INFO,SP,Sudeste,False,316.0,646.0,76387.66,76387.66
2025-10-20,COM_NUTRICIONISTA,SEM_INFO,SP,Sudeste,False,262.0,540.0,65701.25,65701.25
2025-09-29,COM_NUTRICIONISTA,SEM_INFO,RJ,Sudeste,False,26.0,46.0,4890.08,4890.08
2025-10-13,COM_NUTRICIONISTA,SEM_INFO,SP,Sudeste,False,307.0,628.0,75506.86,75506.86
2025-10-27,COM_NUTRICIONISTA,SEM_INFO,SP,Sudeste,False,297.0,615.0,73692.3,73692.3
2025-10-13,COM_NUTRICIONISTA,SEM_INFO,RJ,Sudeste,False,38.0,70.0,9125.4,9125.4
2025-10-06,COM_NUTRICIONISTA,SEM_INFO,RJ,Sudeste,False,46.0,86.0,11215.76,11215.76
2025-10-27,COM_NUTRICIONISTA,SEM_INFO,RJ,Sudeste,False,21.0,41.0,5043.06,5043.06
2025-10-20,COM_NUTRICIONISTA,SEM_INFO,RJ,Sudeste,False,19.0,41.0,4877.4,4877.4
2026-09-07,COM_NUTRICIONISTA,3P,SP,Sudeste,False,133.0,252.0,26752.07,26787.17
2026-09-21,COM_NUTRICIONISTA,3P,RJ,Sudeste,False,4.0,5.0,603.59,633.5
2026-09-14,COM_NUTRICIONISTA,1P,RJ,Sudeste,False,14.0,21.0,3345.44,3517.9
2026-08-31,SEM_NUTRICIONISTA,1P,SP,Sudeste,False,1.0,2.0,111.98,139.8
2026-09-21,SEM_NUTRICIONISTA,3P,SP,Sudeste,False,17.0,64.0,2544.58,2588.6
2026-08-31,COM_NUTRICIONISTA,3P,RJ,Sudeste,False,16.0,35.0,3233.59,3263.5
2026-09-07,COM_NUTRICIONISTA,1P,SP,Sudeste,False,162.0,254.0,36017.79,38278.78
2026-09-14,COM_NUTRICIONISTA,3P,SP,Sudeste,False,142.0,259.0,26604.15,27101.91
2026-09-14,COM_NUTRICIONISTA,1P,SP,Sudeste,False,153.0,253.0,34831.24,37009.05
2026-09-21,COM_NUTRICIONISTA,1P,SP,Sudeste,False,131.0,202.0,28561.82,29841.8
2026-09-21,SEM_NUTRICIONISTA,1P,SP,Sudeste,False,13.0,19.0,1967.64,2075.19
2026-09-14,COM_NUTRICIONISTA,SEM_INFO,SP,Sudeste,False,1.0,2.0,237.89,269.8
2026-09-21,COM_NUTRICIONISTA,3P,SP,Sudeste,False,111.0,221.0,22749.33,22987.44
2026-09-21,SEM_NUTRICIONISTA,3P,RJ,Sudeste,False,4.0,5.0,1159.5,1159.5
2026-09-07,COM_NUTRICIONISTA,3P,RJ,Sudeste,False,11.0,21.0,2647.45,2663.18
2026-09-14,COM_NUTRICIONISTA,3P,RJ,Sudeste,False,7.0,13.0,1738.87,1798.69
2026-09-28,SEM_NUTRICIONISTA,1P,RJ,Sudeste,False,11.0,25.0,2994.39,3368.5
2026-09-07,COM_NUTRICIONISTA,1P,RJ,Sudeste,False,15.0,24.0,2873.32,3116.6
2026-09-21,COM_NUTRICIONISTA,1P,RJ,Sudeste,False,9.0,12.0,1616.34,1768.8
2026-09-21,SEM_NUTRICIONISTA,1P,RJ,Sudeste,False,5.0,5.0,875.77,959.5
2025-04-07,COM_NUTRICIONISTA,SEM_INFO,SP,Sudeste,False,281.0,522.0,56060.09,56060.09
2025-04-07,COM_NUTRICIONISTA,SEM_INFO,RJ,Sudeste,False,38.0,77.0,7554.1,7554.1
2025-04-14,COM_NUTRICIONISTA,SEM_INFO,SP,Sudeste,False,237.0,484.0,52299.43,52299.43
2025-04-14,COM_NUTRICIONISTA,SEM_INFO,RJ,Sudeste,False,22.0,39.0,4586.31,4586.31
2025-04-21,COM_NUTRICIONISTA,SEM_INFO,SP,Sudeste,False,235.0,522.0,48593.88,48593.88
2025-04-21,COM_NUTRICIONISTA,SEM_INFO,RJ,Sudeste,False,21.0,54.0,5733.76,5733.76
2025-11-17,COM_NUTRICIONISTA,SEM_INFO,SP,Sudeste,False,238.0,531.0,57750.45,57750.45
2025-11-03,COM_NUTRICIONISTA,SEM_INFO,RJ,Sudeste,False,33.0,77.0,9512.92,9512.92
2025-11-24,COM_NUTRICIONISTA,SEM_INFO,RJ,Sudeste,False,24.0,81.0,6019.11,6019.11
2025-11-03,COM_NUTRICIONISTA,SEM_INFO,SP,Sudeste,False,287.0,548.0,65248.1,65248.1
2025-11-24,COM_NUTRICIONISTA,SEM_INFO,SP,Sudeste,False,263.0,613.0,63501.4,63501.4
2025-11-10,COM_NUTRICIONISTA,SEM_INFO,SP,Sudeste,False,310.0,597.0,71453.55,71453.55
2025-11-10,COM_NUTRICIONISTA,SEM_INFO,RJ,Sudeste,False,24.0,41.0,5027.0,5027.0
2025-11-17,COM_NUTRICIONISTA,SEM_INFO,RJ,Sudeste,False,27.0,53.0,6620.57,6620.57
2024-06-24,COM_NUTRICIONISTA,SEM_INFO,SP,Sudeste,False,107.0,195.0,19187.45,19187.45
2024-05-27,COM_NUTRICIONISTA,SEM_INFO,SP,Sudeste,False,45.0,65.0,6221.23,6221.23
2024-06-10,COM_NUTRICIONISTA,SEM_INFO,SP,Sudeste,False,73.0,120.0,12223.5,12223.5
2024-06-03,COM_NUTRICIONISTA,SEM_INFO,SP,Sudeste,False,64.0,127.0,12435.08,12435.08
2024-06-17,COM_NUTRICIONISTA,SEM_INFO,SP,Sudeste,False,81.0,139.0,14366.63,14366.63
2025-08-04,COM_NUTRICIONISTA,SEM_INFO,RJ,Sudeste,False,30.0,51.0,6380.28,6380.28
2025-08-25,COM_NUTRICIONISTA,SEM_INFO,SP,Sudeste,False,309.0,570.0,65264.51,65264.51
2025-08-25,COM_NUTRICIONISTA,SEM_INFO,RJ,Sudeste,False,28.0,46.0,5729.84,5729.84
2025-07-28,COM_NUTRICIONISTA,SEM_INFO,SP,Sudeste,False,285.0,550.0,63222.54,63222.54
2025-07-28,COM_NUTRICIONISTA,SEM_INFO,RJ,Sudeste,False,25.0,39.0,4703.7,4703.7
2025-08-04,COM_NUTRICIONISTA,SEM_INFO,SP,Sudeste,False,310.0,595.0,68772.95,68772.95
2025-08-11,COM_NUTRICIONISTA,SEM_INFO,SP,Sudeste,False,272.0,504.0,61296.89,61296.89
2025-08-11,COM_NUTRICIONISTA,SEM_INFO,RJ,Sudeste,False,24.0,40.0,5487.34,5487.34
2025-08-18,COM_NUTRICIONISTA,SEM_INFO,SP,Sudeste,False,286.0,542.0,60992.1,60992.1
2025-08-18,COM_NUTRICIONISTA,SEM_INFO,RJ,Sudeste,False,24.0,56.0,7448.81,7448.81
2026-04-27,COM_NUTRICIONISTA,SEM_INFO,SP,Sudeste,False,274.0,736.0,84854.33,84854.33
2026-04-27,COM_NUTRICIONISTA,SEM_INFO,RJ,Sudeste,False,22.0,39.0,5158.29,5158.29
2026-05-11,COM_NUTRICIONISTA,SEM_INFO,RJ,Sudeste,False,26.0,56.0,7808.95,7808.95
2026-05-11,COM_NUTRICIONISTA,SEM_INFO,SP,Sudeste,False,302.0,722.0,84466.97,84466.97
2026-05-04,COM_NUTRICIONISTA,SEM_INFO,SP,Sudeste,False,290.0,635.0,77803.54,77803.54
2026-05-04,COM_NUTRICIONISTA,SEM_INFO,RJ,Sudeste,False,33.0,73.0,8990.7,8990.7
2026-05-18,COM_NUTRICIONISTA,SEM_INFO,SP,Sudeste,False,56.0,162.0,16675.17,16675.17
2026-05-18,COM_NUTRICIONISTA,SEM_INFO,RJ,Sudeste,False,8.0,33.0,2784.1,2784.1
2026-05-18,COM_NUTRICIONISTA,3P,RJ,Sudeste,False,14.0,27.0,5029.51,5029.51
2026-05-25,COM_NUTRICIONISTA,1P,SP,Sudeste,False,20.0,22.0,2850.24,2850.24
2026-05-25,COM_NUTRICIONISTA,1P,RJ,Sudeste,False,2.0,2.0,224.98,224.98
2026-05-18,COM_NUTRICIONISTA,3P,SP,Sudeste,False,226.0,539.0,62720.12,62720.12
2026-05-25,COM_NUTRICIONISTA,3P,SP,Sudeste,False,257.0,596.0,69055.44,69055.44
2026-05-25,COM_NUTRICIONISTA,3P,RJ,Sudeste,False,23.0,52.0,6760.75,6760.75
2026-02-02,COM_NUTRICIONISTA,SEM_INFO,SP,Sudeste,False,255.0,546.0,68032.49,68032.49
2026-01-26,COM_NUTRICIONISTA,SEM_INFO,SP,Sudeste,False,276.0,667.0,80361.45,80361.45
2026-02-23,COM_NUTRICIONISTA,SEM_INFO,SP,Sudeste,False,303.0,741.0,85937.2,85937.2
2026-02-02,COM_NUTRICIONISTA,SEM_INFO,RJ,Sudeste,False,29.0,62.0,7055.57,7055.57
2026-02-09,COM_NUTRICIONISTA,SEM_INFO,SP,Sudeste,False,236.0,497.0,58446.88,58446.88
2026-02-16,COM_NUTRICIONISTA,SEM_INFO,SP,Sudeste,False,183.0,397.0,50063.01,50063.01
2026-02-23,COM_NUTRICIONISTA,SEM_INFO,RJ,Sudeste,False,19.0,47.0,5325.66,5325.66
2026-02-16,COM_NUTRICIONISTA,SEM_INFO,RJ,Sudeste,False,18.0,48.0,5350.14,5350.14
2026-02-09,COM_NUTRICIONISTA,SEM_INFO,RJ,Sudeste,False,19.0,34.0,3911.87,3911.87
2025-06-02,COM_NUTRICIONISTA,SEM_INFO,SP,Sudeste,False,330.0,669.0,68595.41,68595.41
2025-06-02,COM_NUTRICIONISTA,SEM_INFO,RJ,Sudeste,False,24.0,43.0,5741.12,5741.12
2025-06-09,COM_NUTRICIONISTA,SEM_INFO,SP,Sudeste,False,290.0,562.0,62544.57,62544.57
2025-06-09,COM_NUTRICIONISTA,SEM_INFO,RJ,Sudeste,False,27.0,43.0,5211.94,5211.94
2025-06-16,COM_NUTRICIONISTA,SEM_INFO,RJ,Sudeste,False,24.0,47.0,4491.67,4491.67
2025-06-23,COM_NUTRICIONISTA,SEM_INFO,SP,Sudeste,False,287.0,540.0,58154.46,58154.46
2025-06-16,COM_NUTRICIONISTA,SEM_INFO,SP,Sudeste,False,233.0,452.0,47991.87,47991.87
2025-06-23,COM_NUTRICIONISTA,SEM_INFO,RJ,Sudeste,False,18.0,33.0,3194.85,3194.85
2025-06-30,COM_NUTRICIONISTA,SEM_INFO,SP,Sudeste,False,297.0,604.0,66882.84,66882.84
2025-06-30,COM_NUTRICIONISTA,SEM_INFO,RJ,Sudeste,False,36.0,77.0,8527.08,8527.08
2026-03-16,COM_NUTRICIONISTA,SEM_INFO,SP,Sudeste,False,264.0,584.0,66276.88,66276.88
2026-03-30,COM_NUTRICIONISTA,SEM_INFO,RJ,Sudeste,False,33.0,77.0,8431.12,8431.12
2026-03-09,COM_NUTRICIONISTA,SEM_INFO,SP,Sudeste,False,267.0,567.0,65538.1,65538.1
2026-03-02,COM_NUTRICIONISTA,SEM_INFO,SP,Sudeste,False,329.0,699.0,83384.27,83384.27
2026-03-02,COM_NUTRICIONISTA,SEM_INFO,RJ,Sudeste,False,40.0,79.0,9691.65,9691.65
2026-03-23,COM_NUTRICIONISTA,SEM_INFO,SP,Sudeste,False,272.0,634.0,76979.2,76979.2
2026-03-30,COM_NUTRICIONISTA,SEM_INFO,SP,Sudeste,False,284.0,617.0,79779.24,79779.24
2026-03-16,COM_NUTRICIONISTA,SEM_INFO,RJ,Sudeste,False,22.0,51.0,6316.44,6316.44
2026-03-23,COM_NUTRICIONISTA,SEM_INFO,RJ,Sudeste,False,32.0,66.0,8739.3,8739.3
2026-03-09,COM_NUTRICIONISTA,SEM_INFO,RJ,Sudeste,False,27.0,51.0,6417.76,6417.76
2026-04-13,COM_NUTRICIONISTA,SEM_INFO,RJ,Sudeste,False,34.0,52.0,7159.1,7159.1
2026-04-06,COM_NUTRICIONISTA,SEM_INFO,SP,Sudeste,False,317.0,643.0,80877.98,80877.98
2026-04-13,COM_NUTRICIONISTA,SEM_INFO,SP,Sudeste,False,323.0,734.0,82351.82,82351.82
2026-04-20,COM_NUTRICIONISTA,SEM_INFO,SP,Sudeste,False,257.0,615.0,70413.07,70413.07
2026-04-06,COM_NUTRICIONISTA,SEM_INFO,RJ,Sudeste,False,28.0,62.0,6450.06,6450.06
2026-04-20,COM_NUTRICIONISTA,SEM_INFO,RJ,Sudeste,False,17.0,45.0,5038.14,5038.14
2024-12-02,COM_NUTRICIONISTA,SEM_INFO,SP,Sudeste,False,153.0,282.0,29875.11,29875.11
2024-12-02,COM_NUTRICIONISTA,SEM_INFO,RJ,Sudeste,False,9.0,15.0,1453.59,1453.59
2024-12-09,COM_NUTRICIONISTA,SEM_INFO,SP,Sudeste,False,165.0,318.0,29680.44,29680.44
2024-12-09,COM_NUTRICIONISTA,SEM_INFO,RJ,Sudeste,False,13.0,23.0,2535.1,2535.1
2024-12-16,COM_NUTRICIONISTA,SEM_INFO,SP,Sudeste,False,136.0,271.0,25348.65,25348.65
2024-12-23,COM_NUTRICIONISTA,SEM_INFO,SP,Sudeste,False,58.0,105.0,9955.22,9955.22
2024-12-23,COM_NUTRICIONISTA,SEM_INFO,RJ,Sudeste,False,6.0,12.0,1324.64,1324.64
2025-09-01,COM_NUTRICIONISTA,SEM_INFO,SP,Sudeste,False,294.0,546.0,68260.44,68260.44
2025-09-15,COM_NUTRICIONISTA,SEM_INFO,SP,Sudeste,False,311.0,609.0,71305.3,71305.3
2025-09-22,COM_NUTRICIONISTA,SEM_INFO,SP,Sudeste,False,283.0,558.0,67774.91,67774.91
2025-09-22,COM_NUTRICIONISTA,SEM_INFO,RJ,Sudeste,False,23.0,44.0,4455.29,4455.29
2025-09-08,COM_NUTRICIONISTA,SEM_INFO,SP,Sudeste,False,332.0,690.0,84836.02,84836.02
2025-09-01,COM_NUTRICIONISTA,SEM_INFO,RJ,Sudeste,False,29.0,51.0,6985.8,6985.8
2025-09-08,COM_NUTRICIONISTA,SEM_INFO,RJ,Sudeste,False,33.0,60.0,7633.5,7633.5
2025-09-15,COM_NUTRICIONISTA,SEM_INFO,RJ,Sudeste,False,27.0,48.0,6876.86,6876.86
2024-07-15,COM_NUTRICIONISTA,SEM_INFO,SP,Sudeste,False,127.0,241.0,22473.81,22473.81
2024-07-08,COM_NUTRICIONISTA,SEM_INFO,SP,Sudeste,False,116.0,205.0,19306.32,19306.32
2024-07-01,COM_NUTRICIONISTA,SEM_INFO,SP,Sudeste,False,103.0,187.0,17538.42,17538.42
2024-07-22,COM_NUTRICIONISTA,SEM_INFO,SP,Sudeste,False,87.0,181.0,17236.9,17236.9
2025-07-14,COM_NUTRICIONISTA,SEM_INFO,RJ,Sudeste,False,20.0,35.0,3979.74,3979.74
2025-07-07,COM_NUTRICIONISTA,SEM_INFO,SP,Sudeste,False,248.0,476.0,52639.18,52639.18
2025-07-07,COM_NUTRICIONISTA,SEM_INFO,RJ,Sudeste,False,30.0,46.0,5830.78,5830.78
2025-07-14,COM_NUTRICIONISTA,SEM_INFO,SP,Sudeste,False,225.0,480.0,53465.93,53465.93
2025-07-21,COM_NUTRICIONISTA,SEM_INFO,SP,Sudeste,False,202.0,376.0,41328.8,41328.8
2025-07-21,COM_NUTRICIONISTA,SEM_INFO,RJ,Sudeste,False,23.0,38.0,4213.49,4213.49
2025-02-03,COM_NUTRICIONISTA,SEM_INFO,SP,Sudeste,False,252.0,478.0,44721.01,44721.01
2025-02-03,COM_NUTRICIONISTA,SEM_INFO,RJ,Sudeste,False,15.0,28.0,3065.97,3065.97
2025-02-17,COM_NUTRICIONISTA,SEM_INFO,RJ,Sudeste,False,20.0,44.0,4434.41,4434.41
2025-02-10,COM_NUTRICIONISTA,SEM_INFO,SP,Sudeste,False,277.0,549.0,54542.24,54542.24
2025-02-10,COM_NUTRICIONISTA,SEM_INFO,RJ,Sudeste,False,29.0,59.0,5720.3,5720.3
2025-02-17,COM_NUTRICIONISTA,SEM_INFO,SP,Sudeste,False,284.0,550.0,56473.72,56473.72
2024-10-07,COM_NUTRICIONISTA,SEM_INFO,SP,Sudeste,False,172.0,315.0,32130.06,32130.06
2024-10-28,COM_NUTRICIONISTA,SEM_INFO,RJ,Sudeste,False,3.0,6.0,415.0,415.0
2024-10-14,COM_NUTRICIONISTA,SEM_INFO,SP,Sudeste,False,180.0,324.0,32916.03,32916.03
2024-10-21,COM_NUTRICIONISTA,SEM_INFO,RJ,Sudeste,False,3.0,4.0,255.27,255.27
2024-10-14,COM_NUTRICIONISTA,SEM_INFO,RJ,Sudeste,False,10.0,17.0,1763.3,1763.3
2024-10-21,COM_NUTRICIONISTA,SEM_INFO,SP,Sudeste,False,180.0,325.0,30319.72,30319.72
2024-10-07,COM_NUTRICIONISTA,SEM_INFO,RJ,Sudeste,False,8.0,11.0,1249.52,1249.52
2026-01-12,COM_NUTRICIONISTA,SEM_INFO,SP,Sudeste,False,270.0,686.0,82606.04,82606.04
2026-01-05,COM_NUTRICIONISTA,SEM_INFO,SP,Sudeste,False,230.0,576.0,63918.83,63918.83
2026-01-19,COM_NUTRICIONISTA,SEM_INFO,SP,Sudeste,False,228.0,549.0,64783.23,64783.23
2026-01-26,COM_NUTRICIONISTA,SEM_INFO,RJ,Sudeste,False,33.0,65.0,7936.8,7936.8
2026-01-19,COM_NUTRICIONISTA,SEM_INFO,RJ,Sudeste,False,24.0,60.0,6999.0,6999.0
2026-01-05,COM_NUTRICIONISTA,SEM_INFO,RJ,Sudeste,False,15.0,35.0,3909.75,3909.75
2026-01-12,COM_NUTRICIONISTA,SEM_INFO,RJ,Sudeste,False,20.0,40.0,5687.0,5687.0
2024-05-20,COM_NUTRICIONISTA,SEM_INFO,SP,Sudeste,False,59.0,98.0,10295.81,10295.81
2024-05-06,COM_NUTRICIONISTA,SEM_INFO,SP,Sudeste,False,48.0,85.0,8533.7,8533.7
2024-05-13,COM_NUTRICIONISTA,SEM_INFO,SP,Sudeste,False,70.0,122.0,11779.5,11779.5
2024-04-29,COM_NUTRICIONISTA,SEM_INFO,SP,Sudeste,False,34.0,52.0,5508.21,5508.21
2024-04-15,COM_NUTRICIONISTA,SEM_INFO,SP,Sudeste,False,15.0,20.0,2078.74,2078.74
2024-04-22,COM_NUTRICIONISTA,SEM_INFO,SP,Sudeste,False,31.0,47.0,4538.04,4538.04
2024-04-08,COM_NUTRICIONISTA,SEM_INFO,SP,Sudeste,False,17.0,23.0,2947.3,2947.3
2024-04-01,COM_NUTRICIONISTA,SEM_INFO,SP,Sudeste,False,13.0,27.0,3196.35,3196.35
2026-10-05,COM_NUTRICIONISTA,SEM_INFO,RJ,Sudeste,False,2.0,5.0,411.59,431.5
2026-09-28,COM_NUTRICIONISTA,1P,RJ,Sudeste,False,8.0,15.0,2364.04,2543.5
2026-07-13,COM_NUTRICIONISTA,1P,RS,Sul,False,1.0,1.0,118.99,118.99
2026-08-31,COM_NUTRICIONISTA,SEM_INFO,SP,Sudeste,False,2.0,3.0,554.26,604.17
2024-12-16,COM_NUTRICIONISTA,SEM_INFO,RJ,Sudeste,False,1.0,2.0,176.48,176.48
2026-07-13,COM_NUTRICIONISTA,3P,RS,Sul,False,1.0,2.0,119.89,119.89
2026-09-07,COM_NUTRICIONISTA,SEM_INFO,SP,Sudeste,False,1.0,1.0,229.9,229.9
