ds,dia_semana,pedidos,faturamento,unidades,ticket_medio,desconto_medio_pct,pedidos_extremos,faturamento_extremos
2024-03-14,5.0,2.0,194.36,2.0,97.18,0.0,0.0,0.0
2024-03-15,6.0,1.0,55.24,1.0,55.24,0.0,0.0,0.0
2024-03-16,7.0,1.0,259.97,2.0,259.97,0.0,0.0,0.0
2024-03-17,1.0,1.0,725.29,5.0,725.29,0.0,0.0,0.0
2024-03-18,2.0,0.0,0.0,0.0,,,0.0,0.0
2024-03-19,3.0,1.0,201.14,1.0,201.14,0.0,0.0,0.0
2024-03-20,4.0,1.0,63.0,1.0,63.0,0.0,0.0,0.0
2024-03-21,5.0,0.0,0.0,0.0,,,0.0,0.0
2024-03-22,6.0,0.0,0.0,0.0,,,0.0,0.0
2024-03-23,7.0,1.0,201.14,1.0,201.14,0.0,0.0,0.0
2024-03-24,1.0,0.0,0.0,0.0,,,0.0,0.0
2024-03-25,2.0,0.0,0.0,0.0,,,0.0,0.0
2024-03-26,3.0,0.0,0.0,0.0,,,0.0,0.0
2024-03-27,4.0,0.0,0.0,0.0,,,0.0,0.0
2024-03-28,5.0,1.0,206.38,1.0,206.38,0.0,0.0,0.0
2024-03-29,6.0,1.0,111.63,1.0,111.63,0.0,0.0,0.0
2024-03-30,7.0,0.0,0.0,0.0,,,0.0,0.0
2024-03-31,1.0,0.0,0.0,0.0,,,0.0,0.0
2024-04-01,2.0,0.0,0.0,0.0,,,0.0,0.0
2024-04-02,3.0,2.0,442.26,4.0,221.13,0.0,0.0,0.0
2024-04-03,4.0,4.0,907.16,7.0,226.79,0.0,0.0,0.0
2024-04-04,5.0,3.0,463.13,4.0,154.38,0.0,0.0,0.0
2024-04-05,6.0,1.0,1054.72,8.0,1054.72,0.0,0.0,0.0
2024-04-06,7.0,2.0,272.08,3.0,136.04,0.0,0.0,0.0
2024-04-07,1.0,1.0,57.0,1.0,57.0,0.0,0.0,0.0
2024-04-08,2.0,2.0,335.62,2.0,167.81,0.0,0.0,0.0
2024-04-09,3.0,6.0,811.28,7.0,135.21,0.0,0.0,0.0
2024-04-10,4.0,2.0,654.93,5.0,327.47,0.0,0.0,0.0
2024-04-11,5.0,2.0,397.73,4.0,198.87,0.0,0.0,0.0
2024-04-12,6.0,2.0,383.38,2.0,191.69,0.0,0.0,0.0
2024-04-13,7.0,1.0,162.69,1.0,162.69,0.0,0.0,0.0
2024-04-14,1.0,2.0,201.67,2.0,100.84,0.0,0.0,0.0
2024-04-15,2.0,3.0,634.01,5.0,211.34,0.0,0.0,0.0
2024-04-16,3.0,0.0,0.0,0.0,,,0.0,0.0
2024-04-17,4.0,2.0,201.67,2.0,100.84,0.0,0.0,0.0
2024-04-18,5.0,5.0,521.61,6.0,104.32,0.0,0.0,0.0
2024-04-19,6.0,1.0,100.99,1.0,100.99,0.0,0.0,0.0
2024-04-20,7.0,4.0,620.46,6.0,155.12,0.0,0.0,0.0
2024-04-21,1.0,0.0,0.0,0.0,,,0.0,0.0
2024-04-22,2.0,8.0,1430.95,12.0,178.87,0.0,0.0,0.0
2024-04-23,3.0,3.0,577.38,5.0,192.46,0.0,0.0,0.0
2024-04-24,4.0,7.0,705.51,9.0,100.79,0.0,0.0,0.0
2024-04-25,5.0,3.0,351.93,4.0,117.31,0.0,0.0,0.0
2024-04-26,6.0,5.0,557.18,6.0,111.44,0.0,0.0,0.0
2024-04-27,7.0,3.0,681.69,8.0,227.23,0.0,0.0,0.0
2024-04-28,1.0,2.0,233.4,3.0,116.7,0.0,0.0,0.0
2024-04-29,2.0,10.0,1846.12,13.0,184.61,0.0,0.0,0.0
2024-04-30,3.0,3.0,529.3,6.0,176.43,0.0,0.0,0.0
2024-05-01,4.0,6.0,834.03,9.0,139.01,0.0,0.0,0.0
2024-05-02,5.0,5.0,648.32,8.0,129.66,0.0,0.0,0.0
2024-05-03,6.0,5.0,737.02,7.0,147.4,0.0,0.0,0.0
2024-05-04,7.0,3.0,632.53,6.0,210.84,0.0,0.0,0.0
2024-05-05,1.0,2.0,280.89,3.0,140.45,0.0,0.0,0.0
2024-05-06,2.0,7.0,1058.98,9.0,151.28,0.0,0.0,0.0
2024-05-07,3.0,6.0,490.0,6.0,81.67,0.0,0.0,0.0
2024-05-08,4.0,8.0,832.09,11.0,104.01,0.0,0.0,0.0
2024-05-09,5.0,11.0,1730.8,15.0,157.35,0.0,0.0,0.0
2024-05-10,6.0,8.0,2372.18,19.0,296.52,0.0,0.0,0.0
2024-05-11,7.0,7.0,1895.37,23.0,270.77,0.0,0.0,0.0
2024-05-12,1.0,1.0,154.28,2.0,154.28,0.0,0.0,0.0
2024-05-13,2.0,7.0,1811.64,21.0,258.81,0.0,0.0,0.0
2024-05-14,3.0,14.0,2021.03,22.0,144.36,0.0,0.0,0.0
2024-05-15,4.0,16.0,2939.81,30.0,183.74,0.0,0.0,0.0
2024-05-16,5.0,15.0,2292.31,22.0,152.82,0.0,0.0,0.0
2024-05-17,6.0,7.0,1492.05,13.0,213.15,0.0,0.0,0.0
2024-05-18,7.0,5.0,728.07,7.0,145.61,0.0,0.0,0.0
2024-05-19,1.0,6.0,494.59,7.0,82.43,0.0,0.0,0.0
2024-05-20,2.0,7.0,1139.22,12.0,162.75,0.0,0.0,0.0
2024-05-21,3.0,12.0,1801.09,18.0,150.09,0.0,0.0,0.0
2024-05-22,4.0,13.0,1694.34,16.0,130.33,0.0,0.0,0.0
2024-05-23,5.0,10.0,1902.34,18.0,190.23,0.0,0.0,0.0
2024-05-24,6.0,7.0,1282.15,12.0,183.16,0.0,0.0,0.0
2024-05-25,7.0,7.0,1962.31,17.0,280.33,0.0,0.0,0.0
2024-05-26,1.0,3.0,514.36,5.0,171.45,0.0,0.0,0.0
2024-05-27,2.0,7.0,1307.49,14.0,186.78,0.0,0.0,0.0
2024-05-28,3.0,11.0,1251.76,13.0,113.8,0.0,0.0,0.0
2024-05-29,4.0,6.0,785.26,7.0,130.88,0.0,0.0,0.0
2024-05-30,5.0,9.0,1059.77,14.0,117.75,0.0,0.0,0.0
2024-05-31,6.0,5.0,876.43,7.0,175.29,0.0,0.0,0.0
2024-06-01,7.0,1.0,129.2,1.0,129.2,0.0,0.0,0.0
2024-06-02,1.0,6.0,811.32,9.0,135.22,0.0,0.0,0.0
2024-06-03,2.0,17.0,2579.44,23.0,151.73,0.0,0.0,0.0
2024-06-04,3.0,6.0,2230.52,20.0,371.75,0.0,0.0,0.0
2024-06-05,4.0,12.0,2876.35,28.0,239.7,0.0,0.0,0.0
2024-06-06,5.0,9.0,1408.14,18.0,156.46,0.0,0.0,0.0
2024-06-07,6.0,8.0,876.67,13.0,109.58,0.0,0.0,0.0
2024-06-08,7.0,5.0,793.13,8.0,158.63,0.0,0.0,0.0
2024-06-09,1.0,7.0,1670.83,17.0,238.69,0.0,0.0,0.0
2024-06-10,2.0,15.0,2724.07,27.0,181.6,0.0,0.0,0.0
2024-06-11,3.0,14.0,2185.34,17.0,156.1,0.0,0.0,0.0
2024-06-12,4.0,12.0,2244.61,20.0,187.05,0.0,0.0,0.0
2024-06-13,5.0,9.0,1239.59,14.0,137.73,0.0,0.0,0.0
2024-06-14,6.0,9.0,1339.34,19.0,148.82,0.0,0.0,0.0
2024-06-15,7.0,6.0,941.67,9.0,156.95,0.0,0.0,0.0
2024-06-16,1.0,8.0,1548.88,14.0,193.61,0.0,0.0,0.0
2024-06-17,2.0,16.0,2562.53,27.0,160.16,0.0,0.0,0.0
2024-06-18,3.0,15.0,2795.26,23.0,186.35,0.0,0.0,0.0
2024-06-19,4.0,13.0,2700.42,26.0,207.72,0.0,0.0,0.0
2024-06-20,5.0,9.0,1410.72,15.0,156.75,0.0,0.0,0.0
2024-06-21,6.0,7.0,1489.61,13.0,212.8,0.0,0.0,0.0
2024-06-22,7.0,12.0,1923.02,21.0,160.25,0.0,0.0,0.0
2024-06-23,1.0,9.0,1485.07,14.0,165.01,0.0,0.0,0.0
2024-06-24,2.0,16.0,3405.71,36.0,212.86,0.0,0.0,0.0
2024-06-25,3.0,21.0,3603.67,35.0,171.6,0.0,0.0,0.0
2024-06-26,4.0,17.0,2847.58,27.0,167.5,0.0,0.0,0.0
2024-06-27,5.0,16.0,3220.5,29.0,201.28,0.0,0.0,0.0
2024-06-28,6.0,14.0,2142.49,25.0,153.04,0.0,0.0,0.0
2024-06-29,7.0,16.0,2253.78,26.0,140.86,0.0,0.0,0.0
2024-06-30,1.0,7.0,1713.72,17.0,244.82,0.0,0.0,0.0
2024-07-01,2.0,14.0,2355.2,28.0,168.23,0.0,0.0,0.0
2024-07-02,3.0,21.0,2622.18,35.0,124.87,0.0,0.0,0.0
2024-07-03,4.0,14.0,3207.21,25.0,229.09,0.0,0.0,0.0
2024-07-04,5.0,18.0,2921.6,36.0,162.31,0.0,0.0,0.0
2024-07-05,6.0,16.0,3389.89,30.0,211.87,0.0,0.0,0.0
2024-07-06,7.0,13.0,1859.86,23.0,143.07,0.0,0.0,0.0
2024-07-07,1.0,7.0,1182.48,10.0,168.93,0.0,0.0,0.0
2024-07-08,2.0,12.0,1900.41,20.0,158.37,0.0,0.0,0.0
2024-07-09,3.0,20.0,2806.05,33.0,140.3,0.0,0.0,0.0
2024-07-10,4.0,30.0,6081.65,57.0,202.72,0.0,0.0,0.0
2024-07-11,5.0,25.0,3830.51,40.0,153.22,0.0,0.0,0.0
2024-07-12,6.0,17.0,2333.04,29.0,137.24,0.0,0.0,0.0
2024-07-13,7.0,5.0,817.31,10.0,163.46,0.0,0.0,0.0
2024-07-14,1.0,7.0,1537.35,16.0,219.62,0.0,0.0,0.0
2024-07-15,2.0,20.0,3232.57,31.0,161.63,0.0,0.0,0.0
2024-07-16,3.0,21.0,3584.27,40.0,170.68,0.0,0.0,0.0
2024-07-17,4.0,21.0,4001.37,45.0,190.54,0.0,0.0,0.0
2024-07-18,5.0,17.0,2785.29,32.0,163.84,0.0,0.0,0.0
2024-07-19,6.0,22.0,4244.58,45.0,192.94,0.0,0.0,0.0
2024-07-20,7.0,13.0,2488.36,24.0,191.41,0.0,0.0,0.0
2024-07-21,1.0,13.0,2137.37,24.0,164.41,0.0,0.0,0.0
2024-07-22,2.0,16.0,2297.35,28.0,143.58,0.0,0.0,0.0
2024-07-23,3.0,15.0,3166.8,36.0,211.12,0.0,0.0,0.0
2024-07-24,4.0,7.0,1592.29,15.0,227.47,0.0,0.0,0.0
2024-07-25,5.0,19.0,4218.71,43.0,222.04,0.0,0.0,0.0
2024-07-26,6.0,12.0,2115.79,24.0,176.32,0.0,0.0,0.0
2024-07-27,7.0,13.0,3011.81,29.0,231.68,0.0,0.0,0.0
2024-07-28,1.0,5.0,834.15,6.0,166.83,0.0,0.0,0.0
2024-07-29,2.0,19.0,3161.1,34.0,166.37,0.0,0.0,0.0
2024-07-30,3.0,14.0,2445.88,25.0,174.71,0.0,0.0,0.0
2024-07-31,4.0,16.0,2646.11,25.0,165.38,0.0,0.0,0.0
2024-08-01,5.0,21.0,3776.35,39.0,179.83,0.0,0.0,0.0
2024-08-02,6.0,11.0,2565.5,25.0,233.23,0.0,0.0,0.0
2024-08-03,7.0,9.0,1543.5,22.0,171.5,0.0,0.0,0.0
2024-08-04,1.0,7.0,1356.61,12.0,193.8,0.0,0.0,0.0
2024-08-05,2.0,23.0,3705.17,33.0,161.09,0.0,0.0,0.0
2024-08-06,3.0,26.0,3624.1,42.0,139.39,0.0,0.0,0.0
2024-08-07,4.0,27.0,4443.18,49.0,164.56,0.0,0.0,0.0
2024-08-08,5.0,28.0,6134.01,58.0,219.07,0.0,0.0,0.0
2024-08-09,6.0,11.0,1709.72,19.0,155.43,0.0,0.0,0.0
2024-08-10,7.0,6.0,1454.96,14.0,242.49,0.0,0.0,0.0
2024-08-11,1.0,7.0,893.24,11.0,127.61,0.0,0.0,0.0
2024-08-12,2.0,15.0,2565.32,29.0,171.02,0.0,0.0,0.0
2024-08-13,3.0,14.0,3037.31,25.0,216.95,0.0,0.0,0.0
2024-08-14,4.0,21.0,3489.01,40.0,166.14,0.0,0.0,0.0
2024-08-15,5.0,17.0,2162.19,22.0,127.19,0.0,0.0,0.0
2024-08-16,6.0,13.0,2068.49,23.0,159.11,0.0,0.0,0.0
2024-08-17,7.0,7.0,1032.91,13.0,147.56,0.0,0.0,0.0
2024-08-18,1.0,10.0,1915.37,20.0,191.54,0.0,0.0,0.0
2024-08-19,2.0,24.0,4072.14,40.0,169.67,0.0,0.0,0.0
2024-08-20,3.0,16.0,2608.41,30.0,163.03,0.0,0.0,0.0
2024-08-21,4.0,12.0,2115.27,22.0,176.27,0.0,0.0,0.0
2024-08-22,5.0,10.0,3055.76,29.0,305.58,0.0,0.0,0.0
2024-08-23,6.0,13.0,2158.57,19.0,166.04,0.0,0.0,0.0
2024-08-24,7.0,11.0,1763.11,21.0,160.28,0.0,0.0,0.0
2024-08-25,1.0,7.0,1139.88,14.0,162.84,0.0,0.0,0.0
2024-08-26,2.0,21.0,4225.7,49.0,201.22,0.0,0.0,0.0
2024-08-27,3.0,16.0,3262.39,28.0,203.9,0.0,0.0,0.0
2024-08-28,4.0,19.0,2941.69,34.0,154.83,0.0,0.0,0.0
2024-08-29,5.0,21.0,4332.34,48.0,206.3,0.0,0.0,0.0
2024-08-30,6.0,20.0,3770.33,37.0,188.52,0.0,0.0,0.0
2024-08-31,7.0,13.0,2552.41,29.0,196.34,0.0,0.0,0.0
2024-09-01,1.0,18.0,3220.11,35.0,178.9,0.0,0.0,0.0
2024-09-02,2.0,17.0,2710.18,30.0,159.42,0.0,0.0,0.0
2024-09-03,3.0,25.0,5206.18,44.0,208.25,0.0,0.0,0.0
2024-09-04,4.0,19.0,2645.47,29.0,139.24,0.0,0.0,0.0
2024-09-05,5.0,24.0,5484.63,45.0,228.53,0.0,0.0,0.0
2024-09-06,6.0,20.0,3566.04,37.0,178.3,0.0,0.0,0.0
2024-09-07,7.0,14.0,3170.66,29.0,226.48,0.0,0.0,0.0
2024-09-08,1.0,16.0,5073.7,43.0,317.11,0.0,0.0,0.0
2024-09-09,2.0,30.0,5030.37,56.0,167.68,0.0,0.0,0.0
2024-09-10,3.0,28.0,5952.06,58.0,212.57,0.0,0.0,0.0
2024-09-11,4.0,23.0,3556.82,46.0,154.64,0.0,0.0,0.0
2024-09-12,5.0,28.0,5463.25,54.0,195.12,0.0,0.0,0.0
2024-09-13,6.0,33.0,4799.59,46.0,145.44,0.0,0.0,0.0
2024-09-14,7.0,11.0,2434.41,25.0,221.31,0.0,0.0,0.0
2024-09-15,1.0,15.0,3412.63,34.0,227.51,0.0,0.0,0.0
2024-09-16,2.0,16.0,2820.64,34.0,176.29,0.0,0.0,0.0
2024-09-17,3.0,34.0,5542.05,58.0,163.0,0.0,0.0,0.0
2024-09-18,4.0,31.0,5456.46,63.0,176.01,0.0,0.0,0.0
2024-09-19,5.0,15.0,2233.85,29.0,148.92,0.0,0.0,0.0
2024-09-20,6.0,22.0,3293.41,35.0,149.7,0.0,0.0,0.0
2024-09-21,7.0,20.0,3080.3,32.0,154.02,0.0,0.0,0.0
2024-09-22,1.0,17.0,3568.91,38.0,209.94,0.0,0.0,0.0
2024-09-23,2.0,20.0,3499.35,33.0,174.97,0.0,0.0,0.0
2024-09-24,3.0,34.0,6808.1,69.0,200.24,0.0,0.0,0.0
2024-09-25,4.0,24.0,4365.03,40.0,181.88,0.0,0.0,0.0
2024-09-26,5.0,19.0,4254.43,42.0,223.92,0.0,0.0,0.0
2024-09-27,6.0,18.0,3090.12,29.0,171.67,0.0,0.0,0.0
2024-09-28,7.0,12.0,2513.44,26.0,209.45,0.0,0.0,0.0
2024-09-29,1.0,14.0,3369.79,35.0,240.7,0.0,0.0,0.0
2024-09-30,2.0,36.0,5703.51,64.0,158.43,0.0,0.0,0.0
2024-10-01,3.0,37.0,7720.89,77.0,208.67,0.0,0.0,0.0
2024-10-02,4.0,30.0,4133.03,50.0,137.77,0.0,0.0,0.0
2024-10-03,5.0,29.0,4307.31,49.0,148.53,0.0,0.0,0.0
2024-10-04,6.0,21.0,2915.46,30.0,138.83,0.0,0.0,0.0
2024-10-05,7.0,11.0,1524.65,15.0,138.6,0.0,0.0,0.0
2024-10-06,1.0,13.0,2335.06,21.0,179.62,0.0,0.0,0.0
2024-10-07,2.0,21.0,3908.49,34.0,186.12,0.0,0.0,0.0
2024-10-08,3.0,41.0,7879.25,75.0,192.18,0.0,0.0,0.0
2024-10-09,4.0,23.0,4475.42,44.0,194.58,0.0,0.0,0.0
2024-10-10,5.0,33.0,6100.4,56.0,184.86,0.0,0.0,0.0
2024-10-11,6.0,22.0,3440.87,37.0,156.4,0.0,0.0,0.0
2024-10-12,7.0,17.0,3290.48,34.0,193.56,0.0,0.0,0.0
2024-10-13,1.0,23.0,4284.67,46.0,186.29,0.0,0.0,0.0
2024-10-14,2.0,34.0,5228.52,55.0,153.78,0.0,0.0,0.0
2024-10-15,3.0,28.0,5721.63,54.0,204.34,0.0,0.0,0.0
2024-10-16,4.0,34.0,7319.72,64.0,215.29,0.0,0.0,0.0
2024-10-17,5.0,37.0,6165.85,64.0,166.64,0.0,0.0,0.0
2024-10-18,6.0,24.0,4120.03,44.0,171.67,0.0,0.0,0.0
2024-10-19,7.0,18.0,3659.46,37.0,203.3,0.0,0.0,0.0
2024-10-20,1.0,15.0,2464.12,23.0,164.27,0.0,0.0,0.0
2024-10-21,2.0,29.0,5517.43,52.0,190.26,0.0,0.0,0.0
2024-10-22,3.0,36.0,5206.42,68.0,144.62,0.0,0.0,0.0
2024-10-23,4.0,27.0,4285.01,47.0,158.7,0.0,0.0,0.0
2024-10-24,5.0,38.0,6671.89,70.0,175.58,0.0,0.0,0.0
2024-10-25,6.0,29.0,4953.6,47.0,170.81,0.0,0.0,0.0
2024-10-26,7.0,11.0,1643.17,17.0,149.38,0.0,0.0,0.0
2024-10-27,1.0,13.0,2297.47,28.0,176.73,0.0,0.0,0.0
2024-10-28,2.0,27.0,5924.47,58.0,219.42,0.0,0.0,0.0
2024-10-29,3.0,32.0,6137.28,67.0,191.79,0.0,0.0,0.0
2024-10-30,4.0,27.0,4574.57,49.0,169.43,0.0,0.0,0.0
2024-10-31,5.0,35.0,7959.71,71.0,227.42,0.0,0.0,0.0
2024-11-01,6.0,21.0,4951.69,45.0,235.79,0.0,0.0,0.0
2024-11-02,7.0,13.0,3106.64,36.0,238.97,0.0,0.0,0.0
2024-11-03,1.0,16.0,2562.71,25.0,160.17,0.0,0.0,0.0
2024-11-04,2.0,30.0,4798.63,53.0,159.95,0.0,0.0,0.0
2024-11-05,3.0,30.0,6797.43,67.0,226.58,0.0,0.0,0.0
2024-11-06,4.0,30.0,6110.67,63.0,203.69,0.0,0.0,0.0
2024-11-07,5.0,50.0,7808.75,94.0,156.18,0.0,0.0,0.0
2024-11-08,6.0,36.0,7396.57,76.0,205.46,0.0,0.0,0.0
2024-11-09,7.0,13.0,1575.42,20.0,121.19,0.0,0.0,0.0
2024-11-10,1.0,12.0,2405.87,28.0,200.49,0.0,0.0,0.0
2024-11-11,2.0,32.0,5832.05,64.0,182.25,0.0,0.0,0.0
2024-11-12,3.0,30.0,4319.8,46.0,143.99,0.0,0.0,0.0
2024-11-13,4.0,32.0,5048.78,59.0,157.77,0.0,0.0,0.0
2024-11-14,5.0,30.0,5697.12,54.0,189.9,0.0,0.0,0.0
2024-11-15,6.0,23.0,3824.42,41.0,166.28,0.0,0.0,0.0
2024-11-16,7.0,14.0,2208.17,25.0,157.73,0.0,0.0,0.0
2024-11-17,1.0,18.0,4463.99,39.0,248.0,0.0,0.0,0.0
2024-11-18,2.0,21.0,4440.66,43.0,211.46,0.0,0.0,0.0
2024-11-19,3.0,31.0,8671.89,83.0,279.74,0.0,0.0,0.0
2024-11-20,4.0,24.0,3525.75,38.0,146.91,0.0,0.0,0.0
2024-11-21,5.0,28.0,4800.14,49.0,171.43,0.0,0.0,0.0
2024-11-22,6.0,22.0,4648.69,43.0,211.3,0.0,0.0,0.0
2024-11-23,7.0,27.0,6363.78,71.0,235.7,0.0,0.0,0.0
2024-11-24,1.0,20.0,4480.84,40.0,224.04,0.0,0.0,0.0
2024-11-25,2.0,24.0,6189.06,62.0,257.88,0.0,0.0,0.0
2024-11-26,3.0,35.0,6510.07,67.0,186.0,0.0,0.0,0.0
2024-11-27,4.0,29.0,5940.06,66.0,204.83,0.0,0.0,0.0
2024-11-28,5.0,30.0,5931.99,59.0,197.73,0.0,0.0,0.0
2024-11-29,6.0,46.0,11405.6,111.0,247.95,0.0,0.0,0.0
2024-11-30,7.0,22.0,4493.99,49.0,204.27,0.0,0.0,0.0
2024-12-01,1.0,23.0,3867.43,45.0,168.15,0.0,0.0,0.0
2024-12-02,2.0,30.0,5037.0,51.0,167.9,0.0,0.0,0.0
2024-12-03,3.0,14.0,3302.49,29.0,235.89,0.0,0.0,0.0
2024-12-04,4.0,30.0,5374.51,57.0,179.15,0.0,0.0,0.0
2024-12-05,5.0,30.0,6311.71,54.0,210.39,0.0,0.0,0.0
2024-12-06,6.0,25.0,4028.68,42.0,161.15,0.0,0.0,0.0
2024-12-07,7.0,21.0,4428.14,40.0,210.86,0.0,0.0,0.0
2024-12-08,1.0,12.0,2846.17,24.0,237.18,0.0,0.0,0.0
2024-12-09,2.0,28.0,5327.82,60.0,190.28,0.0,0.0,0.0
2024-12-10,3.0,27.0,3810.5,39.0,141.13,0.0,0.0,0.0
2024-12-11,4.0,27.0,5228.82,55.0,193.66,0.0,0.0,0.0
2024-12-12,5.0,25.0,4873.94,47.0,194.96,0.0,0.0,0.0
2024-12-13,6.0,35.0,4975.64,62.0,142.16,0.0,0.0,0.0
2024-12-14,7.0,10.0,2433.18,26.0,243.32,0.0,0.0,0.0
2024-12-15,1.0,26.0,5565.64,52.0,214.06,0.0,0.0,0.0
2024-12-16,2.0,25.0,6279.33,61.0,251.17,0.0,0.0,0.0
2024-12-17,3.0,20.0,4009.03,47.0,200.45,0.0,0.0,0.0
2024-12-18,4.0,30.0,5268.86,61.0,175.63,0.0,0.0,0.0
2024-12-19,5.0,23.0,3680.03,40.0,160.0,0.0,0.0,0.0
2024-12-20,6.0,10.0,1378.76,15.0,137.88,0.0,0.0,0.0
2024-12-21,7.0,16.0,2393.38,27.0,149.59,0.0,0.0,0.0
2024-12-22,1.0,13.0,2515.74,22.0,193.52,0.0,0.0,0.0
2024-12-23,2.0,8.0,1133.52,11.0,141.69,0.0,0.0,0.0
2024-12-24,3.0,6.0,1132.84,12.0,188.81,0.0,0.0,0.0
2024-12-25,4.0,4.0,523.81,6.0,130.95,0.0,0.0,0.0
2024-12-26,5.0,18.0,3059.7,31.0,169.98,0.0,0.0,0.0
2024-12-27,6.0,18.0,3201.43,32.0,177.86,0.0,0.0,0.0
2024-12-28,7.0,7.0,1554.09,18.0,222.01,0.0,0.0,0.0
2024-12-29,1.0,3.0,674.47,7.0,224.82,0.0,0.0,0.0
2024-12-30,2.0,11.0,1633.42,16.0,148.49,0.0,0.0,0.0
2024-12-31,3.0,3.0,327.51,3.0,109.17,0.0,0.0,0.0
2025-01-01,4.0,7.0,1540.72,14.0,220.1,0.0,0.0,0.0
2025-01-02,5.0,14.0,1849.13,25.0,132.08,0.0,0.0,0.0
2025-01-03,6.0,19.0,3419.71,36.0,179.98,0.0,0.0,0.0
2025-01-04,7.0,11.0,1789.87,20.0,162.72,0.0,0.0,0.0
2025-01-05,1.0,16.0,2948.67,29.0,184.29,0.0,0.0,0.0
2025-01-06,2.0,23.0,4132.8,43.0,179.69,0.0,0.0,0.0
2025-01-07,3.0,32.0,5880.51,71.0,183.77,0.0,0.0,0.0
2025-01-08,4.0,21.0,4610.14,45.0,219.53,0.0,0.0,0.0
2025-01-09,5.0,27.0,5263.43,53.0,194.94,0.0,0.0,0.0
2025-01-10,6.0,29.0,6084.32,54.0,209.8,0.0,0.0,0.0
2025-01-11,7.0,26.0,4183.65,43.0,160.91,0.0,0.0,0.0
2025-01-12,1.0,22.0,3984.51,39.0,181.11,0.0,0.0,0.0
2025-01-13,2.0,41.0,8916.16,83.0,217.47,0.0,0.0,0.0
2025-01-14,3.0,34.0,6609.26,60.0,194.39,0.0,0.0,0.0
2025-01-15,4.0,43.0,8399.19,86.0,195.33,0.0,0.0,0.0
2025-01-16,5.0,41.0,6745.31,77.0,164.52,0.0,0.0,0.0
2025-01-17,6.0,29.0,5535.86,52.0,190.89,0.0,0.0,0.0
2025-01-18,7.0,24.0,4812.4,44.0,200.52,0.0,0.0,0.0
2025-01-19,1.0,17.0,3064.2,27.0,180.25,0.0,0.0,0.0
2025-01-20,2.0,38.0,7356.55,74.0,193.59,0.0,0.0,0.0
2025-01-21,3.0,30.0,4720.91,51.0,157.36,0.0,0.0,0.0
2025-01-22,4.0,48.0,7591.84,81.0,158.16,0.0,0.0,0.0
2025-01-23,5.0,32.0,5033.35,58.0,157.29,0.0,0.0,0.0
2025-01-24,6.0,24.0,4703.81,40.0,195.99,0.0,0.0,0.0
2025-01-25,7.0,21.0,4280.8,42.0,203.85,0.0,0.0,0.0
2025-01-26,1.0,35.0,7302.79,68.0,208.65,0.0,0.0,0.0
2025-01-27,2.0,40.0,6933.24,75.0,173.33,0.0,0.0,0.0
2025-01-28,3.0,31.0,6307.14,62.0,203.46,0.0,0.0,0.0
2025-01-29,4.0,47.0,8847.59,88.0,188.25,0.0,0.0,0.0
2025-01-30,5.0,56.0,9608.59,95.0,171.58,0.0,0.0,0.0
2025-01-31,6.0,33.0,5739.5,65.0,173.92,0.0,0.0,0.0
2025-02-01,7.0,23.0,6640.84,67.0,288.73,0.0,0.0,0.0
2025-02-02,1.0,24.0,4429.95,46.0,184.58,0.0,0.0,0.0
2025-02-03,2.0,36.0,6413.2,70.0,178.14,0.0,0.0,0.0
2025-02-04,3.0,25.0,5396.92,51.0,215.88,0.0,0.0,0.0
2025-02-05,4.0,45.0,8077.81,85.0,179.51,0.0,0.0,0.0
2025-02-06,5.0,47.0,8032.4,90.0,170.9,0.0,0.0,0.0
2025-02-07,6.0,47.0,7137.0,84.0,151.85,0.0,0.0,0.0
2025-02-08,7.0,44.0,9423.17,91.0,214.16,0.0,0.0,0.0
2025-02-09,1.0,23.0,3306.48,35.0,143.76,0.0,0.0,0.0
2025-02-10,2.0,50.0,11001.52,100.0,220.03,0.0,0.0,0.0
2025-02-11,3.0,54.0,11841.17,133.0,219.28,0.0,0.0,0.0
2025-02-12,4.0,41.0,7284.83,76.0,177.68,0.0,0.0,0.0
2025-02-13,5.0,53.0,10055.61,93.0,189.73,0.0,0.0,0.0
2025-02-14,6.0,42.0,5952.31,66.0,141.72,0.0,0.0,0.0
2025-02-15,7.0,40.0,7389.33,74.0,184.73,0.0,0.0,0.0
2025-02-16,1.0,26.0,6737.77,66.0,259.15,0.0,0.0,0.0
2025-02-17,2.0,61.0,11114.17,109.0,182.2,0.0,0.0,0.0
2025-02-18,3.0,46.0,10065.19,98.0,218.81,0.0,0.0,0.0
2025-02-19,4.0,53.0,10227.86,96.0,192.98,0.0,0.0,0.0
2025-02-20,5.0,41.0,6531.05,75.0,159.29,0.0,0.0,0.0
2025-02-21,6.0,45.0,8895.26,84.0,197.67,0.0,0.0,0.0
2025-02-22,7.0,30.0,6948.49,61.0,231.62,0.0,0.0,0.0
2025-02-23,1.0,28.0,7126.11,71.0,254.5,0.0,0.0,0.0
2025-02-24,2.0,48.0,9728.9,95.0,202.69,0.0,0.0,0.0
2025-02-25,3.0,53.0,10057.27,96.0,189.76,0.0,0.0,0.0
2025-02-26,4.0,47.0,9863.44,95.0,209.86,0.0,0.0,0.0
2025-02-27,5.0,40.0,8691.51,83.0,217.29,0.0,0.0,0.0
2025-02-28,6.0,36.0,6986.41,65.0,194.07,0.0,0.0,0.0
2025-03-01,7.0,29.0,6269.69,57.0,216.2,0.0,0.0,0.0
2025-03-02,1.0,26.0,5028.39,55.0,193.4,0.0,0.0,0.0
2025-03-03,2.0,27.0,4992.67,49.0,184.91,0.0,0.0,0.0
2025-03-04,3.0,29.0,7097.66,76.0,244.75,0.0,0.0,0.0
2025-03-05,4.0,55.0,12212.9,125.0,222.05,0.0,0.0,0.0
2025-03-06,5.0,72.0,13331.98,132.0,185.17,0.0,0.0,0.0
2025-03-07,6.0,65.0,15324.93,143.0,235.77,0.0,0.0,0.0
2025-03-08,7.0,32.0,5775.04,64.0,180.47,0.0,0.0,0.0
2025-03-09,1.0,31.0,7039.74,61.0,227.09,0.0,0.0,0.0
2025-03-10,2.0,60.0,10281.25,106.0,171.35,0.0,0.0,0.0
2025-03-11,3.0,54.0,10308.64,92.0,190.9,0.0,0.0,0.0
2025-03-12,4.0,54.0,9063.93,99.0,167.85,0.0,0.0,0.0
2025-03-13,5.0,52.0,10740.3,107.0,206.54,0.0,0.0,0.0
2025-03-14,6.0,41.0,9072.9,87.0,221.29,0.0,0.0,0.0
2025-03-15,7.0,35.0,6930.05,74.0,198.0,0.0,0.0,0.0
2025-03-16,1.0,39.0,7342.29,76.0,188.26,0.0,0.0,0.0
2025-03-17,2.0,66.0,12802.15,122.0,193.97,0.0,0.0,0.0
2025-03-18,3.0,47.0,9170.55,92.0,195.12,0.0,0.0,0.0
2025-03-19,4.0,44.0,9937.92,96.0,225.86,0.0,0.0,0.0
2025-03-20,5.0,50.0,8837.16,83.0,176.74,0.0,0.0,0.0
2025-03-21,6.0,34.0,6158.1,65.0,181.12,0.0,0.0,0.0
2025-03-22,7.0,31.0,5570.06,63.0,179.68,0.0,0.0,0.0
2025-03-23,1.0,35.0,6345.19,60.0,181.29,0.0,0.0,0.0
2025-03-24,2.0,64.0,11910.64,126.0,186.1,0.0,0.0,0.0
2025-03-25,3.0,47.0,9950.0,100.0,211.7,0.0,0.0,0.0
2025-03-26,4.0,54.0,9740.89,134.0,180.39,0.0,0.0,0.0
2025-03-27,5.0,53.0,9092.05,102.0,171.55,0.0,0.0,0.0
2025-03-28,6.0,42.0,8295.31,81.0,197.51,0.0,0.0,0.0
2025-03-29,7.0,38.0,5998.09,74.0,157.84,0.0,0.0,0.0
2025-03-30,1.0,31.0,5183.02,53.0,167.19,0.0,0.0,0.0
2025-03-31,2.0,52.0,11310.34,107.0,217.51,0.0,0.0,0.0
2025-04-01,3.0,60.0,11029.93,111.0,183.83,0.0,0.0,0.0
2025-04-02,4.0,71.0,16024.97,157.0,225.7,0.0,0.0,0.0
2025-04-03,5.0,56.0,10903.8,114.0,194.71,0.0,0.0,0.0
2025-04-04,6.0,45.0,8654.2,78.0,192.32,0.0,0.0,0.0
2025-04-05,7.0,23.0,4647.6,44.0,202.07,0.0,0.0,0.0
2025-04-06,1.0,41.0,8958.91,85.0,218.51,0.0,0.0,0.0
2025-04-07,2.0,55.0,11115.08,90.0,202.09,0.0,0.0,0.0
2025-04-08,3.0,52.0,9048.09,89.0,174.0,0.0,0.0,0.0
2025-04-09,4.0,52.0,10190.7,99.0,195.98,0.0,0.0,0.0
2025-04-10,5.0,49.0,10195.83,100.0,208.08,0.0,0.0,0.0
2025-04-11,6.0,44.0,9162.94,77.0,208.25,0.0,0.0,0.0
2025-04-12,7.0,27.0,5762.83,63.0,213.44,0.0,0.0,0.0
2025-04-13,1.0,40.0,8138.72,81.0,203.47,0.0,0.0,0.0
2025-04-14,2.0,48.0,11053.35,87.0,230.28,0.0,0.0,0.0
2025-04-15,3.0,53.0,12666.0,115.0,238.98,0.0,0.0,0.0
2025-04-16,4.0,42.0,8747.59,91.0,208.28,0.0,0.0,0.0
2025-04-17,5.0,47.0,9756.61,87.0,207.59,0.0,0.0,0.0
2025-04-18,6.0,33.0,7446.68,75.0,225.66,0.0,0.0,0.0
2025-04-19,7.0,22.0,4402.94,40.0,200.13,0.0,0.0,0.0
2025-04-20,1.0,14.0,2812.57,28.0,200.9,0.0,0.0,0.0
2025-04-21,2.0,33.0,6700.94,69.0,203.06,0.0,0.0,0.0
2025-04-22,3.0,42.0,8650.9,88.0,205.97,0.0,0.0,0.0
2025-04-23,4.0,47.0,10932.67,108.0,232.61,0.0,0.0,0.0
2025-04-24,5.0,55.0,11196.15,123.0,203.57,0.0,0.0,0.0
2025-04-25,6.0,35.0,7922.69,80.0,226.36,0.0,0.0,0.0
2025-04-26,7.0,23.0,4103.45,55.0,178.41,0.0,0.0,0.0
2025-04-27,1.0,21.0,4820.84,53.0,229.56,0.0,0.0,0.0
2025-04-28,2.0,53.0,10265.77,103.0,193.69,0.0,0.0,0.0
2025-04-29,3.0,41.0,9193.24,79.0,224.23,0.0,0.0,0.0
2025-04-30,4.0,50.0,9651.39,79.0,193.03,0.0,0.0,0.0
2025-05-01,5.0,43.0,8584.52,87.0,199.64,0.0,0.0,0.0
2025-05-02,6.0,30.0,6347.68,59.0,211.59,0.0,0.0,0.0
2025-05-03,7.0,36.0,6432.98,51.0,178.69,0.0,0.0,0.0
2025-05-04,1.0,33.0,6924.55,70.0,209.83,0.0,0.0,0.0
2025-05-05,2.0,63.0,11947.51,119.0,189.64,0.0,0.0,0.0
2025-05-06,3.0,71.0,13502.66,122.0,190.18,0.0,0.0,0.0
2025-05-07,4.0,51.0,11401.47,105.0,223.56,0.0,0.0,0.0
2025-05-08,5.0,51.0,10263.15,101.0,201.24,0.0,0.0,0.0
2025-05-09,6.0,57.0,10970.26,113.0,192.46,0.0,0.0,0.0
2025-05-10,7.0,29.0,6379.63,61.0,219.99,0.0,0.0,0.0
2025-05-11,1.0,29.0,5329.78,53.0,183.79,0.0,0.0,0.0
2025-05-12,2.0,63.0,12727.25,133.0,202.02,0.0,0.0,0.0
2025-05-13,3.0,62.0,12072.85,109.0,194.72,0.0,0.0,0.0
2025-05-14,4.0,61.0,12380.59,112.0,202.96,0.0,0.0,0.0
2025-05-15,5.0,45.0,8644.46,79.0,192.1,0.0,0.0,0.0
2025-05-16,6.0,42.0,7349.15,67.0,174.98,0.0,0.0,0.0
2025-05-17,7.0,30.0,5122.33,52.0,170.74,0.0,0.0,0.0
2025-05-18,1.0,39.0,8019.08,76.0,205.62,0.0,0.0,0.0
2025-05-19,2.0,63.0,13836.15,133.0,219.62,0.0,0.0,0.0
2025-05-20,3.0,78.0,14573.65,148.0,186.84,0.0,0.0,0.0
2025-05-21,4.0,54.0,10088.3,88.0,186.82,0.0,0.0,0.0
2025-05-22,5.0,53.0,10569.24,108.0,199.42,0.0,0.0,0.0
2025-05-23,6.0,49.0,10547.58,97.0,215.26,0.0,0.0,0.0
2025-05-24,7.0,30.0,6059.77,67.0,201.99,0.0,0.0,0.0
2025-05-25,1.0,44.0,11456.33,95.0,260.37,0.0,0.0,0.0
2025-05-26,2.0,56.0,10931.81,111.0,195.21,0.0,0.0,0.0
2025-05-27,3.0,62.0,11824.33,115.0,190.72,0.0,0.0,0.0
2025-05-28,4.0,57.0,11180.63,94.0,196.15,0.0,0.0,0.0
2025-05-29,5.0,47.0,11106.65,108.0,236.31,0.0,0.0,0.0
2025-05-30,6.0,42.0,7634.47,76.0,181.77,0.0,0.0,0.0
2025-05-31,7.0,30.0,6417.03,60.0,213.9,0.0,0.0,0.0
2025-06-01,1.0,46.0,8791.53,89.0,191.12,0.0,0.0,0.0
2025-06-02,2.0,58.0,10843.42,106.0,186.96,0.0,0.0,0.0
2025-06-03,3.0,63.0,14541.3,131.0,230.81,0.0,0.0,0.0
2025-06-04,4.0,55.0,12179.27,117.0,221.44,0.0,0.0,0.0
2025-06-05,5.0,62.0,12702.04,121.0,204.87,0.0,0.0,0.0
2025-06-06,6.0,46.0,9142.7,87.0,198.75,0.0,0.0,0.0
2025-06-07,7.0,35.0,8037.85,79.0,229.65,0.0,0.0,0.0
2025-06-08,1.0,35.0,6889.95,71.0,196.86,0.0,0.0,0.0
2025-06-09,2.0,47.0,9829.5,95.0,209.14,0.0,0.0,0.0
2025-06-10,3.0,61.0,13194.6,107.0,216.3,0.0,0.0,0.0
2025-06-11,4.0,54.0,11255.29,105.0,208.43,0.0,0.0,0.0
2025-06-12,5.0,39.0,7041.77,70.0,180.56,0.0,0.0,0.0
2025-06-13,6.0,47.0,10125.31,90.0,215.43,0.0,0.0,0.0
2025-06-14,7.0,35.0,8989.15,73.0,256.83,0.0,0.0,0.0
2025-06-15,1.0,34.0,7320.89,65.0,215.32,0.0,0.0,0.0
2025-06-16,2.0,52.0,11131.88,99.0,214.07,0.0,0.0,0.0
2025-06-17,3.0,52.0,10643.82,97.0,204.69,0.0,0.0,0.0
2025-06-18,4.0,42.0,9911.66,103.0,235.99,0.0,0.0,0.0
2025-06-19,5.0,40.0,7385.2,69.0,184.63,0.0,0.0,0.0
2025-06-20,6.0,37.0,6930.65,67.0,187.31,0.0,0.0,0.0
2025-06-21,7.0,16.0,2991.07,29.0,186.94,0.0,0.0,0.0
2025-06-22,1.0,18.0,3489.26,35.0,193.85,0.0,0.0,0.0
2025-06-23,2.0,51.0,11372.28,102.0,222.99,0.0,0.0,0.0
2025-06-24,3.0,48.0,9354.47,80.0,194.88,0.0,0.0,0.0
2025-06-25,4.0,54.0,10802.88,110.0,200.05,0.0,0.0,0.0
2025-06-26,5.0,42.0,8514.78,82.0,202.73,0.0,0.0,0.0
2025-06-27,6.0,46.0,9641.82,90.0,209.6,0.0,0.0,0.0
2025-06-28,7.0,36.0,5952.59,56.0,165.35,0.0,0.0,0.0
2025-06-29,1.0,28.0,5710.49,53.0,203.95,0.0,0.0,0.0
2025-06-30,2.0,54.0,11742.31,103.0,217.45,0.0,0.0,0.0
2025-07-01,3.0,65.0,13273.81,125.0,204.21,0.0,0.0,0.0
2025-07-02,4.0,61.0,12072.12,117.0,197.9,0.0,0.0,0.0
2025-07-03,5.0,58.0,15482.74,137.0,266.94,0.0,0.0,0.0
2025-07-04,6.0,43.0,9360.12,90.0,217.68,0.0,0.0,0.0
2025-07-05,7.0,25.0,7865.73,57.0,314.63,0.0,0.0,0.0
2025-07-06,1.0,27.0,5613.09,52.0,207.89,0.0,0.0,0.0
2025-07-07,2.0,50.0,10027.07,96.0,200.54,0.0,0.0,0.0
2025-07-08,3.0,55.0,11346.62,100.0,206.3,0.0,0.0,0.0
2025-07-09,4.0,32.0,7339.04,69.0,229.35,0.0,0.0,0.0
2025-07-10,5.0,45.0,9351.41,86.0,207.81,0.0,0.0,0.0
2025-07-11,6.0,39.0,8305.8,68.0,212.97,0.0,0.0,0.0
2025-07-12,7.0,25.0,5923.8,46.0,236.95,0.0,0.0,0.0
2025-07-13,1.0,32.0,6176.22,57.0,193.01,0.0,0.0,0.0
2025-07-14,2.0,42.0,9614.67,91.0,228.92,0.0,0.0,0.0
2025-07-15,3.0,50.0,15455.96,122.0,309.12,0.0,0.0,0.0
2025-07-16,4.0,37.0,7179.72,60.0,194.05,0.0,0.0,0.0
2025-07-17,5.0,39.0,6643.13,67.0,170.34,0.0,0.0,0.0
2025-07-18,6.0,30.0,8545.34,82.0,284.84,0.0,0.0,0.0
2025-07-19,7.0,27.0,5546.54,50.0,205.43,0.0,0.0,0.0
2025-07-20,1.0,20.0,4460.31,43.0,223.02,0.0,0.0,0.0
2025-07-21,2.0,43.0,7822.21,78.0,181.91,0.0,0.0,0.0
2025-07-22,3.0,44.0,9762.73,92.0,221.88,0.0,0.0,0.0
2025-07-23,4.0,28.0,4533.0,40.0,161.89,0.0,0.0,0.0
2025-07-24,5.0,39.0,8103.67,72.0,207.79,0.0,0.0,0.0
2025-07-25,6.0,31.0,6409.53,57.0,206.76,0.0,0.0,0.0
2025-07-26,7.0,19.0,4021.51,33.0,211.66,0.0,0.0,0.0
2025-07-27,1.0,21.0,4889.64,42.0,232.84,0.0,0.0,0.0
2025-07-28,2.0,58.0,12983.84,113.0,223.86,0.0,0.0,0.0
2025-07-29,3.0,40.0,7943.52,74.0,198.59,0.0,0.0,0.0
2025-07-30,4.0,41.0,10816.91,84.0,263.83,0.0,0.0,0.0
2025-07-31,5.0,46.0,9711.39,85.0,211.12,0.0,0.0,0.0
2025-08-01,6.0,48.0,9946.93,87.0,207.23,0.0,0.0,0.0
2025-08-02,7.0,36.0,8416.72,69.0,233.8,0.0,0.0,0.0
2025-08-03,1.0,41.0,8106.93,77.0,197.73,0.0,0.0,0.0
2025-08-04,2.0,62.0,12400.09,125.0,200.0,0.0,0.0,0.0
2025-08-05,3.0,60.0,13256.79,106.0,220.95,0.0,0.0,0.0
2025-08-06,4.0,67.0,14431.85,120.0,215.4,0.0,0.0,0.0
2025-08-07,5.0,56.0,12712.01,110.0,227.0,0.0,0.0,0.0
2025-08-08,6.0,44.0,8943.52,86.0,203.26,0.0,0.0,0.0
2025-08-09,7.0,23.0,7367.75,49.0,320.34,0.0,0.0,0.0
2025-08-10,1.0,28.0,6041.22,50.0,215.76,0.0,0.0,0.0
2025-08-11,2.0,54.0,11586.64,100.0,214.57,0.0,0.0,0.0
2025-08-12,3.0,57.0,10022.13,88.0,175.83,0.0,0.0,0.0
2025-08-13,4.0,47.0,11023.57,90.0,234.54,0.0,0.0,0.0
2025-08-14,5.0,52.0,12885.88,103.0,247.81,0.0,0.0,0.0
2025-08-15,6.0,50.0,13506.34,101.0,270.13,0.0,0.0,0.0
2025-08-16,7.0,21.0,4116.67,34.0,196.03,0.0,0.0,0.0
2025-08-17,1.0,15.0,3643.0,28.0,242.87,0.0,0.0,0.0
2025-08-18,2.0,50.0,9488.15,89.0,189.76,0.0,0.0,0.0
2025-08-19,3.0,47.0,10209.46,91.0,217.22,0.0,0.0,0.0
2025-08-20,4.0,53.0,13830.83,115.0,260.96,0.0,0.0,0.0
2025-08-21,5.0,46.0,9059.1,81.0,196.94,0.0,0.0,0.0
2025-08-22,6.0,49.0,11234.86,106.0,229.28,0.0,0.0,0.0
2025-08-23,7.0,38.0,9261.51,66.0,243.72,0.0,0.0,0.0
2025-08-24,1.0,27.0,5357.0,50.0,198.41,0.0,0.0,0.0
2025-08-25,2.0,52.0,11161.14,96.0,214.64,0.0,0.0,0.0
2025-08-26,3.0,66.0,15464.94,126.0,234.32,0.0,0.0,0.0
2025-08-27,4.0,54.0,9820.64,89.0,181.86,0.0,0.0,0.0
2025-08-28,5.0,37.0,6552.53,63.0,177.1,0.0,0.0,0.0
2025-08-29,6.0,53.0,11809.81,99.0,222.83,0.0,0.0,0.0
2025-08-30,7.0,41.0,8946.44,76.0,218.21,0.0,0.0,0.0
2025-08-31,1.0,34.0,7238.85,67.0,212.91,0.0,0.0,0.0
2025-09-01,2.0,63.0,14491.96,112.0,230.03,0.0,0.0,0.0
2025-09-02,3.0,49.0,12915.81,99.0,263.59,0.0,0.0,0.0
2025-09-03,4.0,46.0,9479.87,79.0,206.08,0.0,0.0,0.0
2025-09-04,5.0,58.0,14272.8,113.0,246.08,0.0,0.0,0.0
2025-09-05,6.0,47.0,11935.96,86.0,253.96,0.0,0.0,0.0
2025-09-06,7.0,35.0,7796.94,67.0,222.77,0.0,0.0,0.0
2025-09-07,1.0,25.0,4352.9,41.0,174.12,0.0,0.0,0.0
2025-09-08,2.0,75.0,18610.58,158.0,248.14,0.0,0.0,0.0
2025-09-09,3.0,63.0,16356.59,116.0,259.63,0.0,0.0,0.0
2025-09-10,4.0,69.0,19466.38,147.0,282.12,0.0,0.0,0.0
2025-09-11,5.0,49.0,11714.15,101.0,239.06,0.0,0.0,0.0
2025-09-12,6.0,39.0,10024.22,84.0,257.03,0.0,0.0,0.0
2025-09-13,7.0,36.0,8520.45,70.0,236.68,0.0,0.0,0.0
2025-09-14,1.0,34.0,7777.15,74.0,228.74,0.0,0.0,0.0
2025-09-15,2.0,52.0,13522.22,114.0,260.04,0.0,0.0,0.0
2025-09-16,3.0,51.0,10495.24,92.0,205.79,0.0,0.0,0.0
2025-09-17,4.0,63.0,15105.37,136.0,239.77,0.0,0.0,0.0
2025-09-18,5.0,65.0,13964.05,106.0,214.83,0.0,0.0,0.0
2025-09-19,6.0,43.0,10398.62,84.0,241.83,0.0,0.0,0.0
2025-09-20,7.0,33.0,6421.23,58.0,194.58,0.0,0.0,0.0
2025-09-21,1.0,31.0,8275.43,67.0,266.95,0.0,0.0,0.0
2025-09-22,2.0,49.0,11212.17,94.0,228.82,0.0,0.0,0.0
2025-09-23,3.0,55.0,13239.31,100.0,240.71,0.0,0.0,0.0
2025-09-24,4.0,56.0,13585.03,119.0,242.59,0.0,0.0,0.0
2025-09-25,5.0,48.0,10974.45,92.0,228.63,0.0,0.0,0.0
2025-09-26,6.0,40.0,9459.07,79.0,236.48,0.0,0.0,0.0
2025-09-27,7.0,23.0,4765.1,40.0,207.18,0.0,0.0,0.0
2025-09-28,1.0,35.0,8995.07,78.0,257.0,0.0,0.0,0.0
2025-09-29,2.0,64.0,17117.23,133.0,267.46,0.0,0.0,0.0
2025-09-30,3.0,67.0,16266.41,137.0,242.78,0.0,0.0,0.0
2025-10-01,4.0,65.0,16500.71,143.0,253.86,0.0,0.0,0.0
2025-10-02,5.0,61.0,12855.89,114.0,210.75,0.0,0.0,0.0
2025-10-03,6.0,44.0,9550.52,91.0,217.06,0.0,0.0,0.0
2025-10-04,7.0,44.0,10933.19,90.0,248.48,0.0,0.0,0.0
2025-10-05,1.0,25.0,6331.22,48.0,253.25,0.0,0.0,0.0
2025-10-06,2.0,55.0,12339.47,102.0,224.35,0.0,0.0,0.0
2025-10-07,3.0,55.0,15507.64,129.0,281.96,0.0,0.0,0.0
2025-10-08,4.0,56.0,15310.04,134.0,273.39,0.0,0.0,0.0
2025-10-09,5.0,70.0,16050.83,132.0,229.3,0.0,0.0,0.0
2025-10-10,6.0,63.0,14759.3,120.0,234.27,0.0,0.0,0.0
2025-10-11,7.0,31.0,6125.36,57.0,197.59,0.0,0.0,0.0
2025-10-12,1.0,32.0,7510.78,58.0,234.71,0.0,0.0,0.0
2025-10-13,2.0,54.0,12632.19,102.0,233.93,0.0,0.0,0.0
2025-10-14,3.0,62.0,15814.08,131.0,255.07,0.0,0.0,0.0
2025-10-15,4.0,52.0,13303.82,97.0,255.84,0.0,0.0,0.0
2025-10-16,5.0,55.0,13800.76,116.0,250.92,0.0,0.0,0.0
2025-10-17,6.0,53.0,11476.72,102.0,216.54,0.0,0.0,0.0
2025-10-18,7.0,33.0,7112.78,67.0,215.54,0.0,0.0,0.0
2025-10-19,1.0,36.0,10491.91,83.0,291.44,0.0,0.0,0.0
2025-10-20,2.0,48.0,10502.69,83.0,218.81,0.0,0.0,0.0
2025-10-21,3.0,54.0,11529.82,92.0,213.52,0.0,0.0,0.0
2025-10-22,4.0,42.0,10057.4,86.0,239.46,0.0,0.0,0.0
2025-10-23,5.0,40.0,11900.41,98.0,297.51,0.0,0.0,0.0
2025-10-24,6.0,40.0,11344.06,98.0,283.6,0.0,0.0,0.0
2025-10-25,7.0,25.0,6814.48,67.0,272.58,0.0,0.0,0.0
2025-10-26,1.0,32.0,8429.79,57.0,263.43,0.0,0.0,0.0
2025-10-27,2.0,40.0,10108.45,79.0,252.71,0.0,0.0,0.0
2025-10-28,3.0,42.0,9156.06,74.0,218.0,0.0,0.0,0.0
2025-10-29,4.0,49.0,11214.48,92.0,228.87,0.0,0.0,0.0
2025-10-30,5.0,59.0,13788.15,140.0,233.7,0.0,0.0,0.0
2025-10-31,6.0,59.0,15473.28,114.0,262.26,0.0,0.0,0.0
2025-11-01,7.0,30.0,8576.26,75.0,285.88,0.0,0.0,0.0
2025-11-02,1.0,39.0,10418.68,82.0,267.15,0.0,0.0,0.0
2025-11-03,2.0,69.0,15453.89,124.0,223.97,0.0,0.0,0.0
2025-11-04,3.0,49.0,12330.88,93.0,251.65,0.0,0.0,0.0
2025-11-05,4.0,58.0,13345.64,120.0,230.1,0.0,0.0,0.0
2025-11-06,5.0,48.0,11973.4,100.0,249.45,0.0,0.0,0.0
2025-11-07,6.0,48.0,10180.7,83.0,212.1,0.0,0.0,0.0
2025-11-08,7.0,23.0,4554.43,51.0,198.02,0.0,0.0,0.0
2025-11-09,1.0,25.0,6922.08,54.0,276.88,0.0,0.0,0.0
2025-11-10,2.0,54.0,11356.37,97.0,210.3,0.0,0.0,0.0
2025-11-11,3.0,75.0,16859.21,157.0,224.79,0.0,0.0,0.0
2025-11-12,4.0,53.0,12800.0,102.0,241.51,0.0,0.0,0.0
2025-11-13,5.0,52.0,10456.46,83.0,201.09,0.0,0.0,0.0
2025-11-14,6.0,39.0,9894.46,72.0,253.7,0.0,0.0,0.0
2025-11-15,7.0,26.0,6687.2,55.0,257.2,0.0,0.0,0.0
2025-11-16,1.0,35.0,8426.85,72.0,240.77,0.0,0.0,0.0
2025-11-17,2.0,56.0,13441.05,104.0,240.02,0.0,0.0,0.0
2025-11-18,3.0,62.0,14350.28,132.0,231.46,0.0,0.0,0.0
2025-11-19,4.0,43.0,10287.92,92.0,239.25,0.0,0.0,0.0
2025-11-20,5.0,27.0,6288.28,72.0,232.9,0.0,0.0,0.0
2025-11-21,6.0,27.0,7174.22,68.0,265.71,0.0,0.0,0.0
2025-11-22,7.0,19.0,4273.14,40.0,224.9,0.0,0.0,0.0
2025-11-23,1.0,31.0,8556.13,76.0,276.0,0.0,0.0,0.0
2025-11-24,2.0,38.0,8381.99,79.0,220.58,0.0,0.0,0.0
2025-11-25,3.0,61.0,15576.03,139.0,255.34,0.0,0.0,0.0
2025-11-26,4.0,39.0,8703.55,97.0,223.17,0.0,0.0,0.0
2025-11-27,5.0,32.0,7118.37,77.0,222.45,0.0,0.0,0.0
2025-11-28,6.0,52.0,13573.02,132.0,261.02,0.0,0.0,0.0
2025-11-29,7.0,31.0,8341.92,91.0,269.09,0.0,0.0,0.0
2025-11-30,1.0,34.0,7825.63,79.0,230.17,0.0,0.0,0.0
2025-12-01,2.0,32.0,8504.72,68.0,265.77,0.0,0.0,0.0
2025-12-02,3.0,50.0,10086.12,89.0,201.72,0.0,0.0,0.0
2025-12-03,4.0,37.0,8319.48,75.0,224.85,0.0,0.0,0.0
2025-12-04,5.0,39.0,10494.24,79.0,269.08,0.0,0.0,0.0
2025-12-05,6.0,30.0,6701.58,50.0,223.39,0.0,0.0,0.0
2025-12-06,7.0,29.0,7739.86,83.0,266.89,0.0,0.0,0.0
2025-12-07,1.0,25.0,6877.34,54.0,275.09,0.0,0.0,0.0
2025-12-08,2.0,46.0,10070.98,97.0,218.93,0.0,0.0,0.0
2025-12-09,3.0,49.0,12691.23,107.0,259.0,0.0,0.0,0.0
2025-12-10,4.0,34.0,8460.2,78.0,248.83,0.0,0.0,0.0
2025-12-11,5.0,42.0,10253.2,89.0,244.12,0.0,0.0,0.0
2025-12-12,6.0,26.0,5445.37,63.0,209.44,0.0,0.0,0.0
2025-12-13,7.0,22.0,6384.2,48.0,290.19,0.0,0.0,0.0
2025-12-14,1.0,25.0,7924.49,66.0,316.98,0.0,0.0,0.0
2025-12-15,2.0,45.0,10735.05,99.0,238.56,0.0,0.0,0.0
2025-12-16,3.0,24.0,3805.9,41.0,158.58,0.0,0.0,0.0
2025-12-17,4.0,40.0,10780.8,82.0,269.52,0.0,0.0,0.0
2025-12-18,5.0,30.0,6487.6,54.0,216.25,0.0,0.0,0.0
2025-12-19,6.0,25.0,7754.4,66.0,310.18,0.0,0.0,0.0
2025-12-20,7.0,19.0,3921.5,35.0,206.39,0.0,0.0,0.0
2025-12-21,1.0,19.0,7225.7,43.0,380.3,0.0,0.0,0.0
2025-12-22,2.0,19.0,3957.7,33.0,208.3,0.0,0.0,0.0
2025-12-23,3.0,24.0,6091.35,51.0,253.81,0.0,0.0,0.0
2025-12-24,4.0,10.0,3947.6,25.0,394.76,0.0,0.0,0.0
2025-12-25,5.0,10.0,3154.85,33.0,315.49,0.0,0.0,0.0
2025-12-26,6.0,12.0,2561.1,19.0,213.43,0.0,0.0,0.0
2025-12-27,7.0,16.0,3794.8,32.0,237.18,0.0,0.0,0.0
2025-12-28,1.0,18.0,6102.7,53.0,339.04,0.0,0.0,0.0
2025-12-29,2.0,22.0,5282.06,57.0,240.09,0.0,0.0,0.0
2025-12-30,3.0,15.0,3318.3,27.0,221.22,0.0,0.0,0.0
2025-12-31,4.0,12.0,3179.0,30.0,264.92,0.0,0.0,0.0
2026-01-01,5.0,5.0,1298.3,7.0,259.66,0.0,0.0,0.0
2026-01-02,6.0,36.0,14018.34,99.0,389.4,0.0,0.0,0.0
2026-01-03,7.0,30.0,10471.8,82.0,349.06,0.0,0.0,0.0
2026-01-04,1.0,29.0,6612.15,56.0,228.01,0.0,0.0,0.0
2026-01-05,2.0,41.0,11380.74,95.0,277.58,0.0,0.0,0.0
2026-01-06,3.0,41.0,12137.1,89.0,296.03,0.0,0.0,0.0
2026-01-07,4.0,48.0,13779.5,125.0,287.07,0.0,0.0,0.0
2026-01-08,5.0,37.0,8239.8,82.0,222.7,0.0,0.0,0.0
2026-01-09,6.0,33.0,9861.45,90.0,298.83,0.0,0.0,0.0
2026-01-10,7.0,19.0,4671.9,41.0,245.89,0.0,0.0,0.0
2026-01-11,1.0,26.0,7758.09,89.0,298.39,0.0,0.0,0.0
2026-01-12,2.0,43.0,14099.77,116.0,327.9,0.0,0.0,0.0
2026-01-13,3.0,48.0,13957.06,120.0,290.77,0.0,0.0,0.0
2026-01-14,4.0,47.0,12929.28,107.0,275.09,0.0,0.0,0.0
2026-01-15,5.0,41.0,10980.3,97.0,267.81,0.0,0.0,0.0
2026-01-16,6.0,49.0,17726.64,135.0,361.77,0.0,0.0,0.0
2026-01-17,7.0,26.0,8207.09,59.0,315.66,0.0,0.0,0.0
2026-01-18,1.0,36.0,10392.9,92.0,288.69,0.0,0.0,0.0
2026-01-19,2.0,35.0,8760.3,77.0,250.29,0.0,0.0,0.0
2026-01-20,3.0,53.0,13914.7,123.0,262.54,0.0,0.0,0.0
2026-01-21,4.0,42.0,12346.91,114.0,293.97,0.0,0.0,0.0
2026-01-22,5.0,40.0,13514.18,100.0,337.85,0.0,0.0,0.0
2026-01-23,6.0,39.0,9513.85,88.0,243.94,0.0,0.0,0.0
2026-01-24,7.0,18.0,5082.96,47.0,282.39,0.0,0.0,0.0
2026-01-25,1.0,25.0,8649.33,60.0,345.97,0.0,0.0,0.0
2026-01-26,2.0,56.0,12428.97,113.0,221.95,0.0,0.0,0.0
2026-01-27,3.0,59.0,15382.45,126.0,260.72,0.0,0.0,0.0
2026-01-28,4.0,53.0,16816.02,130.0,317.28,0.0,0.0,0.0
2026-01-29,5.0,45.0,15206.2,120.0,337.92,0.0,0.0,0.0
2026-01-30,6.0,37.0,10545.2,88.0,285.01,0.0,0.0,0.0
2026-01-31,7.0,23.0,8012.75,62.0,348.38,0.0,0.0,0.0
2026-02-01,1.0,36.0,9906.66,93.0,275.19,0.0,0.0,0.0
2026-02-02,2.0,41.0,11122.4,93.0,271.28,0.0,0.0,0.0
2026-02-03,3.0,50.0,12541.28,108.0,250.83,0.0,0.0,0.0
2026-02-04,4.0,54.0,14520.48,106.0,268.9,0.0,0.0,0.0
2026-02-05,5.0,51.0,13790.75,112.0,270.41,0.0,0.0,0.0
2026-02-06,6.0,36.0,8668.14,75.0,240.78,0.0,0.0,0.0
2026-02-07,7.0,20.0,5070.89,39.0,253.54,0.0,0.0,0.0
2026-02-08,1.0,32.0,9374.12,75.0,292.94,0.0,0.0,0.0
2026-02-09,2.0,47.0,11164.3,87.0,237.54,0.0,0.0,0.0
2026-02-10,3.0,41.0,9646.92,88.0,235.29,0.0,0.0,0.0
2026-02-11,4.0,43.0,9327.8,72.0,216.93,0.0,0.0,0.0
2026-02-12,5.0,40.0,9684.01,83.0,242.1,0.0,0.0,0.0
2026-02-13,6.0,29.0,8470.66,80.0,292.09,0.0,0.0,0.0
2026-02-14,7.0,32.0,8472.42,74.0,264.76,0.0,0.0,0.0
2026-02-15,1.0,23.0,5592.64,47.0,243.16,0.0,0.0,0.0
2026-02-16,2.0,24.0,6204.58,52.0,258.52,0.0,0.0,0.0
2026-02-17,3.0,13.0,4090.38,28.0,314.64,0.0,0.0,0.0
2026-02-18,4.0,42.0,9573.42,75.0,227.94,0.0,0.0,0.0
2026-02-19,5.0,38.0,9518.91,79.0,250.5,0.0,0.0,0.0
2026-02-20,6.0,34.0,11141.71,88.0,327.7,0.0,0.0,0.0
2026-02-21,7.0,23.0,5519.47,49.0,239.98,0.0,0.0,0.0
2026-02-22,1.0,27.0,9364.68,74.0,346.84,0.0,0.0,0.0
2026-02-23,2.0,44.0,13064.32,91.0,296.92,0.0,0.0,0.0
2026-02-24,3.0,71.0,20356.35,193.0,286.71,0.0,0.0,0.0
2026-02-25,4.0,57.0,16888.18,154.0,296.28,0.0,0.0,0.0
2026-02-26,5.0,42.0,12170.24,109.0,289.77,0.0,0.0,0.0
2026-02-27,6.0,32.0,9047.61,82.0,282.74,0.0,0.0,0.0
2026-02-28,7.0,34.0,8927.51,77.0,262.57,0.0,0.0,0.0
2026-03-01,1.0,42.0,10808.65,82.0,257.35,0.0,0.0,0.0
2026-03-02,2.0,63.0,16041.63,138.0,254.63,0.0,0.0,0.0
2026-03-03,3.0,57.0,12549.41,115.0,220.17,0.0,0.0,0.0
2026-03-04,4.0,55.0,13829.75,121.0,251.45,0.0,0.0,0.0
2026-03-05,5.0,52.0,14918.94,125.0,286.9,0.0,0.0,0.0
2026-03-06,6.0,54.0,14875.5,119.0,275.47,0.0,0.0,0.0
2026-03-07,7.0,59.0,14107.88,112.0,239.12,0.0,0.0,0.0
2026-03-08,1.0,29.0,6752.81,48.0,232.86,0.0,0.0,0.0
2026-03-09,2.0,52.0,12465.72,93.0,239.73,0.0,0.0,0.0
2026-03-10,3.0,49.0,12230.33,127.0,249.6,0.0,0.0,0.0
2026-03-11,4.0,49.0,11909.14,101.0,243.04,0.0,0.0,0.0
2026-03-12,5.0,37.0,8369.77,65.0,226.21,0.0,0.0,0.0
2026-03-13,6.0,49.0,11945.25,110.0,243.78,0.0,0.0,0.0
2026-03-14,7.0,21.0,5524.61,38.0,263.08,0.0,0.0,0.0
2026-03-15,1.0,37.0,9511.04,84.0,257.06,0.0,0.0,0.0
2026-03-16,2.0,49.0,13510.5,108.0,275.72,0.0,0.0,0.0
2026-03-17,3.0,54.0,12840.31,98.0,237.78,0.0,0.0,0.0
2026-03-18,4.0,44.0,11761.74,107.0,267.31,0.0,0.0,0.0
2026-03-19,5.0,38.0,9719.46,94.0,255.78,0.0,0.0,0.0
2026-03-20,6.0,39.0,9114.81,91.0,233.71,0.0,0.0,0.0
2026-03-21,7.0,33.0,8463.59,83.0,256.47,0.0,0.0,0.0
2026-03-22,1.0,29.0,7182.91,54.0,247.69,0.0,0.0,0.0
2026-03-23,2.0,40.0,10835.34,73.0,270.88,0.0,0.0,0.0
2026-03-24,3.0,39.0,10909.53,90.0,279.73,0.0,0.0,0.0
2026-03-25,4.0,48.0,12085.57,122.0,251.78,0.0,0.0,0.0
2026-03-26,5.0,44.0,12509.73,104.0,284.31,0.0,0.0,0.0
2026-03-27,6.0,56.0,17500.4,142.0,312.51,0.0,0.0,0.0
2026-03-28,7.0,40.0,10064.69,77.0,251.62,0.0,0.0,0.0
2026-03-29,1.0,37.0,11813.24,92.0,319.28,0.0,0.0,0.0
2026-03-30,2.0,62.0,15791.67,114.0,254.7,0.0,0.0,0.0
2026-03-31,3.0,63.0,17638.04,153.0,279.97,0.0,0.0,0.0
2026-04-01,4.0,42.0,11816.79,107.0,281.35,0.0,0.0,0.0
2026-04-02,5.0,55.0,15892.5,115.0,288.95,0.0,0.0,0.0
2026-04-03,6.0,38.0,9647.4,66.0,253.88,0.0,0.0,0.0
2026-04-04,7.0,27.0,7808.5,72.0,289.2,0.0,0.0,0.0
2026-04-05,1.0,30.0,9615.46,67.0,320.52,0.0,0.0,0.0
2026-04-06,2.0,53.0,14166.02,106.0,267.28,0.0,0.0,0.0
2026-04-07,3.0,45.0,13695.5,105.0,304.34,0.0,0.0,0.0
2026-04-08,4.0,55.0,12910.41,124.0,234.73,0.0,0.0,0.0
2026-04-09,5.0,54.0,13308.59,112.0,246.46,0.0,0.0,0.0
2026-04-10,6.0,51.0,11639.83,88.0,228.23,0.0,0.0,0.0
2026-04-11,7.0,40.0,10313.25,80.0,257.83,0.0,0.0,0.0
2026-04-12,1.0,47.0,11294.44,90.0,240.31,0.0,0.0,0.0
2026-04-13,2.0,69.0,17084.34,163.0,247.6,0.0,0.0,0.0
2026-04-14,3.0,60.0,14450.96,113.0,240.85,0.0,0.0,0.0
2026-04-15,4.0,58.0,14972.21,133.0,258.14,0.0,0.0,0.0
2026-04-16,5.0,41.0,10631.84,79.0,259.31,0.0,0.0,0.0
2026-04-17,6.0,52.0,14100.29,131.0,271.16,0.0,0.0,0.0
2026-04-18,7.0,41.0,9663.87,108.0,235.7,0.0,0.0,0.0
2026-04-19,1.0,36.0,8607.41,59.0,239.09,0.0,0.0,0.0
2026-04-20,2.0,34.0,7025.34,70.0,206.63,0.0,0.0,0.0
2026-04-21,3.0,43.0,12148.98,106.0,282.53,0.0,0.0,0.0
2026-04-22,4.0,47.0,15854.74,107.0,337.33,0.0,0.0,0.0
2026-04-23,5.0,44.0,11474.64,125.0,260.79,0.0,0.0,0.0
2026-04-24,6.0,26.0,7818.56,60.0,300.71,0.0,0.0,0.0
2026-04-25,7.0,39.0,9494.49,82.0,243.45,0.0,0.0,0.0
2026-04-26,1.0,41.0,11634.46,110.0,283.77,0.0,0.0,0.0
2026-04-27,2.0,55.0,16605.4,126.0,301.92,0.0,0.0,0.0
2026-04-28,3.0,50.0,15222.35,133.0,304.45,0.0,0.0,0.0
2026-04-29,4.0,50.0,16674.57,151.0,333.49,0.0,0.0,0.0
2026-04-30,5.0,52.0,17495.36,150.0,336.45,0.0,0.0,0.0
2026-05-01,6.0,38.0,9940.57,102.0,261.59,0.0,0.0,0.0
2026-05-02,7.0,25.0,7186.98,50.0,287.48,0.0,0.0,0.0
2026-05-03,1.0,26.0,6887.39,63.0,264.9,0.0,0.0,0.0
2026-05-04,2.0,45.0,11247.49,98.0,249.94,0.0,0.0,0.0
2026-05-05,3.0,59.0,16942.47,152.0,287.16,0.0,0.0,0.0
2026-05-06,4.0,72.0,22389.95,167.0,310.97,0.0,0.0,0.0
2026-05-07,5.0,44.0,10526.18,81.0,239.23,0.0,0.0,0.0
2026-05-08,6.0,43.0,10010.69,87.0,232.81,0.0,0.0,0.0
2026-05-09,7.0,31.0,9114.0,70.0,294.0,0.0,0.0,0.0
2026-05-10,1.0,29.0,6563.46,53.0,226.33,0.0,0.0,0.0
2026-05-11,2.0,65.0,15448.23,131.0,237.67,0.0,0.0,0.0
2026-05-12,3.0,68.0,19103.1,169.0,280.93,0.0,0.0,0.0
2026-05-13,4.0,58.0,16306.35,135.0,281.14,0.0,0.0,0.0
2026-05-14,5.0,47.0,11584.69,90.0,246.48,0.0,0.0,0.0
2026-05-15,6.0,41.0,12302.45,101.0,300.06,0.0,0.0,0.0
2026-05-16,7.0,19.0,6331.5,55.0,333.24,0.0,0.0,0.0
2026-05-17,1.0,30.0,11199.6,97.0,373.32,0.0,0.0,0.0
2026-05-18,2.0,56.0,16869.43,160.0,301.24,0.0,0.0,0.0
2026-05-19,3.0,53.0,13920.51,138.0,262.65,0.0,0.0,0.0
2026-05-20,4.0,45.0,11939.34,91.0,265.32,0.0,0.0,0.0
2026-05-21,5.0,41.0,9928.88,83.0,242.17,0.0,0.0,0.0
2026-05-22,6.0,43.0,13197.91,122.0,306.93,0.0,0.0,0.0
2026-05-23,7.0,29.0,9343.72,77.0,322.2,0.0,0.0,0.0
2026-05-24,1.0,37.0,12009.11,90.0,324.57,0.0,0.0,0.0
2026-05-25,2.0,36.0,11540.89,86.0,320.58,0.0,0.0,0.0
2026-05-26,3.0,42.0,11643.87,95.0,277.24,0.0,0.0,0.0
2026-05-27,4.0,51.0,11717.53,88.0,229.76,0.0,0.0,0.0
2026-05-28,5.0,51.0,13475.83,135.0,264.23,0.0,0.0,0.0
2026-05-29,6.0,30.0,8315.36,68.0,277.18,0.0,0.0,0.0
2026-05-30,7.0,45.0,13467.92,123.0,299.29,0.0,0.0,0.0
2026-05-31,1.0,29.0,8730.01,77.0,301.03,0.0,0.0,0.0
2026-06-01,2.0,45.0,10746.12,86.0,238.8,0.0,0.0,0.0
2026-06-02,3.0,33.0,8167.26,70.0,247.49,0.0,0.0,0.0
2026-06-03,4.0,46.0,11637.62,109.0,252.99,0.0,0.0,0.0
2026-06-04,5.0,36.0,11077.49,69.0,307.71,0.0,0.0,0.0
2026-06-05,6.0,32.0,9545.12,79.0,298.29,0.0,0.0,0.0
2026-06-06,7.0,29.0,9445.06,73.0,325.69,0.0,0.0,0.0
2026-06-07,1.0,19.0,7186.79,80.0,378.25,0.0,0.0,0.0
2026-06-08,2.0,44.0,12212.94,97.0,277.57,0.0,0.0,0.0
2026-06-09,3.0,35.0,8387.78,65.0,239.65,0.0,0.0,0.0
2026-06-10,4.0,26.0,6799.03,68.0,261.5,0.0,0.0,0.0
2026-06-11,5.0,45.0,13095.96,106.0,291.02,0.0,0.0,0.0
2026-06-12,6.0,36.0,10815.32,91.0,300.43,0.0,0.0,0.0
2026-06-13,7.0,26.0,8569.38,64.0,329.59,0.0,0.0,0.0
2026-06-14,1.0,22.0,6807.18,50.0,309.42,0.0,0.0,0.0
2026-06-15,2.0,43.0,13665.11,91.0,317.79,0.0,0.0,0.0
2026-06-16,3.0,41.0,11115.76,86.0,271.12,0.0,0.0,0.0
2026-06-17,4.0,23.0,7002.47,47.0,304.46,0.0,0.0,0.0
2026-06-18,5.0,31.0,8425.66,70.0,271.8,0.0,0.0,0.0
2026-06-19,6.0,27.0,6846.78,58.0,253.58,0.0,0.0,0.0
2026-06-20,7.0,18.0,5216.8,51.0,289.82,0.0,0.0,0.0
2026-06-21,1.0,20.0,6132.8,44.0,306.64,0.0,0.0,0.0
2026-06-22,2.0,47.0,13846.8,125.0,294.61,0.0,0.0,0.0
2026-06-23,3.0,28.0,8292.93,65.0,296.18,0.0,0.0,0.0
2026-06-24,4.0,25.0,5997.81,59.0,239.91,0.0,0.0,0.0
2026-06-25,5.0,32.0,8737.68,64.0,273.05,0.0,0.0,0.0
2026-06-26,6.0,36.0,9246.22,84.0,256.84,0.0,0.0,0.0
2026-06-27,7.0,25.0,7373.57,54.0,294.94,0.0,0.0,0.0
2026-06-28,1.0,22.0,6693.74,53.0,304.26,0.0,0.0,0.0
2026-06-29,2.0,37.0,10985.09,100.0,296.89,0.0,0.0,0.0
2026-06-30,3.0,44.0,13358.79,100.0,303.61,0.0,0.0,0.0
2026-07-01,4.0,50.0,15199.9,120.0,304.0,0.0,0.0,0.0
2026-07-02,5.0,46.0,12992.24,107.0,282.44,0.0,0.0,0.0
2026-07-03,6.0,39.0,10405.1,69.0,266.8,0.0,0.0,0.0
2026-07-04,7.0,26.0,7687.52,55.0,295.67,0.0,0.0,0.0
2026-07-05,1.0,14.0,3086.34,24.0,220.45,0.0,0.0,0.0
2026-07-06,2.0,35.0,10022.18,69.0,286.35,0.0,0.0,0.0
2026-07-07,3.0,42.0,10111.97,84.0,240.76,0.0,0.0,0.0
2026-07-08,4.0,42.0,11093.99,88.0,264.14,0.0,0.0,0.0
2026-07-09,5.0,38.0,10482.34,84.0,275.85,0.0,0.0,0.0
2026-07-10,6.0,28.0,5938.78,47.0,212.1,0.0,0.0,0.0
2026-07-11,7.0,32.0,9419.46,66.0,294.36,0.0,0.0,0.0
2026-07-12,1.0,14.0,4662.97,32.0,333.07,0.0,0.0,0.0
2026-07-13,2.0,44.0,11245.13,92.0,255.57,0.0,0.0,0.0
2026-07-14,3.0,42.0,8802.84,89.0,209.59,0.0,0.0,0.0
2026-07-15,4.0,77.0,23000.08,267.0,298.7,0.0,0.0,0.0
2026-07-16,5.0,40.0,11089.19,94.0,277.23,0.0,0.0,0.0
2026-07-17,6.0,35.0,11229.12,102.0,320.83,0.0,0.0,0.0
2026-07-18,7.0,28.0,8031.55,64.0,286.84,0.0,0.0,0.0
2026-07-19,1.0,22.0,7611.23,47.0,345.97,0.0,0.0,0.0
2026-07-20,2.0,42.0,11909.84,85.0,283.57,0.0,0.0,0.0
2026-07-21,3.0,43.0,11464.01,92.0,266.6,0.0,0.0,0.0
2026-07-22,4.0,43.0,12134.03,117.0,282.19,0.0,0.0,0.0
2026-07-23,5.0,33.0,8428.21,83.0,255.4,0.0,0.0,0.0
2026-07-24,6.0,32.0,9584.8,76.0,299.53,0.0,0.0,0.0
2026-07-25,7.0,18.0,5827.57,56.0,323.75,0.0,0.0,0.0
2026-07-26,1.0,27.0,6797.4,73.0,251.76,0.0,0.0,0.0
2026-07-27,2.0,43.0,11719.5,90.0,272.55,0.0,0.0,0.0
2026-07-28,3.0,44.0,11416.75,93.0,259.47,0.0,0.0,0.0
2026-07-29,4.0,52.0,14377.89,114.0,276.5,0.0,0.0,0.0
2026-07-30,5.0,52.0,15455.61,135.0,297.22,0.0,0.0,0.0
2026-07-31,6.0,62.0,17635.88,165.0,284.45,0.0,0.0,0.0
2026-08-01,7.0,37.0,7477.62,74.0,202.1,0.0,0.0,0.0
2026-08-02,1.0,27.0,6936.21,59.0,256.9,0.0,0.0,0.0
2026-08-03,2.0,59.0,16510.22,112.0,279.83,0.0,0.0,0.0
2026-08-04,3.0,50.0,13789.96,116.0,275.8,0.0,0.0,0.0
2026-08-05,4.0,56.0,15486.34,109.0,276.54,0.0,0.0,0.0
2026-08-06,5.0,47.0,11672.23,151.0,248.35,0.0,0.0,0.0
2026-08-07,6.0,31.0,7287.64,64.0,235.09,0.0,0.0,0.0
2026-08-08,7.0,44.0,14164.58,114.0,321.92,0.0,0.0,0.0
2026-08-09,1.0,27.0,6731.32,52.0,249.31,0.0,0.0,0.0
2026-08-10,2.0,63.0,15366.51,159.0,243.91,0.0,0.0,0.0
2026-08-11,3.0,38.0,11059.7,111.0,291.04,0.0,0.0,0.0
2026-08-12,4.0,43.0,12602.59,90.0,293.08,0.0,0.0,0.0
2026-08-13,5.0,46.0,13622.81,97.0,296.15,0.0,0.0,0.0
2026-08-14,6.0,42.0,10758.67,100.0,256.16,0.0,0.0,0.0
2026-08-15,7.0,26.0,6813.08,51.0,262.04,0.0,0.0,0.0
2026-08-16,1.0,18.0,5545.51,53.0,308.08,0.0,0.0,0.0
2026-08-17,2.0,38.0,8483.71,73.0,223.26,0.0,0.0,0.0
2026-08-18,3.0,39.0,11907.5,82.0,305.32,0.0,0.0,0.0
2026-08-19,4.0,34.0,8214.08,60.0,241.59,0.0,0.0,0.0
2026-08-20,5.0,34.0,8969.68,65.0,263.81,0.0,0.0,0.0
2026-08-21,6.0,38.0,9218.19,57.0,242.58,0.0,0.0,0.0
2026-08-22,7.0,21.0,5418.73,36.0,258.03,0.0,0.0,0.0
2026-08-23,1.0,23.0,6885.91,59.0,299.39,0.0,0.0,0.0
2026-08-24,2.0,43.0,10810.31,102.0,251.4,1.6,0.0,0.0
2026-08-25,3.0,54.0,13080.41,112.0,242.23,3.67,0.0,0.0
2026-08-26,4.0,54.0,14584.41,132.0,270.08,3.37,0.0,0.0
2026-08-27,5.0,41.0,12008.08,102.0,292.88,2.65,0.0,0.0
2026-08-28,6.0,33.0,8748.44,60.0,265.1,5.19,0.0,0.0
2026-08-29,7.0,32.0,10819.68,83.0,338.12,6.12,0.0,0.0
2026-08-30,1.0,26.0,10000.68,65.0,384.64,4.61,0.0,0.0
2026-08-31,2.0,58.0,17888.46,163.0,308.42,6.81,0.0,0.0
2026-09-01,3.0,44.0,10623.05,81.0,241.43,6.63,0.0,0.0
2026-09-02,4.0,47.0,12472.21,84.0,265.37,4.34,0.0,0.0
2026-09-03,5.0,26.0,5639.35,60.0,216.9,5.43,0.0,0.0
2026-09-04,6.0,30.0,8514.02,78.0,283.8,1.66,0.0,0.0
2026-09-05,7.0,30.0,8054.86,64.0,268.5,2.88,0.0,0.0
2026-09-06,1.0,24.0,6667.25,59.0,277.8,5.91,0.0,0.0
2026-09-07,2.0,30.0,9849.53,78.0,328.32,1.66,0.0,0.0
2026-09-08,3.0,22.0,5299.84,46.0,240.9,3.07,0.0,0.0
2026-09-09,4.0,66.0,17662.52,153.0,267.61,6.63,0.0,0.0
2026-09-10,5.0,53.0,13174.19,106.0,248.57,4.15,0.0,0.0
2026-09-11,6.0,34.0,9519.99,70.0,280.0,2.02,0.0,0.0
2026-09-12,7.0,24.0,6743.29,48.0,280.97,0.29,0.0,0.0
2026-09-13,1.0,25.0,6271.17,51.0,250.85,2.81,0.0,0.0
2026-09-14,2.0,43.0,10778.12,75.0,250.65,3.59,0.0,0.0
2026-09-15,3.0,60.0,16548.03,140.0,275.8,5.76,0.0,0.0
2026-09-16,4.0,36.0,10719.15,90.0,297.75,6.44,0.0,0.0
2026-09-17,5.0,30.0,8215.47,67.0,273.85,2.7,0.0,0.0
2026-09-18,6.0,34.0,6425.55,54.0,188.99,1.06,0.0,0.0
2026-09-19,7.0,20.0,4505.91,44.0,225.3,2.96,0.0,0.0
2026-09-20,1.0,27.0,9565.36,78.0,354.27,3.59,0.0,0.0
2026-09-21,2.0,45.0,10906.44,100.0,242.37,3.06,0.0,0.0
2026-09-22,3.0,35.0,8351.7,83.0,238.62,0.99,0.0,0.0
2026-09-23,4.0,38.0,11601.17,109.0,305.29,2.52,0.0,0.0
2026-09-24,5.0,34.0,8510.74,77.0,250.32,3.48,0.0,0.0
2026-09-25,6.0,27.0,7815.09,63.0,289.45,3.91,0.0,0.0
2026-09-26,7.0,23.0,6009.7,44.0,261.29,1.61,0.0,0.0
2026-09-27,1.0,28.0,6883.73,57.0,245.85,6.58,0.0,0.0
2026-09-28,2.0,35.0,9440.01,78.0,269.71,3.18,0.0,0.0
2026-09-29,3.0,81.0,24286.36,187.0,299.83,6.31,0.0,0.0
2026-09-30,4.0,75.0,19200.99,146.0,256.01,5.16,0.0,0.0
2026-10-01,5.0,60.0,19063.61,154.0,317.73,5.35,0.0,0.0
2026-10-02,6.0,48.0,14276.0,174.0,297.42,3.35,0.0,0.0
2026-10-03,7.0,39.0,11204.64,87.0,287.3,3.73,0.0,0.0
2026-10-04,1.0,22.0,5665.46,58.0,257.52,4.63,0.0,0.0
2026-10-05,2.0,50.0,13990.74,113.0,279.81,5.44,0.0,0.0
2026-10-06,3.0,66.0,16785.24,165.0,254.32,5.06,0.0,0.0
