ds,origem,pedidos,linhas,unidades,faturamento,ticket_medio
2024-03-01,SEM_INFO,10.0,13.0,15.0,2018.15,201.82
2024-04-01,SEM_INFO,89.0,120.0,136.0,15135.85,170.07
2024-05-01,SEM_INFO,236.0,345.0,393.0,39022.51,165.35
2024-06-01,SEM_INFO,332.0,551.0,591.0,59153.18,178.17
2024-07-01,SEM_INFO,482.0,837.0,898.0,84808.54,175.95
2024-08-01,SEM_INFO,476.0,814.0,896.0,85474.94,179.57
2024-09-01,SEM_INFO,653.0,1132.0,1238.0,121325.49,185.8
2024-10-01,SEM_INFO,815.0,1382.0,1483.0,146166.33,179.35
2024-11-01,SEM_INFO,789.0,1465.0,1616.0,156311.23,198.11
2024-12-01,SEM_INFO,578.0,996.0,1092.0,106177.59,183.7
2025-01-01,SEM_INFO,911.0,1584.0,1700.0,168195.95,184.63
2025-02-01,SEM_INFO,1148.0,2046.0,2255.0,225355.97,196.3
2025-03-01,SEM_INFO,1389.0,2487.0,2761.0,271113.83,195.19
2025-04-01,SEM_INFO,1274.0,2298.0,2548.0,264157.38,207.34
2025-05-01,SEM_INFO,1500.0,2614.0,2869.0,300625.84,200.42
2025-06-01,SEM_INFO,1333.0,2363.0,2581.0,276459.73,207.4
2025-07-01,SEM_INFO,1212.0,2198.0,2385.0,266581.19,219.95
2025-08-01,SEM_INFO,1408.0,2458.0,2637.0,307843.3,218.64
2025-09-01,SEM_INFO,1463.0,2653.0,2876.0,351511.76,240.27
2025-10-01,SEM_INFO,1476.0,2722.0,2996.0,358726.28,243.04
2025-11-01,SEM_INFO,1275.0,2405.0,2698.0,304128.04,238.53
2025-12-01,SEM_INFO,846.0,1638.0,1826.0,212053.42,250.65
2026-01-01,SEM_INFO,1160.0,2495.0,2829.0,338696.03,291.98
2026-02-01,SEM_INFO,1056.0,2128.0,2383.0,283220.83,268.2
2026-03-01,SEM_INFO,1420.0,2753.0,3080.0,367581.96,258.86
2026-04-01,SEM_INFO,1375.0,2774.0,3138.0,373068.5,271.32
2026-05-01,1P,22.0,22.0,24.0,3075.22,139.78
2026-05-01,3P,520.0,1052.0,1214.0,143565.82,276.09
2026-05-01,SEM_INFO,804.0,1667.0,1896.0,222544.37,276.8
2026-06-01,1P,123.0,135.0,142.0,19126.39,155.5
2026-06-01,3P,914.0,1815.0,2082.0,253874.79,277.76
2026-06-01,SEM_INFO,19.0,34.0,34.0,4429.88,233.15
2026-07-01,1P,438.0,528.0,566.0,88452.36,201.95
2026-07-01,3P,996.0,1802.0,2211.0,240137.08,241.1
2026-07-01,SEM_INFO,1.0,2.0,2.0,273.98,273.98
2026-08-01,1P,609.0,787.0,874.0,128864.26,211.6
2026-08-01,3P,918.0,1552.0,1869.0,200513.55,218.42
2026-08-01,SEM_INFO,11.0,20.0,20.0,3485.45,316.86
2026-09-01,1P,766.0,1131.0,1222.0,173576.96,226.6
2026-09-01,3P,645.0,1049.0,1242.0,125655.78,194.82
2026-09-01,SEM_INFO,4.0,6.0,6.0,1022.05,255.51
2026-10-01,1P,179.0,275.0,317.0,41136.17,229.81
2026-10-01,3P,124.0,232.0,281.0,25307.07,204.09
2026-10-01,SEM_INFO,61.0,144.0,172.0,16967.3,278.15
