ds,situacao,pedidos,faturamento,pedidos_atipicos,faturamento_atipicos
2024-03-01,REMOVIDO_STATUS_OU_TESTE,19.0,2468.27,0.0,0.0
2024-03-01,VALIDO,10.0,2018.15,0.0,0.0
2024-04-01,REMOVIDO_STATUS_OU_TESTE,86.0,16419.12,0.0,0.0
2024-04-01,VALIDO,89.0,15135.85,1.0,1054.72
2024-05-01,REMOVIDO_STATUS_OU_TESTE,94.0,18313.92,0.0,0.0
2024-05-01,VALIDO,236.0,39022.51,0.0,0.0
2024-06-01,REMOVIDO_STATUS_OU_TESTE,86.0,18286.65,0.0,0.0
2024-06-01,VALIDO,332.0,59153.18,1.0,1202.01
2024-07-01,REMOVIDO_STATUS_OU_TESTE,175.0,30615.78,0.0,0.0
2024-07-01,VALIDO,482.0,84808.54,1.0,912.37
2024-08-01,REMOVIDO_STATUS_OU_TESTE,132.0,23289.22,0.0,0.0
2024-08-01,VALIDO,476.0,85474.94,2.0,2247.06
2024-09-01,REMOVIDO_STATUS_OU_TESTE,214.0,39709.3,1.0,1293.8
2024-09-01,VALIDO,653.0,121325.49,6.0,6327.92
2024-10-01,REMOVIDO_STATUS_OU_TESTE,196.0,35036.75,0.0,0.0
2024-10-01,VALIDO,815.0,146166.33,5.0,5213.95
2024-11-01,REMOVIDO_STATUS_OU_TESTE,194.0,42412.17,2.0,2512.8
2024-11-01,VALIDO,789.0,156311.23,8.0,8941.61
2024-12-01,REMOVIDO_STATUS_OU_TESTE,102.0,18633.55,0.0,0.0
2024-12-01,VALIDO,578.0,106177.59,3.0,2938.81
2025-01-01,REMOVIDO_STATUS_OU_TESTE,242.0,49223.54,2.0,2805.4
2025-01-01,VALIDO,911.0,168195.95,2.0,2245.27
2025-02-01,REMOVIDO_STATUS_OU_TESTE,247.0,49105.98,0.0,0.0
2025-02-01,VALIDO,1148.0,225355.97,7.0,7901.75
2025-03-01,REMOVIDO_STATUS_OU_TESTE,321.0,71713.81,3.0,4653.49
2025-03-01,VALIDO,1389.0,271113.83,6.0,7410.46
2025-04-01,REMOVIDO_STATUS_OU_TESTE,333.0,76955.38,3.0,3487.44
2025-04-01,VALIDO,1274.0,264157.38,9.0,10802.35
2025-05-01,REMOVIDO_STATUS_OU_TESTE,498.0,103145.96,5.0,5106.65
2025-05-01,VALIDO,1500.0,300625.84,8.0,8566.87
2025-06-01,REMOVIDO_STATUS_OU_TESTE,428.0,87382.16,1.0,1079.16
2025-06-01,VALIDO,1333.0,276459.73,8.0,8307.95
2025-07-01,REMOVIDO_STATUS_OU_TESTE,303.0,69578.31,0.0,0.0
2025-07-01,VALIDO,1212.0,266581.19,7.0,8767.24
2025-08-01,REMOVIDO_STATUS_OU_TESTE,353.0,74981.47,3.0,3044.5
2025-08-01,VALIDO,1408.0,307843.3,8.0,9189.73
2025-09-01,REMOVIDO_STATUS_OU_TESTE,390.0,99767.48,1.0,973.3
2025-09-01,VALIDO,1463.0,351511.76,12.0,12822.26
2025-10-01,REMOVIDO_STATUS_OU_TESTE,297.0,70385.14,1.0,2623.5
2025-10-01,VALIDO,1476.0,358726.28,13.0,14785.11
2025-11-01,REMOVIDO_STATUS_OU_TESTE,333.0,76435.45,0.0,0.0
2025-11-01,VALIDO,1275.0,304128.04,9.0,9176.57
2025-12-01,REMOVIDO_STATUS_OU_TESTE,165.0,36635.49,1.0,1258.5
2025-12-01,VALIDO,846.0,212053.42,6.0,5915.3
2026-01-01,REMOVIDO_STATUS_OU_TESTE,208.0,58297.75,4.0,4425.2
2026-01-01,VALIDO,1160.0,338696.03,11.0,11400.14
2026-02-01,REMOVIDO_STATUS_OU_TESTE,195.0,49611.73,3.0,3058.17
2026-02-01,VALIDO,1056.0,283220.83,10.0,9737.39
2026-03-01,REMOVIDO_STATUS_OU_TESTE,230.0,54376.78,2.0,1810.4
2026-03-01,VALIDO,1420.0,367581.96,12.0,12969.51
2026-04-01,REMOVIDO_STATUS_OU_TESTE,327.0,88799.9,4.0,5876.29
2026-04-01,VALIDO,1375.0,373068.5,13.0,12719.96
2026-05-01,REMOVIDO_STATUS_OU_TESTE,402.0,111567.11,5.0,4971.58
2026-05-01,VALIDO,1328.0,369185.41,15.0,17113.65
2026-06-01,REMOVIDO_STATUS_OU_TESTE,242.0,71837.46,11.0,11945.69
2026-06-01,VALIDO,973.0,277431.06,19.0,19935.94
2026-07-01,REMOVIDO_STATUS_OU_TESTE,262.0,69988.74,8.0,10218.28
2026-07-01,VALIDO,1185.0,328863.42,18.0,22018.36
2026-08-01,REMOVIDO_STATUS_OU_TESTE,278.0,132538.21,20.0,60389.42
2026-08-01,VALIDO,1222.0,332863.26,20.0,20614.19
2026-09-01,REMOVIDO_STATUS_OU_TESTE,345.0,340388.89,35.0,272795.35
2026-09-01,VALIDO,1126.0,300254.79,17.0,17847.8
2026-10-01,REMOVIDO_STATUS_OU_TESTE,63.0,16826.34,0.0,0.0
2026-10-01,VALIDO,292.0,83410.54,6.0,7723.3
