ds,ano,mes,trimestre,y_total_pedidos,faturamento_total,ticket_medio,total_unidades_vendidas,media_itens_por_pedido,preco_medio_unidade,preco_cheio_medio_unidade,desconto_medio_pct,pct_itens_com_desconto,produtos_distintos,pct_fat_produtos_novos_90d,ticket_mediano,ticket_p90,maior_pedido,pedidos_grandes,pct_fat_pedidos_grandes,ticket_medio_sem_grandes,linhas_por_pedido,pedidos_extremos,faturamento_extremos,pedidos_grupos_identicos,ticket_medio_sem_extremos,dias_com_venda,dias_no_mes,mes_completo,ultima_data
2024-03-01,2024.0,3.0,1.0,10.0,2018.15,201.82,15.0,1.5,134.54,134.54,0.0,0.0,8.0,100.0,111.63,259.97,725.29,0.0,0.0,201.82,1.3,0.0,0.0,0.0,201.82,9.0,31.0,True,2024-03-29
2024-04-01,2024.0,4.0,2.0,89.0,15135.85,170.07,136.0,1.53,111.29,111.29,0.0,0.0,64.0,100.0,144.19,317.96,1054.72,1.0,7.0,160.01,1.35,0.0,0.0,0.0,170.07,27.0,30.0,True,2024-04-30
2024-05-01,2024.0,5.0,2.0,236.0,39022.51,165.35,393.0,1.67,99.29,99.29,0.0,0.0,150.0,100.0,120.09,332.61,833.5,0.0,0.0,165.35,1.46,0.0,0.0,0.0,165.35,31.0,31.0,True,2024-05-31
2024-06-01,2024.0,6.0,2.0,332.0,59153.18,178.17,591.0,1.78,100.09,100.09,0.0,0.0,223.0,92.2,149.35,332.02,1202.01,2.0,3.5,173.02,1.66,0.0,0.0,0.0,178.17,30.0,30.0,True,2024-06-30
2024-07-01,2024.0,7.0,3.0,482.0,84808.54,175.95,898.0,1.86,94.44,94.44,0.0,0.0,297.0,82.6,147.9,329.1,912.37,1.0,1.1,174.42,1.74,0.0,0.0,0.0,175.95,31.0,31.0,True,2024-07-31
2024-08-01,2024.0,8.0,3.0,476.0,85474.94,179.57,896.0,1.88,95.4,95.4,0.0,0.0,343.0,62.8,145.71,340.95,1334.9,2.0,2.6,175.59,1.71,0.0,0.0,0.0,179.57,31.0,31.0,True,2024-08-31
2024-09-01,2024.0,9.0,3.0,653.0,121325.49,185.8,1238.0,1.9,98.0,98.0,0.0,0.0,396.0,44.5,150.54,342.57,1338.6,6.0,5.2,177.74,1.73,0.0,0.0,0.0,185.8,30.0,30.0,True,2024-09-30
2024-10-01,2024.0,10.0,4.0,815.0,146166.33,179.35,1483.0,1.82,98.56,98.56,0.0,0.0,431.0,32.6,142.8,330.0,1320.33,5.0,3.6,174.02,1.7,0.0,0.0,0.0,179.35,31.0,31.0,True,2024-10-31
2024-11-01,2024.0,11.0,4.0,789.0,156311.23,198.11,1616.0,2.05,96.73,96.73,0.0,0.0,472.0,25.9,156.75,377.5,1331.26,9.0,6.3,187.85,1.86,0.0,0.0,0.0,198.11,30.0,30.0,True,2024-11-30
2024-12-01,2024.0,12.0,4.0,578.0,106177.59,183.7,1092.0,1.89,97.23,97.23,0.0,0.0,423.0,20.8,157.16,339.84,1111.06,3.0,2.8,179.55,1.72,0.0,0.0,0.0,183.7,31.0,31.0,True,2024-12-31
2025-01-01,2025.0,1.0,1.0,911.0,168195.95,184.63,1700.0,1.87,98.94,98.94,0.0,0.0,495.0,12.7,162.86,342.06,1237.7,3.0,1.8,181.82,1.74,0.0,0.0,0.0,184.63,31.0,31.0,True,2025-01-31
2025-02-01,2025.0,2.0,1.0,1148.0,225355.97,196.3,2255.0,1.96,99.94,99.94,0.0,0.0,583.0,9.9,165.75,369.18,1392.4,7.0,3.5,190.58,1.78,0.0,0.0,0.0,196.3,28.0,28.0,True,2025-02-28
2025-03-01,2025.0,3.0,1.0,1389.0,271113.83,195.19,2761.0,1.99,98.19,98.19,0.0,0.0,587.0,8.3,165.75,351.44,1831.73,7.0,3.0,190.2,1.79,0.0,0.0,0.0,195.19,31.0,31.0,True,2025-03-31
2025-04-01,2025.0,4.0,2.0,1274.0,264157.38,207.34,2548.0,2.0,103.67,103.67,0.0,0.0,663.0,8.7,169.85,394.79,1677.36,11.0,4.7,199.25,1.8,0.0,0.0,0.0,207.34,30.0,30.0,True,2025-04-30
2025-05-01,2025.0,5.0,2.0,1500.0,300625.84,200.42,2869.0,1.91,104.78,104.78,0.0,0.0,687.0,8.9,169.92,373.91,1243.22,9.0,3.1,195.31,1.74,0.0,0.0,0.0,200.42,31.0,31.0,True,2025-05-31
2025-06-01,2025.0,6.0,2.0,1333.0,276459.73,207.4,2581.0,1.94,107.11,107.11,0.0,0.0,668.0,8.2,165.7,388.85,1332.64,10.0,3.6,201.4,1.77,0.0,0.0,0.0,207.4,30.0,30.0,True,2025-06-30
2025-07-01,2025.0,7.0,3.0,1212.0,266581.19,219.95,2385.0,1.97,111.77,111.77,0.0,0.0,661.0,9.2,174.9,416.5,1950.33,11.0,4.6,211.82,1.81,0.0,0.0,0.0,219.95,31.0,31.0,True,2025-07-31
2025-08-01,2025.0,8.0,3.0,1408.0,307843.3,218.64,2637.0,1.87,116.74,116.74,0.0,0.0,693.0,5.1,174.9,399.8,1804.3,12.0,4.1,211.48,1.75,0.0,0.0,0.0,218.64,31.0,31.0,True,2025-08-31
2025-09-01,2025.0,9.0,3.0,1463.0,351511.76,240.27,2876.0,1.97,122.22,122.22,0.0,0.0,680.0,3.1,194.9,439.7,1544.2,16.0,4.6,231.74,1.81,0.0,0.0,0.0,240.27,30.0,30.0,True,2025-09-30
2025-10-01,2025.0,10.0,4.0,1476.0,358726.28,243.04,2996.0,2.03,119.74,119.74,0.0,0.0,672.0,1.2,194.9,439.8,2623.5,14.0,4.4,234.67,1.84,0.0,0.0,0.0,243.04,31.0,31.0,True,2025-10-31
2025-11-01,2025.0,11.0,4.0,1275.0,304128.04,238.53,2698.0,2.12,112.72,112.72,0.0,0.0,650.0,3.4,199.8,427.24,1333.6,14.0,4.4,230.53,1.89,0.0,0.0,0.0,238.53,30.0,30.0,True,2025-11-30
2025-12-01,2025.0,12.0,4.0,846.0,212053.42,250.65,1826.0,2.16,116.13,116.13,0.0,0.0,527.0,3.5,209.9,469.7,1258.5,7.0,3.2,244.69,1.94,0.0,0.0,0.0,250.65,31.0,31.0,True,2025-12-31
2026-01-01,2026.0,1.0,1.0,1160.0,338696.03,291.98,2829.0,2.44,119.72,119.72,0.0,0.0,671.0,4.5,244.8,549.6,1351.94,15.0,4.4,282.87,2.15,0.0,0.0,0.0,291.98,31.0,31.0,True,2026-01-31
2026-02-01,2026.0,2.0,1.0,1056.0,283220.83,268.2,2383.0,2.26,118.85,118.85,0.0,0.0,632.0,5.6,224.9,494.8,1169.6,10.0,3.4,261.46,2.02,0.0,0.0,0.0,268.2,28.0,28.0,True,2026-02-28
2026-03-01,2026.0,3.0,1.0,1420.0,367581.96,258.86,3080.0,2.17,119.34,119.34,0.0,0.0,697.0,3.7,216.8,480.62,1384.5,13.0,3.8,251.43,1.94,0.0,0.0,0.0,258.86,31.0,31.0,True,2026-03-31
2026-04-01,2026.0,4.0,2.0,1375.0,373068.5,271.32,3138.0,2.28,118.89,118.89,0.0,0.0,727.0,5.4,214.8,514.79,1129.4,17.0,4.3,262.83,2.02,0.0,0.0,0.0,271.32,30.0,30.0,True,2026-04-30
2026-05-01,2026.0,5.0,2.0,1328.0,369185.41,278.0,3134.0,2.36,117.8,117.8,0.0,0.0,735.0,4.3,224.8,519.8,1723.5,19.0,5.6,266.34,2.06,0.0,0.0,0.0,278.0,31.0,31.0,True,2026-05-31
2026-06-01,2026.0,6.0,2.0,973.0,277431.06,285.13,2258.0,2.32,122.87,122.87,0.0,0.0,647.0,5.2,224.7,529.89,1738.69,22.0,8.1,268.05,2.04,0.0,0.0,0.0,285.13,30.0,30.0,True,2026-06-30
2026-07-01,2026.0,7.0,3.0,1185.0,328863.42,277.52,2779.0,2.35,118.34,118.34,0.0,0.0,720.0,5.6,219.99,492.6,2773.28,20.0,7.2,261.91,1.97,0.0,0.0,0.0,277.52,31.0,31.0,True,2026-07-31
2026-08-01,2026.0,8.0,3.0,1222.0,332863.26,272.39,2763.0,2.26,120.47,122.09,1.33,6.4,691.0,3.7,219.9,483.59,1440.84,22.0,6.7,258.77,1.93,0.0,0.0,0.0,272.39,31.0,31.0,True,2026-08-31
2026-09-01,2026.0,9.0,3.0,1126.0,300254.79,266.66,2470.0,2.19,121.56,126.77,4.11,24.9,671.0,3.5,229.8,476.5,1402.67,20.0,6.8,253.04,1.94,0.0,0.0,0.0,266.66,30.0,30.0,True,2026-09-30
2026-10-01,2026.0,10.0,4.0,292.0,83410.54,285.65,770.0,2.64,108.33,113.6,4.65,28.4,338.0,4.1,229.9,502.78,1963.27,6.0,9.3,264.64,2.23,0.0,0.0,0.0,285.65,7.0,31.0,False,2026-10-07
