semana,canal,faturamento
2024-03-11,COM_NUTRICIONISTA,1234.86
2024-03-18,COM_NUTRICIONISTA,465.28
2024-03-25,COM_NUTRICIONISTA,318.01
2024-04-01,COM_NUTRICIONISTA,3196.35
2024-04-08,COM_NUTRICIONISTA,2947.3
2024-04-15,COM_NUTRICIONISTA,2078.74
2024-04-22,COM_NUTRICIONISTA,4538.04
2024-04-29,COM_NUTRICIONISTA,5508.21
2024-05-06,COM_NUTRICIONISTA,8533.7
2024-05-13,COM_NUTRICIONISTA,11779.5
2024-05-20,COM_NUTRICIONISTA,10295.81
2024-05-27,COM_NUTRICIONISTA,6221.23
2024-06-03,COM_NUTRICIONISTA,12435.08
2024-06-10,COM_NUTRICIONISTA,12223.5
2024-06-17,COM_NUTRICIONISTA,14366.63
2024-06-24,COM_NUTRICIONISTA,19187.45
2024-07-01,COM_NUTRICIONISTA,17538.42
2024-07-08,COM_NUTRICIONISTA,19306.32
2024-07-15,COM_NUTRICIONISTA,22473.81
2024-07-22,COM_NUTRICIONISTA,17236.9
2024-07-29,COM_NUTRICIONISTA,17495.05
2024-08-05,COM_NUTRICIONISTA,21964.38
2024-08-12,COM_NUTRICIONISTA,16270.6
2024-08-19,COM_NUTRICIONISTA,16913.14
2024-08-26,COM_NUTRICIONISTA,24304.97
2024-09-02,COM_NUTRICIONISTA,27856.86
2024-09-09,COM_NUTRICIONISTA,30649.13
2024-09-16,COM_NUTRICIONISTA,25995.62
2024-09-23,COM_NUTRICIONISTA,27900.26
2024-09-30,COM_NUTRICIONISTA,28639.91
2024-10-07,COM_NUTRICIONISTA,33379.58
2024-10-14,COM_NUTRICIONISTA,34679.33
2024-10-21,COM_NUTRICIONISTA,30574.99
2024-10-28,COM_NUTRICIONISTA,35217.07
2024-11-04,COM_NUTRICIONISTA,36893.34
2024-11-11,COM_NUTRICIONISTA,31394.33
2024-11-18,COM_NUTRICIONISTA,36931.75
2024-11-25,COM_NUTRICIONISTA,44338.2
2024-12-02,COM_NUTRICIONISTA,31328.7
2024-12-09,COM_NUTRICIONISTA,32215.54
2024-12-16,COM_NUTRICIONISTA,25525.13
2024-12-23,COM_NUTRICIONISTA,11279.86
2024-12-30,COM_NUTRICIONISTA,13509.03
2025-01-06,COM_NUTRICIONISTA,34139.36
2025-01-13,COM_NUTRICIONISTA,44082.38
2025-01-20,COM_NUTRICIONISTA,40990.05
2025-01-27,COM_NUTRICIONISTA,48506.85
2025-02-03,COM_NUTRICIONISTA,47786.98
2025-02-10,COM_NUTRICIONISTA,60262.54
2025-02-17,COM_NUTRICIONISTA,60908.13
2025-02-24,COM_NUTRICIONISTA,56625.61
2025-03-03,COM_NUTRICIONISTA,65774.92
2025-03-10,COM_NUTRICIONISTA,63739.36
2025-03-17,COM_NUTRICIONISTA,58821.13
2025-03-24,COM_NUTRICIONISTA,60170.0
2025-03-31,COM_NUTRICIONISTA,71529.75
2025-04-07,COM_NUTRICIONISTA,63614.19
2025-04-14,COM_NUTRICIONISTA,56885.74
2025-04-21,COM_NUTRICIONISTA,54327.64
2025-04-28,COM_NUTRICIONISTA,57400.13
2025-05-05,COM_NUTRICIONISTA,69794.46
2025-05-12,COM_NUTRICIONISTA,66315.71
2025-05-19,COM_NUTRICIONISTA,77131.02
2025-05-26,COM_NUTRICIONISTA,67886.45
2025-06-02,COM_NUTRICIONISTA,74336.53
2025-06-09,COM_NUTRICIONISTA,67756.51
2025-06-16,COM_NUTRICIONISTA,52483.54
2025-06-23,COM_NUTRICIONISTA,61349.31
2025-06-30,COM_NUTRICIONISTA,75409.92
2025-07-07,COM_NUTRICIONISTA,58469.96
2025-07-14,COM_NUTRICIONISTA,57445.67
2025-07-21,COM_NUTRICIONISTA,45542.29
2025-07-28,COM_NUTRICIONISTA,67926.24
2025-08-04,COM_NUTRICIONISTA,75153.23
2025-08-11,COM_NUTRICIONISTA,66784.23
2025-08-18,COM_NUTRICIONISTA,68440.91
2025-08-25,COM_NUTRICIONISTA,70994.35
2025-09-01,COM_NUTRICIONISTA,75246.24
2025-09-08,COM_NUTRICIONISTA,92469.52
2025-09-15,COM_NUTRICIONISTA,78182.16
2025-09-22,COM_NUTRICIONISTA,72230.2
2025-09-29,COM_NUTRICIONISTA,89555.17
2025-10-06,COM_NUTRICIONISTA,87603.42
2025-10-13,COM_NUTRICIONISTA,84632.26
2025-10-20,COM_NUTRICIONISTA,70578.65
2025-10-27,COM_NUTRICIONISTA,78735.36
2025-11-03,COM_NUTRICIONISTA,74761.02
2025-11-10,COM_NUTRICIONISTA,76480.55
2025-11-17,COM_NUTRICIONISTA,64371.02
2025-11-24,COM_NUTRICIONISTA,69520.51
2025-12-01,COM_NUTRICIONISTA,58723.34
2025-12-08,COM_NUTRICIONISTA,61229.67
2025-12-15,COM_NUTRICIONISTA,50710.95
2025-12-22,COM_NUTRICIONISTA,29610.1
2025-12-29,COM_NUTRICIONISTA,44179.95
2026-01-05,COM_NUTRICIONISTA,67828.58
2026-01-12,COM_NUTRICIONISTA,88293.04
2026-01-19,COM_NUTRICIONISTA,71782.23
2026-01-26,COM_NUTRICIONISTA,88298.25
2026-02-02,COM_NUTRICIONISTA,75088.06
2026-02-09,COM_NUTRICIONISTA,62358.75
2026-02-16,COM_NUTRICIONISTA,55413.15
2026-02-23,COM_NUTRICIONISTA,91262.86
2026-03-02,COM_NUTRICIONISTA,93075.92
2026-03-09,COM_NUTRICIONISTA,71955.86
2026-03-16,COM_NUTRICIONISTA,72593.32
2026-03-23,COM_NUTRICIONISTA,85718.5
2026-03-30,COM_NUTRICIONISTA,88210.36
2026-04-06,COM_NUTRICIONISTA,87328.04
2026-04-13,COM_NUTRICIONISTA,89510.92
2026-04-20,COM_NUTRICIONISTA,75451.21
2026-04-27,COM_NUTRICIONISTA,90012.62
2026-05-04,COM_NUTRICIONISTA,86794.24
2026-05-11,COM_NUTRICIONISTA,92275.92
2026-05-18,COM_NUTRICIONISTA,87208.9
2026-05-25,COM_NUTRICIONISTA,78891.41
2026-06-01,COM_NUTRICIONISTA,67805.46
2026-06-08,COM_NUTRICIONISTA,66687.59
2026-06-15,COM_NUTRICIONISTA,58405.38
2026-06-22,COM_NUTRICIONISTA,60188.75
2026-06-29,COM_NUTRICIONISTA,73714.98
2026-07-06,COM_NUTRICIONISTA,61731.69
2026-07-13,COM_NUTRICIONISTA,81009.14
2026-07-20,COM_NUTRICIONISTA,66145.86
2026-07-27,COM_NUTRICIONISTA,85019.46
2026-08-03,COM_NUTRICIONISTA,85642.29
2026-08-10,COM_NUTRICIONISTA,75768.87
2026-08-17,COM_NUTRICIONISTA,59097.8
2026-08-24,COM_NUTRICIONISTA,80052.01
2026-08-31,COM_NUTRICIONISTA,69655.79
2026-08-31,SEM_NUTRICIONISTA,203.41
2026-09-07,COM_NUTRICIONISTA,68520.53
2026-09-14,COM_NUTRICIONISTA,66757.59
2026-09-21,COM_NUTRICIONISTA,53531.08
2026-09-21,SEM_NUTRICIONISTA,6547.49
2026-09-28,COM_NUTRICIONISTA,74857.42
2026-09-28,SEM_NUTRICIONISTA,28279.65
2026-10-05,COM_NUTRICIONISTA,11570.02
2026-10-05,SEM_NUTRICIONISTA,2420.72
