semana,grupo,faturamento
2024-03-11,SEM_GRUPO,1234.86
2024-03-18,SEM_GRUPO,465.28
2024-03-25,SEM_GRUPO,318.01
2024-04-01,SEM_GRUPO,3196.35
2024-04-08,SEM_GRUPO,2947.3
2024-04-15,SEM_GRUPO,2078.74
2024-04-22,SEM_GRUPO,4538.04
2024-04-29,SEM_GRUPO,5508.21
2024-05-06,SEM_GRUPO,8533.7
2024-05-13,SEM_GRUPO,11779.5
2024-05-20,SEM_GRUPO,10295.81
2024-05-27,SEM_GRUPO,6221.23
2024-06-03,SEM_GRUPO,12435.08
2024-06-10,SEM_GRUPO,12223.5
2024-06-17,SEM_GRUPO,14366.63
2024-06-24,SEM_GRUPO,19187.45
2024-07-01,SEM_GRUPO,17538.42
2024-07-08,SEM_GRUPO,19306.32
2024-07-15,SEM_GRUPO,22473.81
2024-07-22,SEM_GRUPO,17236.9
2024-07-29,SEM_GRUPO,17495.05
2024-08-05,SEM_GRUPO,21964.38
2024-08-12,SEM_GRUPO,16270.6
2024-08-19,SEM_GRUPO,16913.14
2024-08-26,SEM_GRUPO,24304.97
2024-09-02,SEM_GRUPO,27856.86
2024-09-09,SEM_GRUPO,30649.13
2024-09-16,SEM_GRUPO,25995.62
2024-09-23,SEM_GRUPO,27900.26
2024-09-30,SEM_GRUPO,28639.91
2024-10-07,SEM_GRUPO,33379.58
2024-10-14,SEM_GRUPO,34679.33
2024-10-21,SEM_GRUPO,30574.99
2024-10-28,SEM_GRUPO,35217.07
2024-11-04,SEM_GRUPO,36893.34
2024-11-11,SEM_GRUPO,31394.33
2024-11-18,SEM_GRUPO,36931.75
2024-11-25,SEM_GRUPO,44338.2
2024-12-02,SEM_GRUPO,31328.7
2024-12-09,SEM_GRUPO,32215.54
2024-12-16,SEM_GRUPO,25525.13
2024-12-23,SEM_GRUPO,11279.86
2024-12-30,SEM_GRUPO,13509.03
2025-01-06,SEM_GRUPO,34139.36
2025-01-13,SEM_GRUPO,44082.38
2025-01-20,SEM_GRUPO,40990.05
2025-01-27,SEM_GRUPO,48506.85
2025-02-03,SEM_GRUPO,47786.98
2025-02-10,SEM_GRUPO,60262.54
2025-02-17,SEM_GRUPO,60908.13
2025-02-24,SEM_GRUPO,56625.61
2025-03-03,SEM_GRUPO,65774.92
2025-03-10,SEM_GRUPO,63739.36
2025-03-17,SEM_GRUPO,58821.13
2025-03-24,SEM_GRUPO,60170.0
2025-03-31,SEM_GRUPO,71529.75
2025-04-07,SEM_GRUPO,63614.19
2025-04-14,SEM_GRUPO,56885.74
2025-04-21,SEM_GRUPO,54327.64
2025-04-28,SEM_GRUPO,57400.13
2025-05-05,SEM_GRUPO,69794.46
2025-05-12,SEM_GRUPO,66315.71
2025-05-19,SEM_GRUPO,77131.02
2025-05-26,SEM_GRUPO,67886.45
2025-06-02,SEM_GRUPO,74336.53
2025-06-09,SEM_GRUPO,67756.51
2025-06-16,SEM_GRUPO,52483.54
2025-06-23,SEM_GRUPO,61349.31
2025-06-30,SEM_GRUPO,75409.92
2025-07-07,SEM_GRUPO,58469.96
2025-07-14,SEM_GRUPO,57445.67
2025-07-21,SEM_GRUPO,45542.29
2025-07-28,SEM_GRUPO,67926.24
2025-08-04,SEM_GRUPO,75153.23
2025-08-11,SEM_GRUPO,66784.23
2025-08-18,SEM_GRUPO,68440.91
2025-08-25,SEM_GRUPO,70994.35
2025-09-01,SEM_GRUPO,75246.24
2025-09-08,SEM_GRUPO,92469.52
2025-09-15,SEM_GRUPO,78182.16
2025-09-22,SEM_GRUPO,72230.2
2025-09-29,SEM_GRUPO,89555.17
2025-10-06,SEM_GRUPO,87603.42
2025-10-13,SEM_GRUPO,84632.26
2025-10-20,SEM_GRUPO,70578.65
2025-10-27,SEM_GRUPO,78735.36
2025-11-03,SEM_GRUPO,74761.02
2025-11-10,SEM_GRUPO,76480.55
2025-11-17,SEM_GRUPO,64371.02
2025-11-24,SEM_GRUPO,69520.51
2025-12-01,SEM_GRUPO,58723.34
2025-12-08,SEM_GRUPO,61229.67
2025-12-15,SEM_GRUPO,50710.95
2025-12-22,SEM_GRUPO,29610.1
2025-12-29,SEM_GRUPO,44179.95
2026-01-05,SEM_GRUPO,67828.58
2026-01-12,SEM_GRUPO,88293.04
2026-01-19,SEM_GRUPO,71782.23
2026-01-26,SEM_GRUPO,88298.25
2026-02-02,SEM_GRUPO,75088.06
2026-02-09,SEM_GRUPO,62358.75
2026-02-16,SEM_GRUPO,55413.15
2026-02-23,SEM_GRUPO,91262.86
2026-03-02,SEM_GRUPO,93075.92
2026-03-09,SEM_GRUPO,71955.86
2026-03-16,SEM_GRUPO,72593.32
2026-03-23,SEM_GRUPO,85718.5
2026-03-30,SEM_GRUPO,88210.36
2026-04-06,SEM_GRUPO,87328.04
2026-04-13,SEM_GRUPO,89510.92
2026-04-20,SEM_GRUPO,75451.21
2026-04-27,SEM_GRUPO,90012.62
2026-05-04,SEM_GRUPO,86794.24
2026-05-11,SEM_GRUPO,92275.92
2026-05-18,SEM_GRUPO,87208.9
2026-05-25,SEM_GRUPO,78891.41
2026-06-01,SEM_GRUPO,67805.46
2026-06-08,SEM_GRUPO,66687.59
2026-06-15,SEM_GRUPO,58405.38
2026-06-22,SEM_GRUPO,60188.75
2026-06-29,SEM_GRUPO,73714.98
2026-07-06,SEM_GRUPO,61731.69
2026-07-13,SEM_GRUPO,81009.14
2026-07-20,SEM_GRUPO,66145.86
2026-07-27,SEM_GRUPO,85019.46
2026-08-03,SEM_GRUPO,85642.29
2026-08-10,SEM_GRUPO,75768.87
2026-08-17,SEM_GRUPO,59097.8
2026-08-24,SEM_GRUPO,80052.01
2026-08-31,SEM_GRUPO,69859.2
2026-09-07,SEM_GRUPO,68520.53
2026-09-14,SEM_GRUPO,66757.59
2026-09-21,SEM_GRUPO,60078.57
2026-09-28,SEM_GRUPO,103137.07
2026-10-05,SEM_GRUPO,13990.74
