semana,regiao,faturamento
2024-03-11,Sudeste,1234.86
2024-03-18,Sudeste,465.28
2024-03-25,Sudeste,318.01
2024-04-01,Sudeste,3196.35
2024-04-08,Sudeste,2947.3
2024-04-15,Sudeste,2078.74
2024-04-22,Sudeste,4538.04
2024-04-29,Sudeste,5508.21
2024-05-06,Sudeste,8533.7
2024-05-13,Sudeste,11779.5
2024-05-20,Sudeste,10295.81
2024-05-27,Sudeste,6221.23
2024-06-03,Sudeste,12435.08
2024-06-10,Sudeste,12223.5
2024-06-17,Sudeste,14366.63
2024-06-24,Sudeste,19187.45
2024-07-01,Sudeste,17538.42
2024-07-08,Sudeste,19306.32
2024-07-15,Sudeste,22473.81
2024-07-22,Sudeste,17236.9
2024-07-29,Sudeste,17495.05
2024-08-05,Sudeste,21964.38
2024-08-12,Sudeste,16270.6
2024-08-19,Sudeste,16913.14
2024-08-26,Sudeste,24304.97
2024-09-02,Sudeste,27856.86
2024-09-09,Sudeste,30649.13
2024-09-16,Sudeste,25995.62
2024-09-23,Sudeste,27900.26
2024-09-30,Sudeste,28639.91
2024-10-07,Sudeste,33379.58
2024-10-14,Sudeste,34679.33
2024-10-21,Sudeste,30574.99
2024-10-28,Sudeste,35217.07
2024-11-04,Sudeste,36893.34
2024-11-11,Sudeste,31394.33
2024-11-18,Sudeste,36931.75
2024-11-25,Sudeste,44338.2
2024-12-02,Sudeste,31328.7
2024-12-09,Sudeste,32215.54
2024-12-16,Sudeste,25525.13
2024-12-23,Sudeste,11279.86
2024-12-30,Sudeste,13509.03
2025-01-06,Sudeste,34139.36
2025-01-13,Sudeste,44082.38
2025-01-20,Sudeste,40990.05
2025-01-27,Sudeste,48506.85
2025-02-03,Sudeste,47786.98
2025-02-10,Sudeste,60262.54
2025-02-17,Sudeste,60908.13
2025-02-24,Sudeste,56625.61
2025-03-03,Sudeste,65774.92
2025-03-10,Sudeste,63739.36
2025-03-17,Sudeste,58821.13
2025-03-24,Sudeste,60170.0
2025-03-31,Sudeste,71529.75
2025-04-07,Sudeste,63614.19
2025-04-14,Sudeste,56885.74
2025-04-21,Sudeste,54327.64
2025-04-28,Sudeste,57400.13
2025-05-05,Sudeste,69794.46
2025-05-12,Sudeste,66315.71
2025-05-19,Sudeste,77131.02
2025-05-26,Sudeste,67886.45
2025-06-02,Sudeste,74336.53
2025-06-09,Sudeste,67756.51
2025-06-16,Sudeste,52483.54
2025-06-23,Sudeste,61349.31
2025-06-30,Sudeste,75409.92
2025-07-07,Sudeste,58469.96
2025-07-14,Sudeste,57445.67
2025-07-21,Sudeste,45542.29
2025-07-28,Sudeste,67926.24
2025-08-04,Sudeste,75153.23
2025-08-11,Sudeste,66784.23
2025-08-18,Sudeste,68440.91
2025-08-25,Sudeste,70994.35
2025-09-01,Sudeste,75246.24
2025-09-08,Sudeste,92469.52
2025-09-15,Sudeste,78182.16
2025-09-22,Sudeste,72230.2
2025-09-29,Sudeste,89555.17
2025-10-06,Sudeste,87603.42
2025-10-13,Sudeste,84632.26
2025-10-20,Sudeste,70578.65
2025-10-27,Sudeste,78735.36
2025-11-03,Sudeste,74761.02
2025-11-10,Sudeste,76480.55
2025-11-17,Sudeste,64371.02
2025-11-24,Sudeste,69520.51
2025-12-01,Sudeste,58723.34
2025-12-08,Sudeste,61229.67
2025-12-15,Sudeste,50710.95
2025-12-22,Sudeste,29610.1
2025-12-29,Sudeste,44179.95
2026-01-05,Sudeste,67828.58
2026-01-12,Sudeste,88293.04
2026-01-19,Sudeste,71782.23
2026-01-26,Sudeste,88298.25
2026-02-02,Sudeste,75088.06
2026-02-09,Sudeste,62358.75
2026-02-16,Sudeste,55413.15
2026-02-23,Sudeste,91262.86
2026-03-02,Sudeste,93075.92
2026-03-09,Sudeste,71955.86
2026-03-16,Sudeste,72593.32
2026-03-23,Sudeste,85718.5
2026-03-30,Sudeste,88210.36
2026-04-06,Sudeste,87328.04
2026-04-13,Sudeste,89510.92
2026-04-20,Sudeste,75451.21
2026-04-27,Sudeste,90012.62
2026-05-04,Sudeste,86794.24
2026-05-11,Sudeste,92275.92
2026-05-18,Sudeste,87208.9
2026-05-25,Sudeste,78891.41
2026-06-01,Sudeste,67805.46
2026-06-08,Sudeste,66687.59
2026-06-15,Sudeste,58405.38
2026-06-22,Sudeste,60188.75
2026-06-29,Sudeste,73714.98
2026-07-06,Sudeste,61731.69
2026-07-13,Sudeste,80770.26
2026-07-13,Sul,238.88
2026-07-20,Sudeste,66145.86
2026-07-27,Sudeste,85019.46
2026-08-03,Sudeste,85642.29
2026-08-10,Sudeste,75768.87
2026-08-17,Sudeste,59097.8
2026-08-24,Sudeste,80052.01
2026-08-31,Sudeste,69859.2
2026-09-07,Sudeste,68520.53
2026-09-14,Sudeste,66757.59
2026-09-21,Sudeste,60078.57
2026-09-28,Sudeste,103137.07
2026-10-05,Sudeste,13990.74
