semana,faturamento
2024-03-11,1234.86
2024-03-18,465.28
2024-03-25,318.01
2024-04-01,3196.35
2024-04-08,2947.3
2024-04-15,2078.74
2024-04-22,4538.04
2024-04-29,5508.21
2024-05-06,8533.7
2024-05-13,11779.5
2024-05-20,10295.81
2024-05-27,6221.23
2024-06-03,12435.08
2024-06-10,12223.5
2024-06-17,14366.63
2024-06-24,19187.45
2024-07-01,17538.42
2024-07-08,19306.32
2024-07-15,22473.81
2024-07-22,17236.9
2024-07-29,17495.05
2024-08-05,21964.38
2024-08-12,16270.6
2024-08-19,16913.14
2024-08-26,24304.97
2024-09-02,27856.86
2024-09-09,30649.13
2024-09-16,25995.62
2024-09-23,27900.26
2024-09-30,28639.91
2024-10-07,33379.58
2024-10-14,34679.33
2024-10-21,30574.99
2024-10-28,35217.07
2024-11-04,36893.34
2024-11-11,31394.33
2024-11-18,36931.75
2024-11-25,44338.2
2024-12-02,31328.7
2024-12-09,32215.54
2024-12-16,25525.13
2024-12-23,11279.86
2024-12-30,13509.03
2025-01-06,34139.36
2025-01-13,44082.38
2025-01-20,40990.05
2025-01-27,48506.85
2025-02-03,47786.98
2025-02-10,60262.54
2025-02-17,60908.13
2025-02-24,56625.61
2025-03-03,65774.92
2025-03-10,63739.36
2025-03-17,58821.13
2025-03-24,60170.0
2025-03-31,71529.75
2025-04-07,63614.19
2025-04-14,56885.74
2025-04-21,54327.64
2025-04-28,57400.13
2025-05-05,69794.46
2025-05-12,66315.71
2025-05-19,77131.02
2025-05-26,67886.45
2025-06-02,74336.53
2025-06-09,67756.51
2025-06-16,52483.54
2025-06-23,61349.31
2025-06-30,75409.92
2025-07-07,58469.96
2025-07-14,57445.67
2025-07-21,45542.29
2025-07-28,67926.24
2025-08-04,75153.23
2025-08-11,66784.23
2025-08-18,68440.91
2025-08-25,70994.35
2025-09-01,75246.24
2025-09-08,92469.52
2025-09-15,78182.16
2025-09-22,72230.2
2025-09-29,89555.17
2025-10-06,87603.42
2025-10-13,84632.26
2025-10-20,70578.65
2025-10-27,78735.36
2025-11-03,74761.02
2025-11-10,76480.55
2025-11-17,64371.02
2025-11-24,69520.51
2025-12-01,58723.34
2025-12-08,61229.67
2025-12-15,50710.95
2025-12-22,29610.1
2025-12-29,44179.95
2026-01-05,67828.58
2026-01-12,88293.04
2026-01-19,71782.23
2026-01-26,88298.25
2026-02-02,75088.06
2026-02-09,62358.75
2026-02-16,55413.15
2026-02-23,91262.86
2026-03-02,93075.92
2026-03-09,71955.86
2026-03-16,72593.32
2026-03-23,85718.5
2026-03-30,88210.36
2026-04-06,87328.04
2026-04-13,89510.92
2026-04-20,75451.21
2026-04-27,90012.62
2026-05-04,86794.24
2026-05-11,92275.92
2026-05-18,87208.9
2026-05-25,78891.41
2026-06-01,67805.46
2026-06-08,66687.59
2026-06-15,58405.38
2026-06-22,60188.75
2026-06-29,73714.98
2026-07-06,61731.69
2026-07-13,81009.14
2026-07-20,66145.86
2026-07-27,85019.46
2026-08-03,85642.29
2026-08-10,75768.87
2026-08-17,59097.8
2026-08-24,80052.01
2026-08-31,69859.2
2026-09-07,68520.53
2026-09-14,66757.59
2026-09-21,60078.57
2026-09-28,103137.07
2026-10-05,13990.74
