semana,origem,faturamento
2024-03-11,SEM_INFO,1234.86
2024-03-18,SEM_INFO,465.28
2024-03-25,SEM_INFO,318.01
2024-04-01,SEM_INFO,3196.35
2024-04-08,SEM_INFO,2947.3
2024-04-15,SEM_INFO,2078.74
2024-04-22,SEM_INFO,4538.04
2024-04-29,SEM_INFO,5508.21
2024-05-06,SEM_INFO,8533.7
2024-05-13,SEM_INFO,11779.5
2024-05-20,SEM_INFO,10295.81
2024-05-27,SEM_INFO,6221.23
2024-06-03,SEM_INFO,12435.08
2024-06-10,SEM_INFO,12223.5
2024-06-17,SEM_INFO,14366.63
2024-06-24,SEM_INFO,19187.45
2024-07-01,SEM_INFO,17538.42
2024-07-08,SEM_INFO,19306.32
2024-07-15,SEM_INFO,22473.81
2024-07-22,SEM_INFO,17236.9
2024-07-29,SEM_INFO,17495.05
2024-08-05,SEM_INFO,21964.38
2024-08-12,SEM_INFO,16270.6
2024-08-19,SEM_INFO,16913.14
2024-08-26,SEM_INFO,24304.97
2024-09-02,SEM_INFO,27856.86
2024-09-09,SEM_INFO,30649.13
2024-09-16,SEM_INFO,25995.62
2024-09-23,SEM_INFO,27900.26
2024-09-30,SEM_INFO,28639.91
2024-10-07,SEM_INFO,33379.58
2024-10-14,SEM_INFO,34679.33
2024-10-21,SEM_INFO,30574.99
2024-10-28,SEM_INFO,35217.07
2024-11-04,SEM_INFO,36893.34
2024-11-11,SEM_INFO,31394.33
2024-11-18,SEM_INFO,36931.75
2024-11-25,SEM_INFO,44338.2
2024-12-02,SEM_INFO,31328.7
2024-12-09,SEM_INFO,32215.54
2024-12-16,SEM_INFO,25525.13
2024-12-23,SEM_INFO,11279.86
2024-12-30,SEM_INFO,13509.03
2025-01-06,SEM_INFO,34139.36
2025-01-13,SEM_INFO,44082.38
2025-01-20,SEM_INFO,40990.05
2025-01-27,SEM_INFO,48506.85
2025-02-03,SEM_INFO,47786.98
2025-02-10,SEM_INFO,60262.54
2025-02-17,SEM_INFO,60908.13
2025-02-24,SEM_INFO,56625.61
2025-03-03,SEM_INFO,65774.92
2025-03-10,SEM_INFO,63739.36
2025-03-17,SEM_INFO,58821.13
2025-03-24,SEM_INFO,60170.0
2025-03-31,SEM_INFO,71529.75
2025-04-07,SEM_INFO,63614.19
2025-04-14,SEM_INFO,56885.74
2025-04-21,SEM_INFO,54327.64
2025-04-28,SEM_INFO,57400.13
2025-05-05,SEM_INFO,69794.46
2025-05-12,SEM_INFO,66315.71
2025-05-19,SEM_INFO,77131.02
2025-05-26,SEM_INFO,67886.45
2025-06-02,SEM_INFO,74336.53
2025-06-09,SEM_INFO,67756.51
2025-06-16,SEM_INFO,52483.54
2025-06-23,SEM_INFO,61349.31
2025-06-30,SEM_INFO,75409.92
2025-07-07,SEM_INFO,58469.96
2025-07-14,SEM_INFO,57445.67
2025-07-21,SEM_INFO,45542.29
2025-07-28,SEM_INFO,67926.24
2025-08-04,SEM_INFO,75153.23
2025-08-11,SEM_INFO,66784.23
2025-08-18,SEM_INFO,68440.91
2025-08-25,SEM_INFO,70994.35
2025-09-01,SEM_INFO,75246.24
2025-09-08,SEM_INFO,92469.52
2025-09-15,SEM_INFO,78182.16
2025-09-22,SEM_INFO,72230.2
2025-09-29,SEM_INFO,89555.17
2025-10-06,SEM_INFO,87603.42
2025-10-13,SEM_INFO,84632.26
2025-10-20,SEM_INFO,70578.65
2025-10-27,SEM_INFO,78735.36
2025-11-03,SEM_INFO,74761.02
2025-11-10,SEM_INFO,76480.55
2025-11-17,SEM_INFO,64371.02
2025-11-24,SEM_INFO,69520.51
2025-12-01,SEM_INFO,58723.34
2025-12-08,SEM_INFO,61229.67
2025-12-15,SEM_INFO,50710.95
2025-12-22,SEM_INFO,29610.1
2025-12-29,SEM_INFO,44179.95
2026-01-05,SEM_INFO,67828.58
2026-01-12,SEM_INFO,88293.04
2026-01-19,SEM_INFO,71782.23
2026-01-26,SEM_INFO,88298.25
2026-02-02,SEM_INFO,75088.06
2026-02-09,SEM_INFO,62358.75
2026-02-16,SEM_INFO,55413.15
2026-02-23,SEM_INFO,91262.86
2026-03-02,SEM_INFO,93075.92
2026-03-09,SEM_INFO,71955.86
2026-03-16,SEM_INFO,72593.32
2026-03-23,SEM_INFO,85718.5
2026-03-30,SEM_INFO,88210.36
2026-04-06,SEM_INFO,87328.04
2026-04-13,SEM_INFO,89510.92
2026-04-20,SEM_INFO,75451.21
2026-04-27,SEM_INFO,90012.62
2026-05-04,SEM_INFO,86794.24
2026-05-11,SEM_INFO,92275.92
2026-05-18,3P,67749.63
2026-05-18,SEM_INFO,19459.27
2026-05-25,1P,3075.22
2026-05-25,3P,75816.19
2026-06-01,1P,2944.41
2026-06-01,3P,64861.05
2026-06-08,1P,1918.3
2026-06-08,3P,60601.1
2026-06-08,SEM_INFO,4168.19
2026-06-15,1P,1388.45
2026-06-15,3P,56755.24
2026-06-15,SEM_INFO,261.69
2026-06-22,1P,6339.82
2026-06-22,3P,53848.93
2026-06-29,1P,23484.25
2026-06-29,3P,49956.75
2026-06-29,SEM_INFO,273.98
2026-07-06,1P,17620.75
2026-07-06,3P,44110.94
2026-07-13,1P,24312.7
2026-07-13,3P,56696.44
2026-07-20,1P,12244.79
2026-07-20,3P,53901.07
2026-07-27,1P,22973.95
2026-07-27,3P,62045.51
2026-08-03,1P,28956.31
2026-08-03,3P,56341.01
2026-08-03,SEM_INFO,344.97
2026-08-10,1P,19661.49
2026-08-10,3P,55807.58
2026-08-10,SEM_INFO,299.8
2026-08-17,1P,25852.9
2026-08-17,3P,30720.21
2026-08-17,SEM_INFO,2524.69
2026-08-24,1P,37663.75
2026-08-24,3P,42072.27
2026-08-24,SEM_INFO,315.99
2026-08-31,1P,39343.57
2026-08-31,3P,29961.37
2026-08-31,SEM_INFO,554.26
2026-09-07,1P,38891.11
2026-09-07,3P,29399.52
2026-09-07,SEM_INFO,229.9
2026-09-14,1P,38176.68
2026-09-14,3P,28343.02
2026-09-14,SEM_INFO,237.89
2026-09-21,1P,33021.57
2026-09-21,3P,27057.0
2026-09-28,1P,65767.93
2026-09-28,3P,37062.98
2026-09-28,SEM_INFO,306.16
2026-10-05,1P,1127.45
2026-10-05,3P,374.4
2026-10-05,SEM_INFO,12488.89
