semana,uf,faturamento
2024-03-11,SP,1234.86
2024-03-18,SP,465.28
2024-03-25,SP,318.01
2024-04-01,SP,3196.35
2024-04-08,SP,2947.3
2024-04-15,SP,2078.74
2024-04-22,SP,4538.04
2024-04-29,SP,5508.21
2024-05-06,SP,8533.7
2024-05-13,SP,11779.5
2024-05-20,SP,10295.81
2024-05-27,SP,6221.23
2024-06-03,SP,12435.08
2024-06-10,SP,12223.5
2024-06-17,SP,14366.63
2024-06-24,SP,19187.45
2024-07-01,SP,17538.42
2024-07-08,SP,19306.32
2024-07-15,SP,22473.81
2024-07-22,SP,17236.9
2024-07-29,SP,17495.05
2024-08-05,SP,21964.38
2024-08-12,SP,16270.6
2024-08-19,SP,16913.14
2024-08-26,SP,24304.97
2024-09-02,SP,27856.86
2024-09-09,SP,30649.13
2024-09-16,SP,25995.62
2024-09-23,RJ,561.85
2024-09-23,SP,27338.41
2024-09-30,RJ,656.88
2024-09-30,SP,27983.03
2024-10-07,RJ,1249.52
2024-10-07,SP,32130.06
2024-10-14,RJ,1763.3
2024-10-14,SP,32916.03
2024-10-21,RJ,255.27
2024-10-21,SP,30319.72
2024-10-28,RJ,415.0
2024-10-28,SP,34802.07
2024-11-04,RJ,1733.06
2024-11-04,SP,35160.28
2024-11-11,RJ,983.17
2024-11-11,SP,30411.16
2024-11-18,RJ,1457.41
2024-11-18,SP,35474.34
2024-11-25,RJ,2742.44
2024-11-25,SP,41595.76
2024-12-02,RJ,1453.59
2024-12-02,SP,29875.11
2024-12-09,RJ,2535.1
2024-12-09,SP,29680.44
2024-12-16,RJ,176.48
2024-12-16,SP,25348.65
2024-12-23,RJ,1324.64
2024-12-23,SP,9955.22
2024-12-30,RJ,886.93
2024-12-30,SP,12622.1
2025-01-06,RJ,1783.01
2025-01-06,SP,32356.35
2025-01-13,RJ,4191.81
2025-01-13,SP,39890.57
2025-01-20,RJ,2401.97
2025-01-20,SP,38588.08
2025-01-27,RJ,3002.16
2025-01-27,SP,45504.69
2025-02-03,RJ,3065.97
2025-02-03,SP,44721.01
2025-02-10,RJ,5720.3
2025-02-10,SP,54542.24
2025-02-17,RJ,4434.41
2025-02-17,SP,56473.72
2025-02-24,RJ,2937.67
2025-02-24,SP,53687.94
2025-03-03,RJ,4132.47
2025-03-03,SP,61642.45
2025-03-10,RJ,4221.65
2025-03-10,SP,59517.71
2025-03-17,RJ,5092.35
2025-03-17,SP,53728.78
2025-03-24,RJ,6295.6
2025-03-24,SP,53874.4
2025-03-31,RJ,7936.83
2025-03-31,SP,63592.92
2025-04-07,RJ,7554.1
2025-04-07,SP,56060.09
2025-04-14,RJ,4586.31
2025-04-14,SP,52299.43
2025-04-21,RJ,5733.76
2025-04-21,SP,48593.88
2025-04-28,RJ,6916.03
2025-04-28,SP,50484.1
2025-05-05,RJ,5443.25
2025-05-05,SP,64351.21
2025-05-12,RJ,2785.48
2025-05-12,SP,63530.23
2025-05-19,RJ,7271.65
2025-05-19,SP,69859.37
2025-05-26,RJ,3626.03
2025-05-26,SP,64260.42
2025-06-02,RJ,5741.12
2025-06-02,SP,68595.41
2025-06-09,RJ,5211.94
2025-06-09,SP,62544.57
2025-06-16,RJ,4491.67
2025-06-16,SP,47991.87
2025-06-23,RJ,3194.85
2025-06-23,SP,58154.46
2025-06-30,RJ,8527.08
2025-06-30,SP,66882.84
2025-07-07,RJ,5830.78
2025-07-07,SP,52639.18
2025-07-14,RJ,3979.74
2025-07-14,SP,53465.93
2025-07-21,RJ,4213.49
2025-07-21,SP,41328.8
2025-07-28,RJ,4703.7
2025-07-28,SP,63222.54
2025-08-04,RJ,6380.28
2025-08-04,SP,68772.95
2025-08-11,RJ,5487.34
2025-08-11,SP,61296.89
2025-08-18,RJ,7448.81
2025-08-18,SP,60992.1
2025-08-25,RJ,5729.84
2025-08-25,SP,65264.51
2025-09-01,RJ,6985.8
2025-09-01,SP,68260.44
2025-09-08,RJ,7633.5
2025-09-08,SP,84836.02
2025-09-15,RJ,6876.86
2025-09-15,SP,71305.3
2025-09-22,RJ,4455.29
2025-09-22,SP,67774.91
2025-09-29,RJ,4890.08
2025-09-29,SP,84665.09
2025-10-06,RJ,11215.76
2025-10-06,SP,76387.66
2025-10-13,RJ,9125.4
2025-10-13,SP,75506.86
2025-10-20,RJ,4877.4
2025-10-20,SP,65701.25
2025-10-27,RJ,5043.06
2025-10-27,SP,73692.3
2025-11-03,RJ,9512.92
2025-11-03,SP,65248.1
2025-11-10,RJ,5027.0
2025-11-10,SP,71453.55
2025-11-17,RJ,6620.57
2025-11-17,SP,57750.45
2025-11-24,RJ,6019.11
2025-11-24,SP,63501.4
2025-12-01,RJ,5147.59
2025-12-01,SP,53575.75
2025-12-08,RJ,5959.05
2025-12-08,SP,55270.62
2025-12-15,RJ,3094.4
2025-12-15,SP,47616.55
2025-12-22,RJ,4452.8
2025-12-22,SP,25157.3
2025-12-29,RJ,5070.56
2025-12-29,SP,39109.39
2026-01-05,RJ,3909.75
2026-01-05,SP,63918.83
2026-01-12,RJ,5687.0
2026-01-12,SP,82606.04
2026-01-19,RJ,6999.0
2026-01-19,SP,64783.23
2026-01-26,RJ,7936.8
2026-01-26,SP,80361.45
2026-02-02,RJ,7055.57
2026-02-02,SP,68032.49
2026-02-09,RJ,3911.87
2026-02-09,SP,58446.88
2026-02-16,RJ,5350.14
2026-02-16,SP,50063.01
2026-02-23,RJ,5325.66
2026-02-23,SP,85937.2
2026-03-02,RJ,9691.65
2026-03-02,SP,83384.27
2026-03-09,RJ,6417.76
2026-03-09,SP,65538.1
2026-03-16,RJ,6316.44
2026-03-16,SP,66276.88
2026-03-23,RJ,8739.3
2026-03-23,SP,76979.2
2026-03-30,RJ,8431.12
2026-03-30,SP,79779.24
2026-04-06,RJ,6450.06
2026-04-06,SP,80877.98
2026-04-13,RJ,7159.1
2026-04-13,SP,82351.82
2026-04-20,RJ,5038.14
2026-04-20,SP,70413.07
2026-04-27,RJ,5158.29
2026-04-27,SP,84854.33
2026-05-04,RJ,8990.7
2026-05-04,SP,77803.54
2026-05-11,RJ,7808.95
2026-05-11,SP,84466.97
2026-05-18,RJ,7813.61
2026-05-18,SP,79395.29
2026-05-25,RJ,6985.73
2026-05-25,SP,71905.68
2026-06-01,RJ,6996.73
2026-06-01,SP,60808.73
2026-06-08,RJ,4753.54
2026-06-08,SP,61934.05
2026-06-15,RJ,4621.06
2026-06-15,SP,53784.32
2026-06-22,RJ,6392.45
2026-06-22,SP,53796.3
2026-06-29,RJ,7406.89
2026-06-29,SP,66308.09
2026-07-06,RJ,4262.12
2026-07-06,SP,57469.57
2026-07-13,RJ,9093.13
2026-07-13,RS,238.88
2026-07-13,SP,71677.13
2026-07-20,RJ,5023.64
2026-07-20,SP,61122.22
2026-07-27,RJ,7844.01
2026-07-27,SP,77175.45
2026-08-03,RJ,6867.32
2026-08-03,SP,78774.97
2026-08-10,RJ,8190.03
2026-08-10,SP,67578.84
2026-08-17,RJ,5463.24
2026-08-17,SP,53634.56
2026-08-24,RJ,5568.7
2026-08-24,SP,74483.31
2026-08-31,RJ,5882.76
2026-08-31,SP,63976.44
2026-09-07,RJ,5520.77
2026-09-07,SP,62999.76
2026-09-14,RJ,5084.31
2026-09-14,SP,61673.28
2026-09-21,RJ,4255.2
2026-09-21,SP,55823.37
2026-09-28,RJ,9457.62
2026-09-28,SP,93679.45
2026-10-05,RJ,2283.84
2026-10-05,SP,11706.9
