id_produto,canal,faturamento
1,COM_NUTRICIONISTA,537.24
10,COM_NUTRICIONISTA,2382.01
100,COM_NUTRICIONISTA,293.41
1000,COM_NUTRICIONISTA,3339.5
1001,COM_NUTRICIONISTA,5974.52
1002,COM_NUTRICIONISTA,5163.3
1003,COM_NUTRICIONISTA,1762.59
1004,COM_NUTRICIONISTA,848.04
1005,COM_NUTRICIONISTA,850.85
1006,COM_NUTRICIONISTA,1527.73
1007,COM_NUTRICIONISTA,757.04
1008,COM_NUTRICIONISTA,733.58
1009,COM_NUTRICIONISTA,812.8
1010,COM_NUTRICIONISTA,6107.75
1011,COM_NUTRICIONISTA,10867.49
1012,COM_NUTRICIONISTA,3388.02
1013,COM_NUTRICIONISTA,4066.37
1014,COM_NUTRICIONISTA,3821.95
1015,COM_NUTRICIONISTA,54.12
1016,COM_NUTRICIONISTA,54.12
1017,COM_NUTRICIONISTA,647.79
1018,COM_NUTRICIONISTA,339.94
1019,COM_NUTRICIONISTA,269.26
102,COM_NUTRICIONISTA,8670.54
1020,COM_NUTRICIONISTA,1791.53
1021,COM_NUTRICIONISTA,536.15
1022,COM_NUTRICIONISTA,651.19
1023,COM_NUTRICIONISTA,824.87
1024,COM_NUTRICIONISTA,382.99
1025,COM_NUTRICIONISTA,487.02
1026,COM_NUTRICIONISTA,10804.26
1027,COM_NUTRICIONISTA,2085.59
1028,COM_NUTRICIONISTA,366.2
1029,COM_NUTRICIONISTA,73.24
103,COM_NUTRICIONISTA,2896.99
1030,COM_NUTRICIONISTA,512.68
1031,COM_NUTRICIONISTA,656.66
1032,COM_NUTRICIONISTA,893.04
1033,COM_NUTRICIONISTA,1004.54
1034,COM_NUTRICIONISTA,693.24
1035,COM_NUTRICIONISTA,5867.72
1036,COM_NUTRICIONISTA,2373.97
1037,COM_NUTRICIONISTA,3988.62
1038,COM_NUTRICIONISTA,756.12
104,COM_NUTRICIONISTA,1015.85
1040,COM_NUTRICIONISTA,1513.64
1041,COM_NUTRICIONISTA,1007.88
1042,COM_NUTRICIONISTA,772.54
1043,COM_NUTRICIONISTA,841.08
1044,COM_NUTRICIONISTA,3305.06
1045,COM_NUTRICIONISTA,4710.62
1046,COM_NUTRICIONISTA,280.1
1047,COM_NUTRICIONISTA,1468.9
1048,COM_NUTRICIONISTA,7829.72
1049,COM_NUTRICIONISTA,13193.33
105,COM_NUTRICIONISTA,2381.31
1050,COM_NUTRICIONISTA,11284.73
1051,COM_NUTRICIONISTA,6204.15
1051,SEM_NUTRICIONISTA,239.9
1052,COM_NUTRICIONISTA,18038.76
1053,COM_NUTRICIONISTA,5286.05
1054,COM_NUTRICIONISTA,1088.7
1055,COM_NUTRICIONISTA,865.53
1056,COM_NUTRICIONISTA,5215.34
1057,COM_NUTRICIONISTA,1936.72
1058,COM_NUTRICIONISTA,735.57
1059,COM_NUTRICIONISTA,117.03
106,COM_NUTRICIONISTA,499.8
1060,COM_NUTRICIONISTA,13797.31
1061,COM_NUTRICIONISTA,133.6
1062,COM_NUTRICIONISTA,350.28
1063,COM_NUTRICIONISTA,8342.79
1064,COM_NUTRICIONISTA,1252.06
1065,COM_NUTRICIONISTA,6130.56
1066,COM_NUTRICIONISTA,238.38
1067,COM_NUTRICIONISTA,1838.36
1068,COM_NUTRICIONISTA,3441.39
1069,COM_NUTRICIONISTA,10283.88
107,COM_NUTRICIONISTA,9710.27
1070,COM_NUTRICIONISTA,49.42
1071,COM_NUTRICIONISTA,204.14
1072,COM_NUTRICIONISTA,980.54
1073,COM_NUTRICIONISTA,1325.01
1075,COM_NUTRICIONISTA,3077.49
1076,COM_NUTRICIONISTA,968.35
1077,COM_NUTRICIONISTA,3163.71
1078,COM_NUTRICIONISTA,1602.44
1079,COM_NUTRICIONISTA,721.27
108,COM_NUTRICIONISTA,135.15
1081,COM_NUTRICIONISTA,594.7
1082,COM_NUTRICIONISTA,892.35
1085,COM_NUTRICIONISTA,1211.79
1086,COM_NUTRICIONISTA,862.35
1086,SEM_NUTRICIONISTA,229.9
1087,COM_NUTRICIONISTA,617.1
1088,COM_NUTRICIONISTA,232.65
1089,COM_NUTRICIONISTA,3443.2
1089,SEM_NUTRICIONISTA,459.8
109,COM_NUTRICIONISTA,9190.71
1091,COM_NUTRICIONISTA,2455.15
1092,COM_NUTRICIONISTA,10161.56
1093,COM_NUTRICIONISTA,5977.6
1094,COM_NUTRICIONISTA,1604.15
1095,COM_NUTRICIONISTA,3555.37
1096,COM_NUTRICIONISTA,3654.1
1097,COM_NUTRICIONISTA,24717.25
1098,COM_NUTRICIONISTA,268.34
1099,COM_NUTRICIONISTA,6209.64
110,COM_NUTRICIONISTA,2035.6
1100,COM_NUTRICIONISTA,4369.33
1101,COM_NUTRICIONISTA,3495.82
1102,COM_NUTRICIONISTA,368.57
1103,COM_NUTRICIONISTA,4791.29
1103,SEM_NUTRICIONISTA,129.9
1104,COM_NUTRICIONISTA,2982.14
1105,COM_NUTRICIONISTA,10401.27
1106,COM_NUTRICIONISTA,7963.83
1107,COM_NUTRICIONISTA,4451.06
1108,COM_NUTRICIONISTA,4354.54
1109,COM_NUTRICIONISTA,3361.1
111,COM_NUTRICIONISTA,4891.01
111,SEM_NUTRICIONISTA,194.9
1110,COM_NUTRICIONISTA,3813.47
1111,COM_NUTRICIONISTA,2228.94
1112,COM_NUTRICIONISTA,8779.38
1113,COM_NUTRICIONISTA,417.97
1114,COM_NUTRICIONISTA,7112.17
1115,COM_NUTRICIONISTA,3465.41
1116,COM_NUTRICIONISTA,7241.03
1117,COM_NUTRICIONISTA,3362.44
1117,SEM_NUTRICIONISTA,29.9
1118,COM_NUTRICIONISTA,3016.15
1119,COM_NUTRICIONISTA,3035.99
112,COM_NUTRICIONISTA,7670.22
112,SEM_NUTRICIONISTA,194.9
1120,COM_NUTRICIONISTA,1183.65
1121,COM_NUTRICIONISTA,712.8
1122,COM_NUTRICIONISTA,518.1
1123,COM_NUTRICIONISTA,3088.12
1124,COM_NUTRICIONISTA,6764.91
1125,COM_NUTRICIONISTA,899.48
1126,COM_NUTRICIONISTA,3233.22
1127,COM_NUTRICIONISTA,12269.25
1128,COM_NUTRICIONISTA,13250.85
1128,SEM_NUTRICIONISTA,189.9
1129,COM_NUTRICIONISTA,8562.72
1129,SEM_NUTRICIONISTA,219.9
113,COM_NUTRICIONISTA,8420.59
113,SEM_NUTRICIONISTA,389.8
1130,COM_NUTRICIONISTA,1676.45
1131,COM_NUTRICIONISTA,5346.65
1132,COM_NUTRICIONISTA,9639.4
1133,COM_NUTRICIONISTA,1727.8
1134,COM_NUTRICIONISTA,354.18
1135,COM_NUTRICIONISTA,2112.44
1136,COM_NUTRICIONISTA,305.25
1137,COM_NUTRICIONISTA,3468.0
1138,COM_NUTRICIONISTA,345.65
1139,COM_NUTRICIONISTA,399.56
114,COM_NUTRICIONISTA,3184.36
1140,COM_NUTRICIONISTA,576.77
1141,COM_NUTRICIONISTA,1635.94
1142,COM_NUTRICIONISTA,879.86
1143,COM_NUTRICIONISTA,1219.7
1144,COM_NUTRICIONISTA,254.8
1145,COM_NUTRICIONISTA,264.6
1146,COM_NUTRICIONISTA,1542.46
1147,COM_NUTRICIONISTA,290.12
1148,COM_NUTRICIONISTA,176.52
1149,COM_NUTRICIONISTA,431.83
115,COM_NUTRICIONISTA,6383.81
1150,COM_NUTRICIONISTA,695.23
1151,COM_NUTRICIONISTA,781.75
1152,COM_NUTRICIONISTA,296.74
1153,COM_NUTRICIONISTA,153.06
1154,COM_NUTRICIONISTA,204.08
1155,COM_NUTRICIONISTA,166.94
1156,COM_NUTRICIONISTA,166.94
1157,COM_NUTRICIONISTA,8176.74
1158,COM_NUTRICIONISTA,10037.5
1159,COM_NUTRICIONISTA,19262.76
116,COM_NUTRICIONISTA,916.64
1160,COM_NUTRICIONISTA,3922.2
1161,COM_NUTRICIONISTA,1765.17
1162,COM_NUTRICIONISTA,7.2
1164,COM_NUTRICIONISTA,66.18
1165,COM_NUTRICIONISTA,87.12
1166,COM_NUTRICIONISTA,103.8
1168,COM_NUTRICIONISTA,50.4
1169,COM_NUTRICIONISTA,71.7
117,COM_NUTRICIONISTA,432.48
1170,COM_NUTRICIONISTA,87.3
1170,SEM_NUTRICIONISTA,6.9
1172,COM_NUTRICIONISTA,173.7
1173,COM_NUTRICIONISTA,68.1
1174,COM_NUTRICIONISTA,87.3
1175,COM_NUTRICIONISTA,71.1
1176,COM_NUTRICIONISTA,116.4
1177,COM_NUTRICIONISTA,36.0
1178,COM_NUTRICIONISTA,236.1
1179,COM_NUTRICIONISTA,7.2
118,COM_NUTRICIONISTA,1091.78
1180,COM_NUTRICIONISTA,93.6
1181,COM_NUTRICIONISTA,172.8
1182,COM_NUTRICIONISTA,161.1
1183,COM_NUTRICIONISTA,301.91
1184,COM_NUTRICIONISTA,119.48
1185,COM_NUTRICIONISTA,724.4
1186,COM_NUTRICIONISTA,208.92
1187,COM_NUTRICIONISTA,104.46
1188,COM_NUTRICIONISTA,537.96
1189,COM_NUTRICIONISTA,687.98
119,COM_NUTRICIONISTA,1047.4
1190,COM_NUTRICIONISTA,791.48
1192,COM_NUTRICIONISTA,29.9
1194,COM_NUTRICIONISTA,46.92
1195,COM_NUTRICIONISTA,692.35
1196,COM_NUTRICIONISTA,363.45
1197,COM_NUTRICIONISTA,398.0
1198,COM_NUTRICIONISTA,2915.2
1199,COM_NUTRICIONISTA,4316.14
1199,SEM_NUTRICIONISTA,127.99
120,COM_NUTRICIONISTA,189.21
1200,COM_NUTRICIONISTA,12835.27
1200,SEM_NUTRICIONISTA,134.99
1201,COM_NUTRICIONISTA,3876.18
1202,COM_NUTRICIONISTA,560.46
1203,COM_NUTRICIONISTA,1728.09
1204,COM_NUTRICIONISTA,7147.28
1204,SEM_NUTRICIONISTA,44.9
1205,COM_NUTRICIONISTA,9870.62
1205,SEM_NUTRICIONISTA,149.9
1206,COM_NUTRICIONISTA,208.92
1207,COM_NUTRICIONISTA,976.56
1208,COM_NUTRICIONISTA,819.44
1209,COM_NUTRICIONISTA,1234.72
1210,COM_NUTRICIONISTA,346.2
1211,COM_NUTRICIONISTA,3560.83
1211,SEM_NUTRICIONISTA,129.9
1212,COM_NUTRICIONISTA,21409.69
1213,COM_NUTRICIONISTA,9095.33
1213,SEM_NUTRICIONISTA,89.9
1214,COM_NUTRICIONISTA,10401.76
1215,COM_NUTRICIONISTA,18133.98
1216,COM_NUTRICIONISTA,3950.62
1217,COM_NUTRICIONISTA,1882.07
1218,COM_NUTRICIONISTA,3902.42
1219,COM_NUTRICIONISTA,11185.71
1220,COM_NUTRICIONISTA,12397.59
1221,COM_NUTRICIONISTA,2531.09
1222,COM_NUTRICIONISTA,1114.49
1223,COM_NUTRICIONISTA,1664.59
1224,COM_NUTRICIONISTA,943.96
1225,COM_NUTRICIONISTA,1752.85
1226,COM_NUTRICIONISTA,1981.23
1227,COM_NUTRICIONISTA,4831.4
1228,COM_NUTRICIONISTA,6877.28
1229,COM_NUTRICIONISTA,157.67
123,COM_NUTRICIONISTA,1914.6
1230,COM_NUTRICIONISTA,421.14
1231,COM_NUTRICIONISTA,319.8
1232,COM_NUTRICIONISTA,906.49
1233,COM_NUTRICIONISTA,280.59
1234,COM_NUTRICIONISTA,1236.62
1235,COM_NUTRICIONISTA,1627.7
1236,COM_NUTRICIONISTA,1397.14
1237,COM_NUTRICIONISTA,1802.18
1238,COM_NUTRICIONISTA,7918.91
1239,COM_NUTRICIONISTA,5152.3
1240,COM_NUTRICIONISTA,2068.83
1240,SEM_NUTRICIONISTA,74.9
1241,COM_NUTRICIONISTA,864.9
1242,COM_NUTRICIONISTA,2953.57
1242,SEM_NUTRICIONISTA,119.9
1243,COM_NUTRICIONISTA,830.63
1245,COM_NUTRICIONISTA,1447.94
1246,COM_NUTRICIONISTA,256.85
1247,COM_NUTRICIONISTA,5593.35
1248,COM_NUTRICIONISTA,5706.72
1249,COM_NUTRICIONISTA,8738.08
1250,COM_NUTRICIONISTA,5317.71
1251,COM_NUTRICIONISTA,11531.81
1252,COM_NUTRICIONISTA,15675.59
1253,COM_NUTRICIONISTA,2669.4
1254,COM_NUTRICIONISTA,842.84
1255,COM_NUTRICIONISTA,144.36
1256,COM_NUTRICIONISTA,1029.22
1257,COM_NUTRICIONISTA,72.18
1258,COM_NUTRICIONISTA,399.78
1259,COM_NUTRICIONISTA,897.02
1260,COM_NUTRICIONISTA,1270.76
1261,COM_NUTRICIONISTA,1256.52
1262,COM_NUTRICIONISTA,167.57
1263,COM_NUTRICIONISTA,432.06
1264,COM_NUTRICIONISTA,991.7
1265,COM_NUTRICIONISTA,3568.44
1267,COM_NUTRICIONISTA,1289.84
1268,COM_NUTRICIONISTA,1840.32
1269,COM_NUTRICIONISTA,3941.73
127,COM_NUTRICIONISTA,1278.97
1270,COM_NUTRICIONISTA,260.06
1271,COM_NUTRICIONISTA,390.09
1272,COM_NUTRICIONISTA,357.6
1273,COM_NUTRICIONISTA,1615.62
1274,COM_NUTRICIONISTA,9468.05
1275,COM_NUTRICIONISTA,329.45
1276,COM_NUTRICIONISTA,583.42
1277,COM_NUTRICIONISTA,427.62
1277,SEM_NUTRICIONISTA,64.5
1278,COM_NUTRICIONISTA,137.65
1279,COM_NUTRICIONISTA,747.26
1279,SEM_NUTRICIONISTA,51.6
128,COM_NUTRICIONISTA,976.25
1280,COM_NUTRICIONISTA,134.64
1282,COM_NUTRICIONISTA,44.88
1283,COM_NUTRICIONISTA,31.68
1283,SEM_NUTRICIONISTA,35.7
1285,COM_NUTRICIONISTA,72.6
1285,SEM_NUTRICIONISTA,35.7
1286,COM_NUTRICIONISTA,42.24
1287,COM_NUTRICIONISTA,42.24
1288,COM_NUTRICIONISTA,158.42
1288,SEM_NUTRICIONISTA,35.7
1289,COM_NUTRICIONISTA,5885.72
129,COM_NUTRICIONISTA,999.3
1290,COM_NUTRICIONISTA,5527.0
1291,COM_NUTRICIONISTA,2066.3
1292,COM_NUTRICIONISTA,14053.87
1295,COM_NUTRICIONISTA,392.12
1296,COM_NUTRICIONISTA,294.09
1297,COM_NUTRICIONISTA,96.89
1298,COM_NUTRICIONISTA,96.89
1299,COM_NUTRICIONISTA,283.8
130,COM_NUTRICIONISTA,2233.2
1300,COM_NUTRICIONISTA,96.89
1301,COM_NUTRICIONISTA,1043.7
1302,COM_NUTRICIONISTA,255.16
1305,COM_NUTRICIONISTA,78.63
1306,COM_NUTRICIONISTA,364.72
1307,COM_NUTRICIONISTA,307.77
1308,COM_NUTRICIONISTA,205.18
1309,COM_NUTRICIONISTA,115.37
131,COM_NUTRICIONISTA,1660.65
1310,COM_NUTRICIONISTA,213.18
1311,COM_NUTRICIONISTA,67.06
1312,COM_NUTRICIONISTA,134.12
1315,COM_NUTRICIONISTA,478.98
1316,COM_NUTRICIONISTA,117.96
1317,COM_NUTRICIONISTA,196.6
1318,COM_NUTRICIONISTA,489.86
132,COM_NUTRICIONISTA,144.49
1323,COM_NUTRICIONISTA,987.34
1325,COM_NUTRICIONISTA,1129.5
1326,COM_NUTRICIONISTA,2941.46
1327,COM_NUTRICIONISTA,1615.81
1328,COM_NUTRICIONISTA,7911.67
1329,COM_NUTRICIONISTA,5744.08
133,COM_NUTRICIONISTA,3361.29
1330,COM_NUTRICIONISTA,2651.1
1331,COM_NUTRICIONISTA,2316.54
1332,COM_NUTRICIONISTA,12280.46
1333,COM_NUTRICIONISTA,8715.64
1334,COM_NUTRICIONISTA,4052.54
1335,COM_NUTRICIONISTA,1133.4
1336,COM_NUTRICIONISTA,3872.4
1337,COM_NUTRICIONISTA,337.4
1338,COM_NUTRICIONISTA,2725.05
1339,COM_NUTRICIONISTA,4506.28
134,COM_NUTRICIONISTA,21305.18
1340,COM_NUTRICIONISTA,1090.02
1341,COM_NUTRICIONISTA,48664.1
1341,SEM_NUTRICIONISTA,1199.6
1342,COM_NUTRICIONISTA,13504.11
1343,COM_NUTRICIONISTA,143.34
1344,COM_NUTRICIONISTA,88.92
1345,COM_NUTRICIONISTA,2067.45
1346,COM_NUTRICIONISTA,6677.54
1347,COM_NUTRICIONISTA,1990.09
135,COM_NUTRICIONISTA,534.9
1357,COM_NUTRICIONISTA,60.0
1359,COM_NUTRICIONISTA,160.0
136,COM_NUTRICIONISTA,178.3
1364,COM_NUTRICIONISTA,60.0
1365,COM_NUTRICIONISTA,48.0
1367,COM_NUTRICIONISTA,23.0
1368,COM_NUTRICIONISTA,99.0
137,COM_NUTRICIONISTA,178.3
1370,COM_NUTRICIONISTA,102.0
1371,COM_NUTRICIONISTA,85.0
1379,COM_NUTRICIONISTA,100.0
138,COM_NUTRICIONISTA,5658.44
138,SEM_NUTRICIONISTA,159.9
1383,COM_NUTRICIONISTA,15241.63
1383,SEM_NUTRICIONISTA,359.97
1384,COM_NUTRICIONISTA,73255.4
1384,SEM_NUTRICIONISTA,229.9
1385,COM_NUTRICIONISTA,285.0
1386,COM_NUTRICIONISTA,5002.12
1387,COM_NUTRICIONISTA,222.9
1388,COM_NUTRICIONISTA,493.59
1389,COM_NUTRICIONISTA,495.56
139,COM_NUTRICIONISTA,6239.33
1390,COM_NUTRICIONISTA,1784.41
1392,COM_NUTRICIONISTA,165.0
1399,COM_NUTRICIONISTA,405.0
140,COM_NUTRICIONISTA,5091.53
1400,COM_NUTRICIONISTA,135.0
1401,COM_NUTRICIONISTA,289.9
1402,COM_NUTRICIONISTA,75.0
1403,COM_NUTRICIONISTA,120.0
1404,COM_NUTRICIONISTA,35.0
1406,COM_NUTRICIONISTA,35.0
1407,COM_NUTRICIONISTA,1091.54
1408,COM_NUTRICIONISTA,4659.42
1409,COM_NUTRICIONISTA,1067.11
141,COM_NUTRICIONISTA,37628.34
1410,COM_NUTRICIONISTA,1716.33
1410,SEM_NUTRICIONISTA,89.7
1411,COM_NUTRICIONISTA,393.16
1412,COM_NUTRICIONISTA,364.1
1413,COM_NUTRICIONISTA,229.76
1414,COM_NUTRICIONISTA,1280.62
1414,SEM_NUTRICIONISTA,169.9
1415,COM_NUTRICIONISTA,5901.28
1416,COM_NUTRICIONISTA,135.45
1417,COM_NUTRICIONISTA,458.86
142,COM_NUTRICIONISTA,1689.32
142,SEM_NUTRICIONISTA,459.8
1420,COM_NUTRICIONISTA,85.0
143,COM_NUTRICIONISTA,1841.31
143,SEM_NUTRICIONISTA,229.9
144,COM_NUTRICIONISTA,7455.78
1445,COM_NUTRICIONISTA,65.0
1446,COM_NUTRICIONISTA,195.0
1447,COM_NUTRICIONISTA,1804.56
1448,COM_NUTRICIONISTA,1993.14
1449,COM_NUTRICIONISTA,7584.3
145,COM_NUTRICIONISTA,6443.55
1450,COM_NUTRICIONISTA,4300.98
1451,COM_NUTRICIONISTA,8332.47
1452,COM_NUTRICIONISTA,11556.55
1453,COM_NUTRICIONISTA,355.64
1454,COM_NUTRICIONISTA,215.74
1455,COM_NUTRICIONISTA,129.4
1456,COM_NUTRICIONISTA,5455.9
1457,COM_NUTRICIONISTA,3998.12
1458,COM_NUTRICIONISTA,852.57
1459,COM_NUTRICIONISTA,6438.88
146,COM_NUTRICIONISTA,7595.5
1460,COM_NUTRICIONISTA,3149.29
1461,COM_NUTRICIONISTA,1501.4
1462,COM_NUTRICIONISTA,2772.28
1463,COM_NUTRICIONISTA,168.3
1464,COM_NUTRICIONISTA,651.42
1465,COM_NUTRICIONISTA,1093.04
1466,COM_NUTRICIONISTA,791.32
1467,COM_NUTRICIONISTA,1175.66
1468,COM_NUTRICIONISTA,2960.13
1469,COM_NUTRICIONISTA,2635.97
147,COM_NUTRICIONISTA,2032.02
1470,COM_NUTRICIONISTA,7369.83
1474,COM_NUTRICIONISTA,2420.24
1475,COM_NUTRICIONISTA,3724.62
1476,COM_NUTRICIONISTA,533.1
1477,COM_NUTRICIONISTA,206.91
1478,COM_NUTRICIONISTA,223.68
1479,COM_NUTRICIONISTA,298.24
148,COM_NUTRICIONISTA,90.08
1480,COM_NUTRICIONISTA,596.48
1481,COM_NUTRICIONISTA,49.71
1482,COM_NUTRICIONISTA,68.35
1484,COM_NUTRICIONISTA,4320.3
1485,COM_NUTRICIONISTA,5822.25
1486,COM_NUTRICIONISTA,6482.14
1486,SEM_NUTRICIONISTA,139.9
1487,COM_NUTRICIONISTA,152.7
1488,COM_NUTRICIONISTA,362.5
1489,COM_NUTRICIONISTA,134.67
1490,COM_NUTRICIONISTA,961.69
1491,COM_NUTRICIONISTA,5563.85
1492,COM_NUTRICIONISTA,699.2
1493,COM_NUTRICIONISTA,646.82
1494,COM_NUTRICIONISTA,579.78
1495,COM_NUTRICIONISTA,4218.2
1496,COM_NUTRICIONISTA,68.17
1497,COM_NUTRICIONISTA,1502.24
1498,COM_NUTRICIONISTA,2937.39
1499,COM_NUTRICIONISTA,8433.72
15,COM_NUTRICIONISTA,220.15
150,COM_NUTRICIONISTA,210.69
1500,COM_NUTRICIONISTA,1014.3
1501,COM_NUTRICIONISTA,191.12
1503,COM_NUTRICIONISTA,227.08
1504,COM_NUTRICIONISTA,53.74
1505,COM_NUTRICIONISTA,157.47
1506,COM_NUTRICIONISTA,200.67
1506,SEM_NUTRICIONISTA,36.9
1507,COM_NUTRICIONISTA,228.58
1509,COM_NUTRICIONISTA,310.27
1509,SEM_NUTRICIONISTA,55.8
151,COM_NUTRICIONISTA,89.2
1510,COM_NUTRICIONISTA,59.8
1510,SEM_NUTRICIONISTA,29.9
1511,COM_NUTRICIONISTA,29.9
1512,COM_NUTRICIONISTA,118.59
1513,COM_NUTRICIONISTA,223.0
1513,SEM_NUTRICIONISTA,17.89
1514,COM_NUTRICIONISTA,123.48
1514,SEM_NUTRICIONISTA,35.78
1515,COM_NUTRICIONISTA,206.07
1516,COM_NUTRICIONISTA,156.57
1517,COM_NUTRICIONISTA,72.41
1517,SEM_NUTRICIONISTA,9.9
1518,COM_NUTRICIONISTA,314.58
1519,COM_NUTRICIONISTA,42.71
152,COM_NUTRICIONISTA,89.2
1520,COM_NUTRICIONISTA,186.45
1520,SEM_NUTRICIONISTA,0.0
1521,COM_NUTRICIONISTA,165.16
1522,COM_NUTRICIONISTA,185.78
1523,COM_NUTRICIONISTA,160.94
1523,SEM_NUTRICIONISTA,12.9
1524,COM_NUTRICIONISTA,120.76
1525,COM_NUTRICIONISTA,786.87
1526,COM_NUTRICIONISTA,285.45
1527,COM_NUTRICIONISTA,375.6
1528,COM_NUTRICIONISTA,2953.07
1528,SEM_NUTRICIONISTA,79.9
153,COM_NUTRICIONISTA,89.2
1530,COM_NUTRICIONISTA,229.99
1534,COM_NUTRICIONISTA,26.1
1537,COM_NUTRICIONISTA,43.2
1538,COM_NUTRICIONISTA,21.6
154,COM_NUTRICIONISTA,267.6
1540,COM_NUTRICIONISTA,21.6
1547,COM_NUTRICIONISTA,119.57
155,COM_NUTRICIONISTA,4104.94
1550,COM_NUTRICIONISTA,188.37
1551,COM_NUTRICIONISTA,487.38
1552,COM_NUTRICIONISTA,1986.05
1552,SEM_NUTRICIONISTA,159.9
1553,COM_NUTRICIONISTA,106.14
1556,COM_NUTRICIONISTA,816.59
1557,COM_NUTRICIONISTA,1439.3
1558,COM_NUTRICIONISTA,670.0
1559,COM_NUTRICIONISTA,393.62
1560,COM_NUTRICIONISTA,3633.15
1561,COM_NUTRICIONISTA,986.55
1562,COM_NUTRICIONISTA,3681.31
1563,COM_NUTRICIONISTA,1453.53
1564,COM_NUTRICIONISTA,1461.74
1565,COM_NUTRICIONISTA,665.92
1566,COM_NUTRICIONISTA,606.05
1567,COM_NUTRICIONISTA,102.0
1568,COM_NUTRICIONISTA,239.26
1569,COM_NUTRICIONISTA,239.26
1570,COM_NUTRICIONISTA,478.52
1571,COM_NUTRICIONISTA,239.26
1572,COM_NUTRICIONISTA,3617.3
1573,COM_NUTRICIONISTA,1078.74
1574,COM_NUTRICIONISTA,598.64
1575,COM_NUTRICIONISTA,136.14
1576,COM_NUTRICIONISTA,1065.95
1577,COM_NUTRICIONISTA,655.4
1578,COM_NUTRICIONISTA,280.3
1579,COM_NUTRICIONISTA,298.9
158,COM_NUTRICIONISTA,95.14
1580,COM_NUTRICIONISTA,283.08
1583,COM_NUTRICIONISTA,49.9
1585,COM_NUTRICIONISTA,99.8
1587,COM_NUTRICIONISTA,102.34
1588,COM_NUTRICIONISTA,205.9
1589,COM_NUTRICIONISTA,158.4
159,COM_NUTRICIONISTA,789.24
1590,COM_NUTRICIONISTA,4333.75
1591,COM_NUTRICIONISTA,444.22
1592,COM_NUTRICIONISTA,669.09
1592,SEM_NUTRICIONISTA,69.9
1593,COM_NUTRICIONISTA,3063.92
1594,COM_NUTRICIONISTA,269.5
1595,COM_NUTRICIONISTA,1327.5
1596,COM_NUTRICIONISTA,267.08
1597,COM_NUTRICIONISTA,72.03
1598,COM_NUTRICIONISTA,250.56
1599,COM_NUTRICIONISTA,420.1
16,COM_NUTRICIONISTA,226.4
160,COM_NUTRICIONISTA,535.2
1600,COM_NUTRICIONISTA,668.18
1601,COM_NUTRICIONISTA,723.04
1602,COM_NUTRICIONISTA,65.75
1603,COM_NUTRICIONISTA,71.88
1604,COM_NUTRICIONISTA,127.77
1605,COM_NUTRICIONISTA,157.58
1606,COM_NUTRICIONISTA,89.74
1607,COM_NUTRICIONISTA,1233.21
1608,COM_NUTRICIONISTA,2669.66
1609,COM_NUTRICIONISTA,486.76
1610,COM_NUTRICIONISTA,365.07
1611,COM_NUTRICIONISTA,2915.08
1612,COM_NUTRICIONISTA,2505.29
1612,SEM_NUTRICIONISTA,199.9
1613,COM_NUTRICIONISTA,2480.47
1614,COM_NUTRICIONISTA,278.7
1616,COM_NUTRICIONISTA,278.7
1617,COM_NUTRICIONISTA,4411.7
1618,COM_NUTRICIONISTA,1439.4
1619,COM_NUTRICIONISTA,1708.85
162,COM_NUTRICIONISTA,178.4
1620,COM_NUTRICIONISTA,416.02
1621,COM_NUTRICIONISTA,2287.52
1622,COM_NUTRICIONISTA,1275.97
1623,COM_NUTRICIONISTA,394.7
1624,COM_NUTRICIONISTA,2373.06
1625,COM_NUTRICIONISTA,870.69
1625,SEM_NUTRICIONISTA,139.9
1626,COM_NUTRICIONISTA,3343.95
1627,COM_NUTRICIONISTA,4448.7
1628,COM_NUTRICIONISTA,1933.62
1629,COM_NUTRICIONISTA,2905.27
163,COM_NUTRICIONISTA,178.4
1630,COM_NUTRICIONISTA,4942.9
1631,COM_NUTRICIONISTA,272.83
1632,COM_NUTRICIONISTA,4545.93
1633,COM_NUTRICIONISTA,1175.22
1634,COM_NUTRICIONISTA,1557.99
1635,COM_NUTRICIONISTA,1630.18
1636,COM_NUTRICIONISTA,978.39
1637,COM_NUTRICIONISTA,2839.38
1639,COM_NUTRICIONISTA,10797.6
164,COM_NUTRICIONISTA,356.8
1640,COM_NUTRICIONISTA,4248.64
1641,COM_NUTRICIONISTA,293.86
1642,COM_NUTRICIONISTA,1081.48
1644,COM_NUTRICIONISTA,546.73
1645,COM_NUTRICIONISTA,346.83
1646,COM_NUTRICIONISTA,293.0
1646,SEM_NUTRICIONISTA,29.86
1647,COM_NUTRICIONISTA,341.99
1647,SEM_NUTRICIONISTA,9.98
1648,COM_NUTRICIONISTA,147.97
1648,SEM_NUTRICIONISTA,47.83
1649,COM_NUTRICIONISTA,31.29
1650,COM_NUTRICIONISTA,13.4
1654,COM_NUTRICIONISTA,28.0
1655,COM_NUTRICIONISTA,6.7
1656,COM_NUTRICIONISTA,2709.16
1656,SEM_NUTRICIONISTA,59.9
1657,COM_NUTRICIONISTA,3650.5
1658,SEM_NUTRICIONISTA,110.77
1659,COM_NUTRICIONISTA,4156.61
166,COM_NUTRICIONISTA,28608.32
166,SEM_NUTRICIONISTA,216.99
1660,COM_NUTRICIONISTA,14330.74
1661,COM_NUTRICIONISTA,1062.39
1664,COM_NUTRICIONISTA,191.51
1665,COM_NUTRICIONISTA,1271.6
1666,COM_NUTRICIONISTA,304.42
1667,COM_NUTRICIONISTA,1800.25
1668,COM_NUTRICIONISTA,414.8
1669,COM_NUTRICIONISTA,2159.0
167,COM_NUTRICIONISTA,16608.25
167,SEM_NUTRICIONISTA,216.99
1670,COM_NUTRICIONISTA,18364.59
1671,COM_NUTRICIONISTA,7047.38
1671,SEM_NUTRICIONISTA,399.98
1672,COM_NUTRICIONISTA,1328.08
1673,COM_NUTRICIONISTA,5152.89
1674,COM_NUTRICIONISTA,1429.26
1677,COM_NUTRICIONISTA,62.7
168,COM_NUTRICIONISTA,5488.33
1685,COM_NUTRICIONISTA,816.04
1687,COM_NUTRICIONISTA,23929.73
1689,COM_NUTRICIONISTA,239.9
169,COM_NUTRICIONISTA,14740.66
1690,COM_NUTRICIONISTA,224.9
1692,COM_NUTRICIONISTA,124.0
1693,COM_NUTRICIONISTA,764.6
1695,COM_NUTRICIONISTA,17.99
1695,SEM_NUTRICIONISTA,19.9
1696,COM_NUTRICIONISTA,48.6
1697,COM_NUTRICIONISTA,35.98
1697,SEM_NUTRICIONISTA,19.9
1698,COM_NUTRICIONISTA,161.3
1699,COM_NUTRICIONISTA,19.9
17,COM_NUTRICIONISTA,1358.4
170,COM_NUTRICIONISTA,9579.99
1704,COM_NUTRICIONISTA,545.13
1705,COM_NUTRICIONISTA,8685.61
1706,COM_NUTRICIONISTA,2751.05
1707,COM_NUTRICIONISTA,3622.54
1708,COM_NUTRICIONISTA,7351.44
1709,COM_NUTRICIONISTA,2489.96
1710,COM_NUTRICIONISTA,3058.84
1711,COM_NUTRICIONISTA,3677.37
1712,COM_NUTRICIONISTA,1322.88
1713,COM_NUTRICIONISTA,783.58
1714,COM_NUTRICIONISTA,1213.0
1715,COM_NUTRICIONISTA,684.5
1716,COM_NUTRICIONISTA,353.2
1717,COM_NUTRICIONISTA,493.1
1718,COM_NUTRICIONISTA,909.72
1719,COM_NUTRICIONISTA,2154.12
1720,COM_NUTRICIONISTA,487.94
1721,COM_NUTRICIONISTA,901.88
1722,COM_NUTRICIONISTA,505.46
1723,COM_NUTRICIONISTA,60.7
1724,COM_NUTRICIONISTA,89.9
1725,COM_NUTRICIONISTA,22715.36
1726,COM_NUTRICIONISTA,2569.3
1727,COM_NUTRICIONISTA,2123.22
1728,COM_NUTRICIONISTA,369.9
1735,COM_NUTRICIONISTA,299.9
1736,COM_NUTRICIONISTA,2268.15
1737,COM_NUTRICIONISTA,1238.65
1737,SEM_NUTRICIONISTA,229.9
1738,COM_NUTRICIONISTA,2886.5
1739,COM_NUTRICIONISTA,444.5
1740,COM_NUTRICIONISTA,266.16
1749,COM_NUTRICIONISTA,92.0
1755,COM_NUTRICIONISTA,99.0
1757,COM_NUTRICIONISTA,546.7
1759,COM_NUTRICIONISTA,66.0
176,COM_NUTRICIONISTA,200.25
1760,COM_NUTRICIONISTA,3223.04
1761,SEM_NUTRICIONISTA,109.9
1774,COM_NUTRICIONISTA,1509.04
1775,COM_NUTRICIONISTA,2699.76
1776,COM_NUTRICIONISTA,898.8
1777,COM_NUTRICIONISTA,167.66
1779,COM_NUTRICIONISTA,521.23
1780,COM_NUTRICIONISTA,229.54
1781,COM_NUTRICIONISTA,8954.4
1782,COM_NUTRICIONISTA,3356.52
1783,COM_NUTRICIONISTA,126.66
1784,COM_NUTRICIONISTA,114.97
1785,COM_NUTRICIONISTA,785.6
1786,COM_NUTRICIONISTA,4112.74
1787,COM_NUTRICIONISTA,1748.97
1788,COM_NUTRICIONISTA,948.81
1788,SEM_NUTRICIONISTA,97.8
1789,COM_NUTRICIONISTA,539.21
1790,COM_NUTRICIONISTA,60.67
1791,COM_NUTRICIONISTA,307.8
1792,COM_NUTRICIONISTA,1788.92
1793,COM_NUTRICIONISTA,1019.4
1794,COM_NUTRICIONISTA,224.74
1794,SEM_NUTRICIONISTA,59.8
1795,COM_NUTRICIONISTA,713.48
18,COM_NUTRICIONISTA,452.8
181,COM_NUTRICIONISTA,168.3
1810,COM_NUTRICIONISTA,3323.27
1818,COM_NUTRICIONISTA,192.02
1819,COM_NUTRICIONISTA,60.0
1822,COM_NUTRICIONISTA,604.5
1823,COM_NUTRICIONISTA,1401.01
1825,COM_NUTRICIONISTA,80.75
1827,COM_NUTRICIONISTA,17733.47
183,COM_NUTRICIONISTA,114.9
1830,COM_NUTRICIONISTA,17.85
1831,COM_NUTRICIONISTA,234.4
1832,COM_NUTRICIONISTA,44.3
1834,COM_NUTRICIONISTA,1589.88
1835,COM_NUTRICIONISTA,45.0
1836,COM_NUTRICIONISTA,269.9
1837,COM_NUTRICIONISTA,1803.3
1838,COM_NUTRICIONISTA,79.9
1839,COM_NUTRICIONISTA,460.85
1840,COM_NUTRICIONISTA,2173.62
1840,SEM_NUTRICIONISTA,169.9
1842,COM_NUTRICIONISTA,99.9
1843,COM_NUTRICIONISTA,409.7
1844,COM_NUTRICIONISTA,496.64
1845,COM_NUTRICIONISTA,249.8
1846,COM_NUTRICIONISTA,320.52
1847,COM_NUTRICIONISTA,3431.5
1847,SEM_NUTRICIONISTA,499.8
1848,COM_NUTRICIONISTA,1580.89
1849,COM_NUTRICIONISTA,1099.96
1850,COM_NUTRICIONISTA,709.69
1851,COM_NUTRICIONISTA,3704.16
1852,COM_NUTRICIONISTA,139.9
1853,COM_NUTRICIONISTA,1782.86
1853,SEM_NUTRICIONISTA,59.99
1854,COM_NUTRICIONISTA,329.5
1855,COM_NUTRICIONISTA,1200.96
1856,COM_NUTRICIONISTA,639.8
1857,COM_NUTRICIONISTA,1672.75
1858,COM_NUTRICIONISTA,4984.6
1859,COM_NUTRICIONISTA,3899.18
1860,COM_NUTRICIONISTA,5108.8
1862,COM_NUTRICIONISTA,11407.45
1863,COM_NUTRICIONISTA,1269.55
1864,COM_NUTRICIONISTA,881.55
1865,COM_NUTRICIONISTA,771.75
1866,COM_NUTRICIONISTA,308.7
187,COM_NUTRICIONISTA,1599.6
1872,COM_NUTRICIONISTA,10947.75
1873,COM_NUTRICIONISTA,2638.9
1874,COM_NUTRICIONISTA,10878.76
1875,COM_NUTRICIONISTA,1258.2
1876,COM_NUTRICIONISTA,449.7
1877,COM_NUTRICIONISTA,2749.88
1878,COM_NUTRICIONISTA,719.4
1879,COM_NUTRICIONISTA,1438.8
188,COM_NUTRICIONISTA,1548.19
1880,COM_NUTRICIONISTA,499.8
1881,COM_NUTRICIONISTA,1978.2
1882,COM_NUTRICIONISTA,599.6
1882,SEM_NUTRICIONISTA,299.8
1883,COM_NUTRICIONISTA,2498.75
1884,COM_NUTRICIONISTA,899.4
1884,SEM_NUTRICIONISTA,149.9
1885,COM_NUTRICIONISTA,3816.9
1886,COM_NUTRICIONISTA,2278.89
1887,COM_NUTRICIONISTA,660.39
1887,SEM_NUTRICIONISTA,74.99
1889,COM_NUTRICIONISTA,1125.1
1890,COM_NUTRICIONISTA,653.8
1891,COM_NUTRICIONISTA,833.6
1892,COM_NUTRICIONISTA,2566.39
1893,COM_NUTRICIONISTA,249.03
1894,COM_NUTRICIONISTA,2346.5
1894,SEM_NUTRICIONISTA,94.9
1895,COM_NUTRICIONISTA,393.4
1896,COM_NUTRICIONISTA,556.4
1897,COM_NUTRICIONISTA,439.15
1897,SEM_NUTRICIONISTA,7.9
1898,COM_NUTRICIONISTA,3010.8
1899,COM_NUTRICIONISTA,434.15
19,COM_NUTRICIONISTA,226.4
190,COM_NUTRICIONISTA,166.7
1900,COM_NUTRICIONISTA,2974.79
1901,COM_NUTRICIONISTA,1449.3
1902,COM_NUTRICIONISTA,2298.9
1903,COM_NUTRICIONISTA,799.6
1904,COM_NUTRICIONISTA,359.85
1905,COM_NUTRICIONISTA,311.97
1906,COM_NUTRICIONISTA,187.67
1907,COM_NUTRICIONISTA,413.35
1908,COM_NUTRICIONISTA,410.55
1909,COM_NUTRICIONISTA,490.05
1910,COM_NUTRICIONISTA,902.65
1910,SEM_NUTRICIONISTA,49.8
1911,COM_NUTRICIONISTA,887.58
1912,COM_NUTRICIONISTA,813.44
1912,SEM_NUTRICIONISTA,49.8
1913,COM_NUTRICIONISTA,914.26
1913,SEM_NUTRICIONISTA,49.8
1914,COM_NUTRICIONISTA,517.58
1915,COM_NUTRICIONISTA,396.7
1916,COM_NUTRICIONISTA,719.48
1917,COM_NUTRICIONISTA,822.5
1918,COM_NUTRICIONISTA,332.0
1919,COM_NUTRICIONISTA,143.1
1920,COM_NUTRICIONISTA,729.6
1920,SEM_NUTRICIONISTA,16.9
1921,COM_NUTRICIONISTA,316.1
1922,COM_NUTRICIONISTA,447.3
1923,COM_NUTRICIONISTA,134.1
1924,COM_NUTRICIONISTA,262.2
1925,COM_NUTRICIONISTA,137.5
1926,COM_NUTRICIONISTA,131.6
1927,COM_NUTRICIONISTA,192.0
1927,SEM_NUTRICIONISTA,9.9
1928,COM_NUTRICIONISTA,1040.0
1929,COM_NUTRICIONISTA,300.5
1930,COM_NUTRICIONISTA,559.8
1930,SEM_NUTRICIONISTA,19.9
1931,COM_NUTRICIONISTA,533.3
1931,SEM_NUTRICIONISTA,43.8
1932,COM_NUTRICIONISTA,322.5
1933,COM_NUTRICIONISTA,142.8
1934,COM_NUTRICIONISTA,166.6
1935,COM_NUTRICIONISTA,130.9
1936,COM_NUTRICIONISTA,374.1
1937,COM_NUTRICIONISTA,348.8
1938,COM_NUTRICIONISTA,280.93
1939,COM_NUTRICIONISTA,475.22
1939,SEM_NUTRICIONISTA,10.9
1940,COM_NUTRICIONISTA,130.24
1941,COM_NUTRICIONISTA,267.95
1942,COM_NUTRICIONISTA,400.57
1943,COM_NUTRICIONISTA,292.48
1944,COM_NUTRICIONISTA,281.58
1945,COM_NUTRICIONISTA,185.8
1947,COM_NUTRICIONISTA,333.8
1948,COM_NUTRICIONISTA,211.9
1949,COM_NUTRICIONISTA,419.8
1950,COM_NUTRICIONISTA,395.8
1952,COM_NUTRICIONISTA,2034.98
1953,COM_NUTRICIONISTA,1363.29
1954,COM_NUTRICIONISTA,177.9
1956,COM_NUTRICIONISTA,7209.17
1957,COM_NUTRICIONISTA,3447.09
1957,SEM_NUTRICIONISTA,319.9
1958,COM_NUTRICIONISTA,1520.67
1959,COM_NUTRICIONISTA,509.8
1960,COM_NUTRICIONISTA,139.9
1961,COM_NUTRICIONISTA,1865.0
1962,COM_NUTRICIONISTA,410.8
1963,COM_NUTRICIONISTA,145.8
1964,COM_NUTRICIONISTA,989.0
1965,COM_NUTRICIONISTA,296.7
1966,COM_NUTRICIONISTA,4144.88
1967,COM_NUTRICIONISTA,669.0
1968,COM_NUTRICIONISTA,503.33
1968,SEM_NUTRICIONISTA,10.9
1969,COM_NUTRICIONISTA,551.2
1970,COM_NUTRICIONISTA,462.46
1970,SEM_NUTRICIONISTA,10.9
1971,COM_NUTRICIONISTA,790.96
1972,COM_NUTRICIONISTA,5170.07
1973,COM_NUTRICIONISTA,1001.4
1974,COM_NUTRICIONISTA,51.9
1975,COM_NUTRICIONISTA,449.7
1976,COM_NUTRICIONISTA,545.6
1977,COM_NUTRICIONISTA,291.02
1977,SEM_NUTRICIONISTA,6.99
1978,COM_NUTRICIONISTA,294.15
1979,COM_NUTRICIONISTA,315.98
1980,COM_NUTRICIONISTA,395.15
1980,SEM_NUTRICIONISTA,55.92
1981,COM_NUTRICIONISTA,111.79
1981,SEM_NUTRICIONISTA,50.85
1982,COM_NUTRICIONISTA,281.63
1982,SEM_NUTRICIONISTA,10.9
1983,COM_NUTRICIONISTA,116.45
1984,COM_NUTRICIONISTA,194.3
1985,COM_NUTRICIONISTA,243.03
1986,COM_NUTRICIONISTA,174.94
1987,COM_NUTRICIONISTA,304.2
1988,COM_NUTRICIONISTA,96.29
1988,SEM_NUTRICIONISTA,11.98
1989,COM_NUTRICIONISTA,71.1
1989,SEM_NUTRICIONISTA,7.9
1990,COM_NUTRICIONISTA,7.9
1991,COM_NUTRICIONISTA,3109.32
1992,COM_NUTRICIONISTA,3659.56
1993,COM_NUTRICIONISTA,2428.71
1995,COM_NUTRICIONISTA,588.88
1996,SEM_NUTRICIONISTA,69.99
2,COM_NUTRICIONISTA,53303.16
2,SEM_NUTRICIONISTA,448.89
2001,COM_NUTRICIONISTA,1269.36
2001,SEM_NUTRICIONISTA,69.9
2002,COM_NUTRICIONISTA,159.0
2003,COM_NUTRICIONISTA,28.79
2003,SEM_NUTRICIONISTA,9.9
2004,COM_NUTRICIONISTA,19.8
2005,COM_NUTRICIONISTA,28.79
2006,COM_NUTRICIONISTA,73.57
2007,COM_NUTRICIONISTA,116.26
2008,COM_NUTRICIONISTA,75.39
2009,COM_NUTRICIONISTA,114.0
2009,SEM_NUTRICIONISTA,11.9
2010,COM_NUTRICIONISTA,169.68
2011,COM_NUTRICIONISTA,257.88
2012,COM_NUTRICIONISTA,261.97
2013,COM_NUTRICIONISTA,102.28
2014,COM_NUTRICIONISTA,291.2
2015,COM_NUTRICIONISTA,271.4
2016,COM_NUTRICIONISTA,573.74
2017,COM_NUTRICIONISTA,429.66
2018,COM_NUTRICIONISTA,147.9
2019,COM_NUTRICIONISTA,567.6
2019,SEM_NUTRICIONISTA,38.7
2020,COM_NUTRICIONISTA,5841.97
2022,COM_NUTRICIONISTA,1126.51
2024,COM_NUTRICIONISTA,83.9
2025,COM_NUTRICIONISTA,699.5
2025,SEM_NUTRICIONISTA,139.9
2027,COM_NUTRICIONISTA,279.8
2028,COM_NUTRICIONISTA,625.49
2029,COM_NUTRICIONISTA,6153.66
2030,COM_NUTRICIONISTA,1812.51
2031,COM_NUTRICIONISTA,3579.6
2032,COM_NUTRICIONISTA,1479.6
2033,COM_NUTRICIONISTA,1149.5
2034,COM_NUTRICIONISTA,229.9
2036,COM_NUTRICIONISTA,1039.56
2037,COM_NUTRICIONISTA,294.48
2038,COM_NUTRICIONISTA,299.4
2040,COM_NUTRICIONISTA,203.8
2041,COM_NUTRICIONISTA,3523.2
2042,COM_NUTRICIONISTA,143.9
2045,COM_NUTRICIONISTA,99.9
2047,COM_NUTRICIONISTA,971.47
2049,COM_NUTRICIONISTA,305.5
2050,COM_NUTRICIONISTA,60.46
2050,SEM_NUTRICIONISTA,11.99
2052,COM_NUTRICIONISTA,97.54
2053,COM_NUTRICIONISTA,165.06
2054,COM_NUTRICIONISTA,249.59
2055,COM_NUTRICIONISTA,286.8
2056,COM_NUTRICIONISTA,23.9
2057,COM_NUTRICIONISTA,94.5
2059,COM_NUTRICIONISTA,18.9
206,COM_NUTRICIONISTA,3891.96
2060,COM_NUTRICIONISTA,18.9
2062,COM_NUTRICIONISTA,76.3
2063,COM_NUTRICIONISTA,141.7
2065,COM_NUTRICIONISTA,133.5
2066,COM_NUTRICIONISTA,121.9
2067,COM_NUTRICIONISTA,151.3
2068,COM_NUTRICIONISTA,2036.04
207,COM_NUTRICIONISTA,6096.97
207,SEM_NUTRICIONISTA,89.9
2070,COM_NUTRICIONISTA,518.65
2070,SEM_NUTRICIONISTA,107.98
2071,COM_NUTRICIONISTA,58.49
2072,COM_NUTRICIONISTA,21.98
2073,COM_NUTRICIONISTA,88.91
2073,SEM_NUTRICIONISTA,9.9
2074,COM_NUTRICIONISTA,340.82
2075,COM_NUTRICIONISTA,179.8
2076,COM_NUTRICIONISTA,32.89
2077,COM_NUTRICIONISTA,47.88
2078,COM_NUTRICIONISTA,265.23
2078,SEM_NUTRICIONISTA,59.7
2079,COM_NUTRICIONISTA,90.77
208,COM_NUTRICIONISTA,12355.65
2080,COM_NUTRICIONISTA,130.57
2080,SEM_NUTRICIONISTA,59.7
2081,COM_NUTRICIONISTA,269.05
2082,COM_NUTRICIONISTA,323.02
2083,COM_NUTRICIONISTA,17.99
2084,COM_NUTRICIONISTA,91.86
2085,COM_NUTRICIONISTA,1289.5
2086,COM_NUTRICIONISTA,297.75
2087,COM_NUTRICIONISTA,418.94
2088,COM_NUTRICIONISTA,563.6
2089,COM_NUTRICIONISTA,39.6
209,COM_NUTRICIONISTA,11920.67
2090,COM_NUTRICIONISTA,9.9
2091,COM_NUTRICIONISTA,34.5
2091,SEM_NUTRICIONISTA,8.9
2092,COM_NUTRICIONISTA,100.6
2092,SEM_NUTRICIONISTA,17.8
2093,COM_NUTRICIONISTA,1683.6
2094,COM_NUTRICIONISTA,5388.6
2095,COM_NUTRICIONISTA,979.6
2096,COM_NUTRICIONISTA,244.9
2097,COM_NUTRICIONISTA,1680.68
2098,COM_NUTRICIONISTA,539.6
2099,COM_NUTRICIONISTA,56.9
21,COM_NUTRICIONISTA,213.01
210,COM_NUTRICIONISTA,16133.76
210,SEM_NUTRICIONISTA,339.8
2100,COM_NUTRICIONISTA,39.9
2100,SEM_NUTRICIONISTA,39.9
2101,COM_NUTRICIONISTA,15.9
2103,COM_NUTRICIONISTA,319.0
2104,COM_NUTRICIONISTA,125.1
2105,COM_NUTRICIONISTA,139.0
2106,COM_NUTRICIONISTA,27.8
2107,COM_NUTRICIONISTA,69.5
2109,COM_NUTRICIONISTA,1564.44
211,COM_NUTRICIONISTA,14848.68
2110,COM_NUTRICIONISTA,1404.68
2110,SEM_NUTRICIONISTA,299.9
2111,COM_NUTRICIONISTA,299.9
2112,COM_NUTRICIONISTA,1184.69
2113,COM_NUTRICIONISTA,219.9
2114,COM_NUTRICIONISTA,219.9
2115,COM_NUTRICIONISTA,39.79
2116,COM_NUTRICIONISTA,55.6
2117,COM_NUTRICIONISTA,83.4
2118,COM_NUTRICIONISTA,93.8
2119,COM_NUTRICIONISTA,569.4
2120,COM_NUTRICIONISTA,55.3
2121,COM_NUTRICIONISTA,284.7
2122,COM_NUTRICIONISTA,23.7
2122,SEM_NUTRICIONISTA,7.9
2123,COM_NUTRICIONISTA,569.4
2123,SEM_NUTRICIONISTA,94.9
2124,COM_NUTRICIONISTA,69.5
2124,SEM_NUTRICIONISTA,55.6
2125,COM_NUTRICIONISTA,482.3
2126,COM_NUTRICIONISTA,104.9
2127,COM_NUTRICIONISTA,82.6
2127,SEM_NUTRICIONISTA,5.9
2128,COM_NUTRICIONISTA,907.6
2129,COM_NUTRICIONISTA,879.6
213,COM_NUTRICIONISTA,1312.12
2130,COM_NUTRICIONISTA,229.9
2131,COM_NUTRICIONISTA,559.2
2132,COM_NUTRICIONISTA,629.4
2134,COM_NUTRICIONISTA,199.9
2135,COM_NUTRICIONISTA,299.4
2139,COM_NUTRICIONISTA,349.8
214,COM_NUTRICIONISTA,15423.81
2140,COM_NUTRICIONISTA,110.9
2141,COM_NUTRICIONISTA,2689.77
2142,COM_NUTRICIONISTA,109.8
2146,COM_NUTRICIONISTA,10.9
2147,COM_NUTRICIONISTA,659.7
2148,COM_NUTRICIONISTA,219.9
2149,COM_NUTRICIONISTA,169.8
215,COM_NUTRICIONISTA,4682.33
2152,COM_NUTRICIONISTA,189.9
2153,COM_NUTRICIONISTA,54.5
2154,COM_NUTRICIONISTA,43.6
216,COM_NUTRICIONISTA,6659.58
2160,COM_NUTRICIONISTA,209.8
2161,COM_NUTRICIONISTA,104.9
2162,COM_NUTRICIONISTA,27.8
2163,COM_NUTRICIONISTA,13.9
2164,COM_NUTRICIONISTA,41.7
2164,SEM_NUTRICIONISTA,13.9
2165,COM_NUTRICIONISTA,9.9
2167,COM_NUTRICIONISTA,224.9
217,COM_NUTRICIONISTA,2228.99
2170,COM_NUTRICIONISTA,449.67
2172,COM_NUTRICIONISTA,149.9
2173,SEM_NUTRICIONISTA,78.9
2174,SEM_NUTRICIONISTA,78.9
2175,COM_NUTRICIONISTA,78.9
2176,COM_NUTRICIONISTA,148.89
2177,COM_NUTRICIONISTA,10.9
2179,COM_NUTRICIONISTA,33.87
2179,SEM_NUTRICIONISTA,19.8
218,COM_NUTRICIONISTA,2219.98
2182,COM_NUTRICIONISTA,17.98
2183,COM_NUTRICIONISTA,209.78
2183,SEM_NUTRICIONISTA,109.8
2184,SEM_NUTRICIONISTA,74.9
2187,COM_NUTRICIONISTA,69.99
2188,COM_NUTRICIONISTA,569.77
2189,COM_NUTRICIONISTA,479.78
219,COM_NUTRICIONISTA,4374.63
2190,COM_NUTRICIONISTA,219.98
2191,COM_NUTRICIONISTA,109.99
2192,COM_NUTRICIONISTA,681.89
2193,COM_NUTRICIONISTA,1991.94
2194,COM_NUTRICIONISTA,465.77
2195,COM_NUTRICIONISTA,1918.8
2196,COM_NUTRICIONISTA,189.89
2196,SEM_NUTRICIONISTA,199.8
2197,COM_NUTRICIONISTA,485.59
2198,COM_NUTRICIONISTA,387.69
2199,COM_NUTRICIONISTA,99.9
22,COM_NUTRICIONISTA,213.01
220,COM_NUTRICIONISTA,3774.86
2200,COM_NUTRICIONISTA,42.3
2202,COM_NUTRICIONISTA,2029.46
2203,COM_NUTRICIONISTA,689.7
2204,COM_NUTRICIONISTA,65.1
2205,COM_NUTRICIONISTA,5.9
2206,COM_NUTRICIONISTA,35.4
2207,SEM_NUTRICIONISTA,22.9
2208,COM_NUTRICIONISTA,35.89
2209,COM_NUTRICIONISTA,19.9
2210,COM_NUTRICIONISTA,45.97
2211,COM_NUTRICIONISTA,69.79
2212,COM_NUTRICIONISTA,24.9
2213,COM_NUTRICIONISTA,84.89
2214,COM_NUTRICIONISTA,24.99
2215,COM_NUTRICIONISTA,29.9
2215,SEM_NUTRICIONISTA,51.98
2219,COM_NUTRICIONISTA,53.89
2220,COM_NUTRICIONISTA,649.57
2222,COM_NUTRICIONISTA,919.75
2222,SEM_NUTRICIONISTA,149.9
2230,COM_NUTRICIONISTA,254.7
2231,COM_NUTRICIONISTA,410.97
2231,SEM_NUTRICIONISTA,194.9
2233,COM_NUTRICIONISTA,19.9
2234,COM_NUTRICIONISTA,29.99
2236,COM_NUTRICIONISTA,159.9
2237,SEM_NUTRICIONISTA,159.9
2238,COM_NUTRICIONISTA,129.9
2240,COM_NUTRICIONISTA,224.9
2241,SEM_NUTRICIONISTA,224.9
2242,COM_NUTRICIONISTA,416.89
2243,COM_NUTRICIONISTA,27.89
2244,COM_NUTRICIONISTA,191.99
2245,COM_NUTRICIONISTA,9.99
2248,COM_NUTRICIONISTA,9.99
2249,COM_NUTRICIONISTA,19.98
2250,COM_NUTRICIONISTA,69.95
2251,COM_NUTRICIONISTA,99.8
2252,COM_NUTRICIONISTA,389.67
2252,SEM_NUTRICIONISTA,209.7
2254,COM_NUTRICIONISTA,329.95
2255,COM_NUTRICIONISTA,658.96
2255,SEM_NUTRICIONISTA,657.96
2256,COM_NUTRICIONISTA,108.86
2256,SEM_NUTRICIONISTA,71.91
2257,COM_NUTRICIONISTA,95.87
2257,SEM_NUTRICIONISTA,71.91
2258,COM_NUTRICIONISTA,132.83
2258,SEM_NUTRICIONISTA,55.93
2259,COM_NUTRICIONISTA,104.9
2260,COM_NUTRICIONISTA,24.9
2260,SEM_NUTRICIONISTA,24.9
2264,COM_NUTRICIONISTA,209.9
2270,COM_NUTRICIONISTA,21.8
2270,SEM_NUTRICIONISTA,54.5
2271,COM_NUTRICIONISTA,32.7
2271,SEM_NUTRICIONISTA,43.6
2272,COM_NUTRICIONISTA,21.8
2272,SEM_NUTRICIONISTA,32.7
23,COM_NUTRICIONISTA,484.34
231,COM_NUTRICIONISTA,1364.55
232,COM_NUTRICIONISTA,2607.24
233,COM_NUTRICIONISTA,1305.2
234,COM_NUTRICIONISTA,2786.62
235,COM_NUTRICIONISTA,3079.74
236,COM_NUTRICIONISTA,2609.92
237,COM_NUTRICIONISTA,1003.46
238,COM_NUTRICIONISTA,2654.0
239,COM_NUTRICIONISTA,735.74
24,COM_NUTRICIONISTA,1156.29
240,COM_NUTRICIONISTA,3948.02
241,COM_NUTRICIONISTA,1140.4
242,COM_NUTRICIONISTA,1987.0
243,COM_NUTRICIONISTA,1767.5
244,COM_NUTRICIONISTA,285.4
245,COM_NUTRICIONISTA,1673.8
246,COM_NUTRICIONISTA,290.54
247,COM_NUTRICIONISTA,1973.92
248,COM_NUTRICIONISTA,275.1
249,COM_NUTRICIONISTA,558.38
25,COM_NUTRICIONISTA,1204.5
250,COM_NUTRICIONISTA,1796.74
251,COM_NUTRICIONISTA,914.5
256,COM_NUTRICIONISTA,1779.0
256,SEM_NUTRICIONISTA,96.9
257,COM_NUTRICIONISTA,640.88
257,SEM_NUTRICIONISTA,96.9
258,COM_NUTRICIONISTA,1171.2
259,COM_NUTRICIONISTA,995.8
260,COM_NUTRICIONISTA,1325.5
260,SEM_NUTRICIONISTA,114.9
267,COM_NUTRICIONISTA,1380.94
268,COM_NUTRICIONISTA,514.74
269,COM_NUTRICIONISTA,409.08
27,COM_NUTRICIONISTA,229.46
270,COM_NUTRICIONISTA,303.42
271,COM_NUTRICIONISTA,333.56
272,COM_NUTRICIONISTA,777.53
273,COM_NUTRICIONISTA,1388.28
274,COM_NUTRICIONISTA,1347.75
275,COM_NUTRICIONISTA,478.42
277,COM_NUTRICIONISTA,2107.77
277,SEM_NUTRICIONISTA,159.8
278,COM_NUTRICIONISTA,1147.36
278,SEM_NUTRICIONISTA,199.8
28,COM_NUTRICIONISTA,359.38
280,COM_NUTRICIONISTA,791.1
281,COM_NUTRICIONISTA,823.4
282,COM_NUTRICIONISTA,627.96
283,COM_NUTRICIONISTA,2850.62
283,SEM_NUTRICIONISTA,99.9
284,COM_NUTRICIONISTA,219.8
285,COM_NUTRICIONISTA,632.21
286,COM_NUTRICIONISTA,99.44
287,COM_NUTRICIONISTA,104.9
288,COM_NUTRICIONISTA,821.2
289,COM_NUTRICIONISTA,208.18
290,COM_NUTRICIONISTA,189.59
291,COM_NUTRICIONISTA,329.24
293,COM_NUTRICIONISTA,552.2
294,COM_NUTRICIONISTA,497.4
295,COM_NUTRICIONISTA,265.0
298,COM_NUTRICIONISTA,101.9
3,COM_NUTRICIONISTA,33204.73
30,COM_NUTRICIONISTA,25546.24
300,COM_NUTRICIONISTA,205.8
304,COM_NUTRICIONISTA,244.8
305,COM_NUTRICIONISTA,647.0
306,COM_NUTRICIONISTA,838.17
307,COM_NUTRICIONISTA,600.55
309,COM_NUTRICIONISTA,316.0
31,COM_NUTRICIONISTA,46181.22
31,SEM_NUTRICIONISTA,299.9
312,COM_NUTRICIONISTA,129.9
313,COM_NUTRICIONISTA,129.9
314,COM_NUTRICIONISTA,129.9
315,COM_NUTRICIONISTA,479.58
319,COM_NUTRICIONISTA,1891.55
32,COM_NUTRICIONISTA,6267.57
320,COM_NUTRICIONISTA,493.4
322,COM_NUTRICIONISTA,966.6
323,COM_NUTRICIONISTA,1471.4
324,COM_NUTRICIONISTA,381.9
325,COM_NUTRICIONISTA,114.17
327,COM_NUTRICIONISTA,397.96
33,COM_NUTRICIONISTA,32522.49
330,COM_NUTRICIONISTA,8329.4
331,COM_NUTRICIONISTA,7879.09
332,COM_NUTRICIONISTA,12775.98
333,COM_NUTRICIONISTA,8385.72
334,COM_NUTRICIONISTA,15794.16
334,SEM_NUTRICIONISTA,421.98
335,COM_NUTRICIONISTA,1658.53
335,SEM_NUTRICIONISTA,89.9
336,COM_NUTRICIONISTA,3006.02
337,COM_NUTRICIONISTA,5538.48
338,COM_NUTRICIONISTA,1732.96
339,COM_NUTRICIONISTA,2806.16
34,COM_NUTRICIONISTA,12275.71
340,COM_NUTRICIONISTA,1111.26
341,COM_NUTRICIONISTA,11162.35
342,COM_NUTRICIONISTA,5499.75
343,COM_NUTRICIONISTA,990.0
344,COM_NUTRICIONISTA,2118.49
345,COM_NUTRICIONISTA,973.65
346,COM_NUTRICIONISTA,1637.0
347,COM_NUTRICIONISTA,6700.15
348,COM_NUTRICIONISTA,1817.2
349,COM_NUTRICIONISTA,1906.02
35,COM_NUTRICIONISTA,11953.2
350,COM_NUTRICIONISTA,2170.09
351,COM_NUTRICIONISTA,3766.72
352,COM_NUTRICIONISTA,6757.74
352,SEM_NUTRICIONISTA,129.9
353,COM_NUTRICIONISTA,1674.9
355,COM_NUTRICIONISTA,1144.61
356,COM_NUTRICIONISTA,19783.22
357,COM_NUTRICIONISTA,21960.29
358,COM_NUTRICIONISTA,8635.48
359,COM_NUTRICIONISTA,463.0
36,COM_NUTRICIONISTA,2814.98
360,COM_NUTRICIONISTA,16518.3
360,SEM_NUTRICIONISTA,69.9
361,COM_NUTRICIONISTA,7225.28
362,COM_NUTRICIONISTA,497.9
363,COM_NUTRICIONISTA,19425.42
363,SEM_NUTRICIONISTA,169.9
364,COM_NUTRICIONISTA,715.84
365,COM_NUTRICIONISTA,5731.77
366,COM_NUTRICIONISTA,3321.04
367,COM_NUTRICIONISTA,973.9
368,COM_NUTRICIONISTA,5570.6
369,COM_NUTRICIONISTA,4892.24
369,SEM_NUTRICIONISTA,119.9
37,COM_NUTRICIONISTA,13744.02
371,COM_NUTRICIONISTA,1474.11
372,COM_NUTRICIONISTA,1274.4
373,COM_NUTRICIONISTA,22477.3
373,SEM_NUTRICIONISTA,129.9
374,COM_NUTRICIONISTA,6775.68
375,COM_NUTRICIONISTA,99053.88
375,SEM_NUTRICIONISTA,459.98
376,COM_NUTRICIONISTA,21210.14
376,SEM_NUTRICIONISTA,178.99
377,COM_NUTRICIONISTA,10549.46
378,COM_NUTRICIONISTA,3848.43
378,SEM_NUTRICIONISTA,46.9
379,COM_NUTRICIONISTA,5339.8
38,COM_NUTRICIONISTA,9691.98
380,COM_NUTRICIONISTA,707.7
381,COM_NUTRICIONISTA,10405.6
382,COM_NUTRICIONISTA,14614.65
383,COM_NUTRICIONISTA,2533.0
384,COM_NUTRICIONISTA,1810.35
385,COM_NUTRICIONISTA,3083.57
386,COM_NUTRICIONISTA,3476.08
387,COM_NUTRICIONISTA,44.25
388,COM_NUTRICIONISTA,14118.35
389,COM_NUTRICIONISTA,368.26
39,COM_NUTRICIONISTA,8580.18
390,COM_NUTRICIONISTA,26151.69
391,COM_NUTRICIONISTA,3508.58
392,COM_NUTRICIONISTA,49.3
393,COM_NUTRICIONISTA,4435.76
394,COM_NUTRICIONISTA,17829.49
395,COM_NUTRICIONISTA,12453.09
396,COM_NUTRICIONISTA,19076.96
397,COM_NUTRICIONISTA,27768.48
397,SEM_NUTRICIONISTA,58.9
398,COM_NUTRICIONISTA,3631.85
399,COM_NUTRICIONISTA,19791.35
399,SEM_NUTRICIONISTA,139.8
4,COM_NUTRICIONISTA,41139.49
40,COM_NUTRICIONISTA,29481.86
400,COM_NUTRICIONISTA,2779.48
401,COM_NUTRICIONISTA,11402.87
401,SEM_NUTRICIONISTA,64.9
402,COM_NUTRICIONISTA,38152.64
402,SEM_NUTRICIONISTA,199.98
403,COM_NUTRICIONISTA,1344.78
404,COM_NUTRICIONISTA,5295.06
405,COM_NUTRICIONISTA,2180.65
406,COM_NUTRICIONISTA,4154.37
407,COM_NUTRICIONISTA,13919.29
408,COM_NUTRICIONISTA,1041.5
409,COM_NUTRICIONISTA,8677.17
41,COM_NUTRICIONISTA,40702.96
410,COM_NUTRICIONISTA,9294.66
411,COM_NUTRICIONISTA,2194.97
412,COM_NUTRICIONISTA,5568.15
413,COM_NUTRICIONISTA,1724.77
414,COM_NUTRICIONISTA,326.4
415,COM_NUTRICIONISTA,326.4
416,COM_NUTRICIONISTA,5434.88
417,COM_NUTRICIONISTA,1307.35
418,COM_NUTRICIONISTA,1551.5
419,COM_NUTRICIONISTA,3711.65
420,COM_NUTRICIONISTA,2079.79
421,COM_NUTRICIONISTA,17523.46
422,COM_NUTRICIONISTA,10326.51
423,COM_NUTRICIONISTA,7106.35
424,COM_NUTRICIONISTA,9131.81
424,SEM_NUTRICIONISTA,99.9
425,COM_NUTRICIONISTA,448.0
426,COM_NUTRICIONISTA,3892.87
427,COM_NUTRICIONISTA,10873.24
428,COM_NUTRICIONISTA,5125.8
429,COM_NUTRICIONISTA,425.9
43,COM_NUTRICIONISTA,221.34
430,COM_NUTRICIONISTA,326.4
431,COM_NUTRICIONISTA,2265.28
432,COM_NUTRICIONISTA,1202.98
433,COM_NUTRICIONISTA,41410.05
433,SEM_NUTRICIONISTA,75.99
434,COM_NUTRICIONISTA,118058.6
434,SEM_NUTRICIONISTA,516.97
435,COM_NUTRICIONISTA,653.89
436,COM_NUTRICIONISTA,1316.45
437,COM_NUTRICIONISTA,3477.3
438,COM_NUTRICIONISTA,3375.83
439,COM_NUTRICIONISTA,38185.9
44,COM_NUTRICIONISTA,32008.7
44,SEM_NUTRICIONISTA,359.8
440,COM_NUTRICIONISTA,2709.64
441,COM_NUTRICIONISTA,1876.75
442,COM_NUTRICIONISTA,3667.8
443,COM_NUTRICIONISTA,2732.02
444,COM_NUTRICIONISTA,5066.98
445,COM_NUTRICIONISTA,3096.53
445,SEM_NUTRICIONISTA,94.9
446,COM_NUTRICIONISTA,1455.9
447,COM_NUTRICIONISTA,5342.54
448,COM_NUTRICIONISTA,41716.71
448,SEM_NUTRICIONISTA,314.97
449,COM_NUTRICIONISTA,6241.41
45,COM_NUTRICIONISTA,348.14
450,COM_NUTRICIONISTA,44155.86
450,SEM_NUTRICIONISTA,219.9
451,COM_NUTRICIONISTA,12499.66
452,COM_NUTRICIONISTA,3073.03
453,COM_NUTRICIONISTA,48754.79
453,SEM_NUTRICIONISTA,164.99
454,COM_NUTRICIONISTA,10519.73
455,COM_NUTRICIONISTA,17485.03
456,COM_NUTRICIONISTA,23745.78
456,SEM_NUTRICIONISTA,179.99
457,COM_NUTRICIONISTA,35352.58
458,COM_NUTRICIONISTA,2456.06
459,COM_NUTRICIONISTA,6293.92
46,COM_NUTRICIONISTA,469.42
460,COM_NUTRICIONISTA,813.35
461,COM_NUTRICIONISTA,1652.21
462,COM_NUTRICIONISTA,1587.54
463,COM_NUTRICIONISTA,3236.11
464,COM_NUTRICIONISTA,3488.03
465,COM_NUTRICIONISTA,16802.46
466,COM_NUTRICIONISTA,270.62
467,COM_NUTRICIONISTA,991.36
468,COM_NUTRICIONISTA,910.78
469,COM_NUTRICIONISTA,425.04
47,COM_NUTRICIONISTA,736.0
470,COM_NUTRICIONISTA,577.93
471,COM_NUTRICIONISTA,590.99
472,COM_NUTRICIONISTA,44.38
474,COM_NUTRICIONISTA,16630.47
475,COM_NUTRICIONISTA,809.87
476,COM_NUTRICIONISTA,939.42
477,COM_NUTRICIONISTA,285.6
480,COM_NUTRICIONISTA,10130.45
480,SEM_NUTRICIONISTA,149.9
481,COM_NUTRICIONISTA,5319.61
482,COM_NUTRICIONISTA,3133.14
483,COM_NUTRICIONISTA,2470.62
484,COM_NUTRICIONISTA,4030.23
485,COM_NUTRICIONISTA,1708.71
486,COM_NUTRICIONISTA,116277.19
486,SEM_NUTRICIONISTA,978.97
487,COM_NUTRICIONISTA,2677.2
5,COM_NUTRICIONISTA,29658.47
5,SEM_NUTRICIONISTA,349.9
50,COM_NUTRICIONISTA,7180.76
500,COM_NUTRICIONISTA,1028.4
501,COM_NUTRICIONISTA,249.54
502,COM_NUTRICIONISTA,124.77
503,COM_NUTRICIONISTA,374.31
504,COM_NUTRICIONISTA,534.21
505,COM_NUTRICIONISTA,374.31
506,COM_NUTRICIONISTA,249.54
51,COM_NUTRICIONISTA,2722.77
518,COM_NUTRICIONISTA,3464.24
519,COM_NUTRICIONISTA,23007.26
519,SEM_NUTRICIONISTA,219.9
52,COM_NUTRICIONISTA,5347.8
520,COM_NUTRICIONISTA,37043.07
521,COM_NUTRICIONISTA,41353.27
522,COM_NUTRICIONISTA,8380.42
523,COM_NUTRICIONISTA,35969.75
524,COM_NUTRICIONISTA,369.31
525,COM_NUTRICIONISTA,356.59
526,COM_NUTRICIONISTA,297.36
527,COM_NUTRICIONISTA,623.81
528,COM_NUTRICIONISTA,3754.58
529,COM_NUTRICIONISTA,1068.84
53,COM_NUTRICIONISTA,1280.15
530,COM_NUTRICIONISTA,365.22
531,COM_NUTRICIONISTA,5983.7
533,COM_NUTRICIONISTA,1258.5
534,COM_NUTRICIONISTA,34625.61
536,COM_NUTRICIONISTA,1421.81
537,COM_NUTRICIONISTA,3069.51
538,COM_NUTRICIONISTA,3308.4
54,COM_NUTRICIONISTA,32479.4
54,SEM_NUTRICIONISTA,79.9
540,COM_NUTRICIONISTA,152.7
541,COM_NUTRICIONISTA,157.46
542,COM_NUTRICIONISTA,185.71
544,COM_NUTRICIONISTA,1884.25
546,COM_NUTRICIONISTA,18128.91
547,COM_NUTRICIONISTA,489.87
548,COM_NUTRICIONISTA,596.47
549,COM_NUTRICIONISTA,5578.51
55,COM_NUTRICIONISTA,3345.74
550,COM_NUTRICIONISTA,6228.76
551,COM_NUTRICIONISTA,98.78
552,COM_NUTRICIONISTA,425.02
554,COM_NUTRICIONISTA,158.44
555,COM_NUTRICIONISTA,60.58
557,COM_NUTRICIONISTA,103.85
558,COM_NUTRICIONISTA,12858.22
558,SEM_NUTRICIONISTA,69.9
559,COM_NUTRICIONISTA,8630.58
56,COM_NUTRICIONISTA,4688.11
57,COM_NUTRICIONISTA,1139.7
58,COM_NUTRICIONISTA,9214.08
587,COM_NUTRICIONISTA,8428.25
587,SEM_NUTRICIONISTA,329.98
588,COM_NUTRICIONISTA,11237.82
589,COM_NUTRICIONISTA,21269.59
59,COM_NUTRICIONISTA,2515.76
590,COM_NUTRICIONISTA,429.25
591,COM_NUTRICIONISTA,995.33
592,COM_NUTRICIONISTA,8647.64
592,SEM_NUTRICIONISTA,69.9
593,COM_NUTRICIONISTA,260.96
597,COM_NUTRICIONISTA,507.0
598,COM_NUTRICIONISTA,6516.33
598,SEM_NUTRICIONISTA,114.9
599,COM_NUTRICIONISTA,11801.88
6,COM_NUTRICIONISTA,26038.52
6,SEM_NUTRICIONISTA,349.9
60,COM_NUTRICIONISTA,18180.91
600,COM_NUTRICIONISTA,132.08
602,COM_NUTRICIONISTA,543.5
604,COM_NUTRICIONISTA,181.44
605,COM_NUTRICIONISTA,272.16
606,COM_NUTRICIONISTA,60.31
607,COM_NUTRICIONISTA,301.55
608,COM_NUTRICIONISTA,60.31
609,COM_NUTRICIONISTA,29.84
61,COM_NUTRICIONISTA,547.4
610,COM_NUTRICIONISTA,153.65
611,COM_NUTRICIONISTA,161.38
613,COM_NUTRICIONISTA,16863.16
613,SEM_NUTRICIONISTA,419.7
614,COM_NUTRICIONISTA,5128.51
614,SEM_NUTRICIONISTA,34.9
615,COM_NUTRICIONISTA,8230.91
615,SEM_NUTRICIONISTA,49.9
616,COM_NUTRICIONISTA,5593.76
617,COM_NUTRICIONISTA,8274.24
618,COM_NUTRICIONISTA,784.59
619,COM_NUTRICIONISTA,4138.42
620,COM_NUTRICIONISTA,7674.93
621,COM_NUTRICIONISTA,872.39
622,COM_NUTRICIONISTA,109.42
623,COM_NUTRICIONISTA,7560.3
624,COM_NUTRICIONISTA,667.88
625,COM_NUTRICIONISTA,6009.21
626,COM_NUTRICIONISTA,6539.71
627,COM_NUTRICIONISTA,2801.4
628,COM_NUTRICIONISTA,2105.49
629,COM_NUTRICIONISTA,1306.6
63,COM_NUTRICIONISTA,648.64
630,COM_NUTRICIONISTA,1860.04
631,COM_NUTRICIONISTA,607.11
632,COM_NUTRICIONISTA,1838.56
633,COM_NUTRICIONISTA,15910.98
634,COM_NUTRICIONISTA,38708.39
634,SEM_NUTRICIONISTA,353.98
635,COM_NUTRICIONISTA,39882.11
635,SEM_NUTRICIONISTA,279.8
636,COM_NUTRICIONISTA,64.02
637,COM_NUTRICIONISTA,192.06
638,COM_NUTRICIONISTA,5862.3
639,COM_NUTRICIONISTA,144.42
64,COM_NUTRICIONISTA,279.64
644,COM_NUTRICIONISTA,73.72
645,COM_NUTRICIONISTA,1571.42
646,COM_NUTRICIONISTA,785.92
647,COM_NUTRICIONISTA,5591.83
648,COM_NUTRICIONISTA,1582.71
649,COM_NUTRICIONISTA,1841.85
65,COM_NUTRICIONISTA,282.2
650,COM_NUTRICIONISTA,1849.85
651,COM_NUTRICIONISTA,12008.48
652,COM_NUTRICIONISTA,16442.25
657,COM_NUTRICIONISTA,11436.1
658,COM_NUTRICIONISTA,7473.75
659,COM_NUTRICIONISTA,22853.76
660,COM_NUTRICIONISTA,303.62
661,COM_NUTRICIONISTA,950.58
662,COM_NUTRICIONISTA,8428.5
662,SEM_NUTRICIONISTA,69.9
663,COM_NUTRICIONISTA,4366.01
664,COM_NUTRICIONISTA,560.15
665,COM_NUTRICIONISTA,140.34
666,COM_NUTRICIONISTA,175.0
667,COM_NUTRICIONISTA,1117.12
668,COM_NUTRICIONISTA,307.14
669,COM_NUTRICIONISTA,100.29
67,COM_NUTRICIONISTA,28174.79
67,SEM_NUTRICIONISTA,567.98
672,COM_NUTRICIONISTA,100.29
673,COM_NUTRICIONISTA,73.88
677,COM_NUTRICIONISTA,121.16
679,COM_NUTRICIONISTA,2134.27
68,COM_NUTRICIONISTA,175380.0
68,SEM_NUTRICIONISTA,576.96
680,COM_NUTRICIONISTA,2307.38
681,COM_NUTRICIONISTA,11674.69
682,COM_NUTRICIONISTA,1819.9
683,COM_NUTRICIONISTA,1006.17
684,COM_NUTRICIONISTA,990.05
685,COM_NUTRICIONISTA,37573.65
685,SEM_NUTRICIONISTA,251.78
686,COM_NUTRICIONISTA,991.31
686,SEM_NUTRICIONISTA,109.8
687,COM_NUTRICIONISTA,9007.89
688,COM_NUTRICIONISTA,5309.83
689,COM_NUTRICIONISTA,2472.78
69,COM_NUTRICIONISTA,33396.54
690,COM_NUTRICIONISTA,5603.98
690,SEM_NUTRICIONISTA,119.7
691,COM_NUTRICIONISTA,6980.67
692,COM_NUTRICIONISTA,16230.22
693,COM_NUTRICIONISTA,1650.32
694,COM_NUTRICIONISTA,2407.44
695,COM_NUTRICIONISTA,2506.02
696,COM_NUTRICIONISTA,2843.04
697,COM_NUTRICIONISTA,8397.15
698,COM_NUTRICIONISTA,5149.2
699,COM_NUTRICIONISTA,2787.4
7,COM_NUTRICIONISTA,4775.8
70,COM_NUTRICIONISTA,3341.7
700,COM_NUTRICIONISTA,5944.26
701,COM_NUTRICIONISTA,246.76
702,COM_NUTRICIONISTA,593.7
703,COM_NUTRICIONISTA,778.55
704,COM_NUTRICIONISTA,23131.86
705,COM_NUTRICIONISTA,2487.54
706,COM_NUTRICIONISTA,8258.78
707,COM_NUTRICIONISTA,2290.98
708,COM_NUTRICIONISTA,1889.8
709,COM_NUTRICIONISTA,5922.47
71,COM_NUTRICIONISTA,77272.0
71,SEM_NUTRICIONISTA,664.83
710,COM_NUTRICIONISTA,669.24
711,COM_NUTRICIONISTA,17968.53
711,SEM_NUTRICIONISTA,139.8
712,COM_NUTRICIONISTA,3212.93
713,COM_NUTRICIONISTA,2902.85
714,COM_NUTRICIONISTA,2310.28
715,COM_NUTRICIONISTA,2496.48
72,COM_NUTRICIONISTA,50716.18
72,SEM_NUTRICIONISTA,219.8
726,COM_NUTRICIONISTA,2114.92
727,COM_NUTRICIONISTA,40.22
728,COM_NUTRICIONISTA,60.33
729,COM_NUTRICIONISTA,38.9
73,COM_NUTRICIONISTA,41876.05
730,COM_NUTRICIONISTA,264.45
731,COM_NUTRICIONISTA,88.25
737,COM_NUTRICIONISTA,496.26
739,COM_NUTRICIONISTA,111.72
74,COM_NUTRICIONISTA,28365.57
74,SEM_NUTRICIONISTA,851.97
741,COM_NUTRICIONISTA,441.48
742,COM_NUTRICIONISTA,735.8
743,COM_NUTRICIONISTA,236.94
745,COM_NUTRICIONISTA,176.49
746,COM_NUTRICIONISTA,426.35
747,COM_NUTRICIONISTA,32.9
748,COM_NUTRICIONISTA,168.5
749,COM_NUTRICIONISTA,27.12
75,COM_NUTRICIONISTA,11712.36
750,COM_NUTRICIONISTA,181.51
751,COM_NUTRICIONISTA,280.21
752,COM_NUTRICIONISTA,330.02
753,COM_NUTRICIONISTA,756.26
753,SEM_NUTRICIONISTA,29.9
754,COM_NUTRICIONISTA,778.62
754,SEM_NUTRICIONISTA,18.89
755,COM_NUTRICIONISTA,283.21
756,COM_NUTRICIONISTA,2143.56
757,COM_NUTRICIONISTA,35.67
758,COM_NUTRICIONISTA,488.84
759,COM_NUTRICIONISTA,400.4
76,COM_NUTRICIONISTA,23142.71
760,COM_NUTRICIONISTA,1431.91
761,COM_NUTRICIONISTA,481.34
762,COM_NUTRICIONISTA,190.71
763,COM_NUTRICIONISTA,1394.4
764,COM_NUTRICIONISTA,789.52
765,COM_NUTRICIONISTA,384.0
767,COM_NUTRICIONISTA,269.16
769,COM_NUTRICIONISTA,217.43
77,COM_NUTRICIONISTA,32104.76
770,COM_NUTRICIONISTA,30.48
772,COM_NUTRICIONISTA,1437.29
773,COM_NUTRICIONISTA,191.17
774,COM_NUTRICIONISTA,347.83
775,COM_NUTRICIONISTA,147.3
776,COM_NUTRICIONISTA,47.57
778,COM_NUTRICIONISTA,85.92
779,COM_NUTRICIONISTA,37.74
78,COM_NUTRICIONISTA,2869.5
780,COM_NUTRICIONISTA,228.24
781,COM_NUTRICIONISTA,8720.19
781,SEM_NUTRICIONISTA,104.9
782,COM_NUTRICIONISTA,8022.26
783,COM_NUTRICIONISTA,3732.25
784,COM_NUTRICIONISTA,1384.64
785,COM_NUTRICIONISTA,738.65
786,COM_NUTRICIONISTA,761.45
787,COM_NUTRICIONISTA,509.88
788,COM_NUTRICIONISTA,46.74
789,COM_NUTRICIONISTA,135.99
79,COM_NUTRICIONISTA,18687.36
790,COM_NUTRICIONISTA,197.7
791,COM_NUTRICIONISTA,271.98
792,COM_NUTRICIONISTA,452.08
793,COM_NUTRICIONISTA,425.36
794,COM_NUTRICIONISTA,3590.66
794,SEM_NUTRICIONISTA,147.6
795,COM_NUTRICIONISTA,2307.62
796,COM_NUTRICIONISTA,642.94
797,COM_NUTRICIONISTA,27.97
798,COM_NUTRICIONISTA,130.08
799,COM_NUTRICIONISTA,54.12
8,COM_NUTRICIONISTA,9551.38
80,COM_NUTRICIONISTA,1387.63
800,COM_NUTRICIONISTA,5732.92
800,SEM_NUTRICIONISTA,114.9
801,COM_NUTRICIONISTA,5226.78
802,COM_NUTRICIONISTA,1458.78
803,COM_NUTRICIONISTA,377.04
804,COM_NUTRICIONISTA,1142.26
805,COM_NUTRICIONISTA,1101.54
806,COM_NUTRICIONISTA,1440.14
807,COM_NUTRICIONISTA,2531.7
807,SEM_NUTRICIONISTA,46.9
808,COM_NUTRICIONISTA,23.76
809,COM_NUTRICIONISTA,73.02
81,COM_NUTRICIONISTA,337.9
810,COM_NUTRICIONISTA,496.96
810,SEM_NUTRICIONISTA,99.8
811,COM_NUTRICIONISTA,2745.68
813,COM_NUTRICIONISTA,163.52
814,COM_NUTRICIONISTA,300.88
816,COM_NUTRICIONISTA,158.49
817,COM_NUTRICIONISTA,61.79
818,COM_NUTRICIONISTA,4794.73
819,COM_NUTRICIONISTA,84.25
82,COM_NUTRICIONISTA,7876.18
82,SEM_NUTRICIONISTA,153.98
820,COM_NUTRICIONISTA,518.37
821,COM_NUTRICIONISTA,245.4
821,SEM_NUTRICIONISTA,11.98
822,COM_NUTRICIONISTA,1408.5
822,SEM_NUTRICIONISTA,69.9
823,COM_NUTRICIONISTA,232.4
823,SEM_NUTRICIONISTA,12.89
824,COM_NUTRICIONISTA,771.9
825,COM_NUTRICIONISTA,2951.3
826,COM_NUTRICIONISTA,23.72
827,COM_NUTRICIONISTA,23.38
829,COM_NUTRICIONISTA,115.42
83,COM_NUTRICIONISTA,12448.71
830,COM_NUTRICIONISTA,92.02
831,COM_NUTRICIONISTA,58.5
832,COM_NUTRICIONISTA,39.0
833,COM_NUTRICIONISTA,513.3
834,COM_NUTRICIONISTA,203.1
835,COM_NUTRICIONISTA,459.99
835,SEM_NUTRICIONISTA,4.9
836,COM_NUTRICIONISTA,221.08
837,COM_NUTRICIONISTA,198.29
837,SEM_NUTRICIONISTA,4.9
838,COM_NUTRICIONISTA,314.34
839,COM_NUTRICIONISTA,218.25
84,COM_NUTRICIONISTA,17429.87
840,COM_NUTRICIONISTA,34.34
841,COM_NUTRICIONISTA,146.62
842,COM_NUTRICIONISTA,9.38
843,COM_NUTRICIONISTA,37.52
844,COM_NUTRICIONISTA,179.82
844,SEM_NUTRICIONISTA,8.9
845,COM_NUTRICIONISTA,68.04
846,COM_NUTRICIONISTA,203.1
847,COM_NUTRICIONISTA,95.81
848,COM_NUTRICIONISTA,106.48
849,COM_NUTRICIONISTA,43.1
85,COM_NUTRICIONISTA,14105.61
850,COM_NUTRICIONISTA,43.1
851,COM_NUTRICIONISTA,138.64
851,SEM_NUTRICIONISTA,4.9
852,COM_NUTRICIONISTA,734.9
853,COM_NUTRICIONISTA,347.9
854,COM_NUTRICIONISTA,1512.09
855,COM_NUTRICIONISTA,635.44
855,SEM_NUTRICIONISTA,29.8
856,COM_NUTRICIONISTA,432.4
857,COM_NUTRICIONISTA,342.58
858,COM_NUTRICIONISTA,6923.09
859,COM_NUTRICIONISTA,7857.01
859,SEM_NUTRICIONISTA,339.8
86,COM_NUTRICIONISTA,17253.52
86,SEM_NUTRICIONISTA,845.97
860,COM_NUTRICIONISTA,19691.32
860,SEM_NUTRICIONISTA,169.9
861,COM_NUTRICIONISTA,48540.3
862,COM_NUTRICIONISTA,11325.94
863,COM_NUTRICIONISTA,305.73
864,COM_NUTRICIONISTA,317.51
865,COM_NUTRICIONISTA,313.23
866,COM_NUTRICIONISTA,90.21
867,COM_NUTRICIONISTA,1014.25
868,COM_NUTRICIONISTA,426.96
869,COM_NUTRICIONISTA,930.26
87,COM_NUTRICIONISTA,12217.6
870,COM_NUTRICIONISTA,294.34
870,SEM_NUTRICIONISTA,8.9
871,COM_NUTRICIONISTA,9340.29
871,SEM_NUTRICIONISTA,444.95
872,COM_NUTRICIONISTA,259.94
873,COM_NUTRICIONISTA,78.43
874,COM_NUTRICIONISTA,251.76
876,COM_NUTRICIONISTA,340.35
877,COM_NUTRICIONISTA,448.97
878,COM_NUTRICIONISTA,2984.54
879,COM_NUTRICIONISTA,1057.2
88,COM_NUTRICIONISTA,5697.49
880,COM_NUTRICIONISTA,255.0
881,COM_NUTRICIONISTA,662.3
882,COM_NUTRICIONISTA,481.78
884,COM_NUTRICIONISTA,481.78
886,COM_NUTRICIONISTA,29.75
887,COM_NUTRICIONISTA,404.86
888,COM_NUTRICIONISTA,31.37
889,COM_NUTRICIONISTA,250.29
89,COM_NUTRICIONISTA,10366.39
890,COM_NUTRICIONISTA,257.29
891,COM_NUTRICIONISTA,22.68
892,COM_NUTRICIONISTA,478.9
893,COM_NUTRICIONISTA,323.27
894,COM_NUTRICIONISTA,411.24
895,COM_NUTRICIONISTA,36.29
896,COM_NUTRICIONISTA,169.31
897,COM_NUTRICIONISTA,29.8
898,COM_NUTRICIONISTA,1049.44
899,COM_NUTRICIONISTA,2668.74
9,COM_NUTRICIONISTA,2956.38
90,COM_NUTRICIONISTA,765.85
900,COM_NUTRICIONISTA,3698.92
900,SEM_NUTRICIONISTA,27.8
901,COM_NUTRICIONISTA,3939.62
901,SEM_NUTRICIONISTA,166.8
902,COM_NUTRICIONISTA,10071.59
903,COM_NUTRICIONISTA,297.5
904,COM_NUTRICIONISTA,268.2
905,COM_NUTRICIONISTA,6106.2
906,COM_NUTRICIONISTA,6765.1
906,SEM_NUTRICIONISTA,79.9
907,COM_NUTRICIONISTA,7010.33
908,COM_NUTRICIONISTA,9517.38
908,SEM_NUTRICIONISTA,69.9
909,COM_NUTRICIONISTA,1304.08
91,COM_NUTRICIONISTA,4917.98
910,COM_NUTRICIONISTA,8700.59
911,COM_NUTRICIONISTA,2969.92
912,COM_NUTRICIONISTA,82.11
913,COM_NUTRICIONISTA,127.84
914,COM_NUTRICIONISTA,9342.13
915,COM_NUTRICIONISTA,12308.38
916,COM_NUTRICIONISTA,3495.36
917,COM_NUTRICIONISTA,6634.89
918,COM_NUTRICIONISTA,1483.51
919,COM_NUTRICIONISTA,1759.12
92,COM_NUTRICIONISTA,1421.99
920,COM_NUTRICIONISTA,895.05
921,COM_NUTRICIONISTA,422.4
922,COM_NUTRICIONISTA,1241.63
923,COM_NUTRICIONISTA,336.16
924,COM_NUTRICIONISTA,384.0
925,COM_NUTRICIONISTA,30765.82
926,COM_NUTRICIONISTA,16043.52
927,COM_NUTRICIONISTA,3586.99
929,COM_NUTRICIONISTA,272.36
930,COM_NUTRICIONISTA,3340.18
931,COM_NUTRICIONISTA,722.44
931,SEM_NUTRICIONISTA,139.9
932,COM_NUTRICIONISTA,11729.59
933,COM_NUTRICIONISTA,1288.11
935,COM_NUTRICIONISTA,52887.81
935,SEM_NUTRICIONISTA,667.88
936,COM_NUTRICIONISTA,127503.09
936,SEM_NUTRICIONISTA,1532.93
937,COM_NUTRICIONISTA,30873.18
937,SEM_NUTRICIONISTA,437.98
938,COM_NUTRICIONISTA,103728.04
938,SEM_NUTRICIONISTA,897.78
939,COM_NUTRICIONISTA,61257.43
939,SEM_NUTRICIONISTA,218.99
940,COM_NUTRICIONISTA,120928.39
940,SEM_NUTRICIONISTA,1138.59
941,COM_NUTRICIONISTA,128559.21
941,SEM_NUTRICIONISTA,349.9
942,COM_NUTRICIONISTA,32439.34
943,COM_NUTRICIONISTA,78113.22
944,COM_NUTRICIONISTA,41642.16
945,COM_NUTRICIONISTA,14188.05
946,COM_NUTRICIONISTA,15462.51
946,SEM_NUTRICIONISTA,299.89
947,COM_NUTRICIONISTA,7934.82
948,COM_NUTRICIONISTA,11106.06
949,COM_NUTRICIONISTA,725.73
95,COM_NUTRICIONISTA,324.36
950,COM_NUTRICIONISTA,4964.84
951,COM_NUTRICIONISTA,532.17
952,COM_NUTRICIONISTA,2288.34
953,COM_NUTRICIONISTA,178.77
954,COM_NUTRICIONISTA,228.32
955,COM_NUTRICIONISTA,605.15
956,COM_NUTRICIONISTA,1677.8
957,COM_NUTRICIONISTA,2038.2
958,COM_NUTRICIONISTA,124.28
959,COM_NUTRICIONISTA,103.02
96,COM_NUTRICIONISTA,459.51
961,COM_NUTRICIONISTA,506.6
962,COM_NUTRICIONISTA,759.9
963,COM_NUTRICIONISTA,126.65
964,COM_NUTRICIONISTA,253.3
965,COM_NUTRICIONISTA,379.95
966,COM_NUTRICIONISTA,253.3
969,COM_NUTRICIONISTA,201.74
97,COM_NUTRICIONISTA,449.44
970,COM_NUTRICIONISTA,100.87
971,COM_NUTRICIONISTA,308.26
972,COM_NUTRICIONISTA,127.8
973,COM_NUTRICIONISTA,161.31
974,COM_NUTRICIONISTA,216.43
975,COM_NUTRICIONISTA,139.08
976,COM_NUTRICIONISTA,161.36
978,COM_NUTRICIONISTA,3944.95
979,COM_NUTRICIONISTA,1564.18
980,COM_NUTRICIONISTA,1896.52
981,COM_NUTRICIONISTA,3273.79
983,COM_NUTRICIONISTA,7962.59
984,COM_NUTRICIONISTA,2397.85
985,COM_NUTRICIONISTA,479.6
986,COM_NUTRICIONISTA,1263.96
986,SEM_NUTRICIONISTA,13.9
987,COM_NUTRICIONISTA,22811.47
988,COM_NUTRICIONISTA,951.6
989,COM_NUTRICIONISTA,1313.06
99,COM_NUTRICIONISTA,437.57
990,COM_NUTRICIONISTA,2347.32
991,COM_NUTRICIONISTA,17099.9
991,SEM_NUTRICIONISTA,184.9
992,COM_NUTRICIONISTA,1377.61
992,SEM_NUTRICIONISTA,34.9
993,COM_NUTRICIONISTA,2742.64
994,COM_NUTRICIONISTA,3675.81
995,COM_NUTRICIONISTA,6770.43
995,SEM_NUTRICIONISTA,119.8
996,COM_NUTRICIONISTA,616.02
997,COM_NUTRICIONISTA,107.94
998,COM_NUTRICIONISTA,198.7
999,COM_NUTRICIONISTA,10635.56
