tabela,column_name,data_type
pedidos,id,INT64
pedidos,id_usuario,INT64
pedidos,id_nutricionista,INT64
pedidos,id_paciente,INT64
pedidos,id_empresa,INT64
pedidos,id_cupom,INT64
pedidos,id_logistica,INT64
pedidos,numero,INT64
pedidos,nome,STRING
pedidos,email,STRING
pedidos,cpf,STRING
pedidos,telefone,STRING
pedidos,data_atualizacao,STRING
pedidos,metodo,STRING
pedidos,endereco,STRING
pedidos,frete,STRING
pedidos,produtos,STRING
pedidos,status,STRING
pedidos,detalhes_descontos,STRING
pedidos,valor,STRING
pedidos,valor_frete,INT64
pedidos,valor_subtotal,INT64
pedidos,valor_desconto,INT64
pedidos,payload,STRING
pedidos,data,TIMESTAMP
pedidos,estado,STRING
pedidos,origem_compra,STRING
pedidos,_update,TIMESTAMP
pedidos,codigo_rastreio,STRING
pedidos,omie_codigo_pedido,STRING
pedidos,omie_codigo_cliente,STRING
pedidos,omie_sync_status,STRING
pedidos,nfe_status,STRING
pedidos,nfe_numero,STRING
pedidos,nfe_chave,STRING
itens,id_pedido,INT64
itens,id_produto,INT64
itens,unidades,INT64
itens,preco_unitario,NUMERIC
itens,preco_cheio,NUMERIC
itens,preco_total,NUMERIC
itens,origem_produto,STRING
itens,destino_produto,STRING
itens,tem_snapshot_item,BOOL
itens,data_pedido,TIMESTAMP
itens,pedido_date,DATE
itens,data_atualizacao,TIMESTAMP
produtos,id,INT64
produtos,ean,STRING
produtos,nome,STRING
produtos,id_seller,INT64
produtos,id_marca,INT64
produtos,marca,STRING
produtos,sabor,STRING
produtos,peso,STRING
produtos,preco_atual,FLOAT64
produtos,preco_original,FLOAT64
produtos,preco_custo,FLOAT64
produtos,ativo,BOOL
produtos,disponivel,BOOL
produtos,estado,STRING
produtos,origem_padrao,STRING
produtos,sku,STRING
produtos,ncm,STRING
produtos,omie_codigo_produto,STRING
produtos,validado,BOOL
produtos,foto,STRING
produtos,infonutri,STRING
produtos,data_cadastro,TIMESTAMP
produtos,data_atualizacao,TIMESTAMP
produtos,data_descontinuado,TIMESTAMP
